,Aglaspidichnus,Alcyonidiopsis,Alectorurus,Altichnus,Amanitichnus,Ancorichnus,Arachnostega,Archaeonassa,Arenicolites,Arenituba,Arthrophycus,Artichnus,Astacimorphichnus,Asterosoma,Asthenopodichnium,Astropolichnus,Atollites,Attaichnus,Augerinoichnus,Avetoichnus,Balanoglossites,Bathichnus,Beaconites,Belorhaphe,Bergaueria,Bichordites,Biformites,Bifungites,Bolonia,Bornichnus,Brooksella,Calceoformites,Camborygma,Capodistria,Cardioichnus,Castrichnus,Catenichnus,Chagrinichnites,Chondrites,Circulichnis,Cladichnus,Climactichnites,Cochlichnus,Compaginatichnus,Conichnus,Conostichus,Coprinisphaera,Cornulatichnus,Cosmorhaphe,Cruziana,Ctenopholeus,Curvolithus,Cylindrichnus,Cylindricum,Dactyloidites,Dactylophycus,Daedalus,Daimonelix,Daimoniobarax,Dendrotichnium,Desmograpton,Dictyodora,Didymaulichnus,Didymaulyponomos,Dimorphichnus,Diplichnites,Diplocraterion,Dolopichnus,Dreginozoum,Echinospira,Edaphichnium,Ellipsoideichnus,Entradichnus,Ereipichnus,Estrellichnus,Fictovichnus,Fontanai,Fucusopsis,Fuersichnus,Furculosus,Furnasichnus,Glockerichnus,Gyrochorte,Gyrolithes,Gyrophyllites,Haentzschelinia,Halimedides,Halopoa,Hartsellea,Heimdallia,Helicodromites,Helicolithus,Helminthopsis,Helminthorhaphe,Hillichnus,Hormosiroidea,Hydrancylus,Ilmenichnus,Imponoglyphus,Isopodichnus,Jamesonichnites,Katarrhedrites,Katbergia,Keilorites,Kladosystemites,Kulindrichnus,Labyrintichnus,Laevicyclus,Lanicoidichna,Lapispira,Lennea,Lingulichnus,Lockeia,Loloichnus,Lophoctenium,Lorenzinia,Lunulichnus,Macanopsis,Macaronichnus,Mammillichnis,Margaritichnus,Megagrapton,Megaplanolites,Mixoteichichnus,Monesichnus,Monocraterion,Multina,Naktodemasis,Nenoxites,Neonereites,Nereites,Nummipera,Oikobesalon,Oldhamia,Ophiomorpha,Oravaichnium,Osculichnus,Palaeophycus,Paleodictyon,Paleomeandron,Paradictyodora,Parahaentzschelinia,Parataenidium,Parmaichnus,Parowanichnus,Patagonichnus,Pennatulites,Pentichnus,Phoebichnus,Pholeus,Phycodes,Phycosiphon,Phymatoderma,Pilichnus,Piscichnus,Planolites,Platicytes,Polarichnus,Polychoredrites,Polykampton,Polykladichnus,Pramollichnus,Protopaleodictyon,Protovirgularia,Psammichnites,Psilonichnus,Ptychoplasma,Rebuffoichnus,Rhizocorallium,Rosselia,Rusophycus,Rutichnus,Sagittichnus,Saronichnus,Scalarituba,Scalichnus,Scaphichnium,Schaubcylindrichnus,Scolicia,Scoyenia,Sinusichnus,Siphonichnus,Skolichnus,Skolithos,Socialites,Spirodesmos,Spirographites,Spirophycus,Spirophyton,Spirorhaphe,Spongeliomorpha,Steinichnus,Stelloglyphus,Streptichnus,Strobilorhaphe,Syringomorpha,Taenidium,Tasselia,Teichichnus,Teisseirei,Termitichnus,Thalassinoides,Tisoa,Torrowangea,Treptichnus,Trichichnus,Trichophycus,Tuberculichnus,Unisulcus,Urohelminthoida,Vagorichnus,Virgaichnus,Volkichnium,Walpia,Yangziichnus,Zavitokichnus,Zoophycos
Aglaspidichnus,0.0,,,,,,,,,,,,,,,,,,,,,,,,,,,,,,,,,,,,,,,,,,,,,,,,,,,,,,,,,,,,,,,,,,,,,,,,,,,,,,,,,,,,,,,,,,,,,,,,,,,,,,,,,,,,,,,,,,,,,,,,,,,,,,,,,,,,,,,,,,,,,,,,,,,,,,,,,,,,,,,,,,,,,,,,,,,,,,,,,,,,,,,,,,,,,,,,,,,,,,,,,,,,,,,,,,,,,,,,
Alcyonidiopsis,,0.0,,,,,,,,,1.0,,,,,,,,,,1.0,,,3.0,4.0,,,,,,,,,,5.0,,,,1.5,,6.0,,,1.0,,,,,7.0,,,,,,,,,,,,8.0,,,,,,1.0,,,,,,,,,,,,,,,,,,9.0,,,10.0,,,,,0.5,12.0,,,,,,,,,,,,,,13.0,,,,,,,14.0,2.0,,,,,,16.0,,,,,17.0,,,,0.6666666666666666,,,,19.0,,,0.75,1.5,2.0,,,,,,,,,,,22.0,23.0,,,,0.25,,,,,,,,,,,,,3.0,,,25.0,,,,,,,26.0,,,,,,,,,,4.0,,1.0,,,,27.0,,28.0,,0.6666666666666666,,,0.16666666666666666,,,,7.0,,,,0.5,,,,,,,1.1428571428571428
Alectorurus,,,0.0,,,,,,,,,,,,,,,,,,,,,,,,,,,,,,,,,,,,,,,,,,,,,,,,,,,,,,,,,,,,,,,,,,,,,,,,,,,,,,,,,,,,,,,,,,,,,,,,,,,,,,,,,,,,,,,,,,,,,,,,,,,,,,,,,,,,,,,,,,,,,,,,,,,,,,,,,,,,,,,,,,,,,,,,,,,,,,,,,,,,,,,,,,,,,,,,,,,,,,,,,,,,,,,,,,,,,,3.0
Altichnus,,,,0.0,,,,,,,,,,,,,,,,,,,,,,,,,,,,,,,,,,,6.0,,,,,,,,,,,,,,,,,,,,,,,,,,,,1.0,,,,,,,,,,,,,,,,,,,,,,,,,,,,,,,,,,,,,,,,,,,,,,4.0,,,,,,,,,,,,,,,,,,2.0,,,,,,,1.5,,,,,,,,,,,,,,,,,,1.0,,,,,,,,5.0,,,,,,,,,,,,,,,,,,,,2.0,,,,,,,,,,,,,,,,,,,,,,,,,,,,,,,,,3.5
Amanitichnus,,,,,0.0,,,,,,,,,,,,,,,,,,,,,,,,,,,,,,,,,,,,,,,,,,,,,,,,,,,,,,,,,,,,,,,,,,,,,,,,,,,,,,,,,,,,,,,,,,,,,,,,,,,,,,,,,,,,,,,,,,,,,,,,,,,,,,,,,,,,,,,,,,,,,,,,,,,,,,,,,,,,,,,,,,,,,,,,,,,,,,,,,,,2.0,,,,,,,,,,,,,,,,,,,,,,,,,,,,,,,,,
Ancorichnus,,,,,,0.0,,0.5,,,,,,9.0,,,,,,,,,1.0,,,,,,,,,,,,,,,,,,,,,,1.0,,,,,8.0,,3.0,1.0,,,,,,,,,,,,,7.0,5.0,,,,,,,,,,,,,,,,2.0,1.0,,,,,,,,,,,,,,,,,,,,,,,,,,,,,,,,,,,,,,,,,,,,,,,1.0,,,,,,,3.0,8.0,,,,4.0,,,,,,,,,,,,,1.6666666666666667,,,,,,11.0,8.0,,6.0,,,,1.0,0.0,,,,,,,,,,0.2,,,,2.3333333333333335,,,,,,,,2.0,,,,,4.0,,3.0,,,2.0,,,9.0,,,,,,,,,,,,4.0
Arachnostega,,,,,,,0.0,,,,,,,,,,,,,,,,,,11.0,,,,,,,,,,,,,,,,,,10.0,,9.0,,,,,,,8.0,,,,,,,,,,,,,,,,,,,,,,,,,,,,,,,,,,,,,,,,,,,,,,,,,,,,,,,,,,,,,7.0,,,,,,,,,,,,,,,,,,,,,,,,,,,,,,,,,,,,,1.0,6.0,,,,,,,,,,,,,5.0,,,,,4.0,,,,,,,,,,,,,,,,,,,,,,,,,,,,,,,,,3.0,,,,,,,,,,,,,,,
Archaeonassa,,,,,,0.5,,0.0,2.3333333333333335,,1.0,,,1.0,,,,,,,1.0,,0.5,,0.4,,,,,,,,,,,,1.0,,2.0,,,,0.5,,,,,,,0.6,,2.0,5.0,,,,,,,,,,0.25,,2.5,0.3333333333333333,4.5,,,,,,,,,,,,,,,6.0,,3.0,7.0,,,,,,,,2.6666666666666665,,,,,,,,,,,,,,,,,,,7.0,1.0,,,,,5.0,,,,,,,,6.0,,,,,4.0,,,,,,,0.6,1.0,,,,3.0,8.0,,,,,,,5.0,2.0,,,,0.5,,,,,9.0,4.0,1.0,9.0,1.6666666666666667,,,,10.0,7.0,4.0,,,,,,,,,,,,,1.5,,,,,,,,,,,,13.0,3.0,,11.0,,,11.0,,,0.3333333333333333,,3.5,,,,,,,,,,3.5
Arenicolites,,,,,,,,2.3333333333333335,0.0,0.5,0.16666666666666666,0.5,,0.07142857142857142,,,,,,,1.0,,0.3333333333333333,,0.18181818181818182,5.0,,0.25,,,,,,,,,,,0.07692307692307693,3.0,,,0.5714285714285714,,0.4444444444444444,2.5,,,,0.2727272727272727,,3.5,0.08333333333333333,,1.5,6.0,7.0,,,,19.0,,0.25,3.0,,0.75,0.05,,,,,,,,,,,5.0,0.5,,7.0,,0.6,0.3333333333333333,,5.0,,7.0,,2.0,4.0,,0.8571428571428571,3.5,,,,,,,,,9.0,,,,,2.0,11.0,,,1.5,0.08333333333333333,1.0,,23.0,,2.0,0.5,,2.6666666666666665,,,,,0.07692307692307693,,,,9.0,1.8,,,,0.07142857142857142,,,0.02127659574468085,3.0,,,10.0,,0.6666666666666666,,,,,21.0,,0.5263157894736842,1.4,,23.0,1.3333333333333333,0.041666666666666664,,11.0,,,0.0,,,4.666666666666667,5.0,0.5,,,0.21052631578947367,0.6666666666666666,1.0,,2.5,5.0,1.5,,,1.75,0.4,1.0,,0.3333333333333333,,0.011111111111111112,,,,,,,0.3333333333333333,,,,,,0.9,,0.06666666666666667,,,0.022222222222222223,,,3.75,10.0,1.0,,,,,,,,,,2.6666666666666665
Arenituba,,,,,,,,,0.5,0.0,,,,,,,,,,,,,,,,,,,,,,,,,,,,,3.5,,,,0.5,,,,,,,1.0,,,,,,,,,,,,,,,,,3.0,,,,,,,,,,,,,,,,,,,,,,,,,,0.0,,,,,,,,,,,,,,,,,,,,4.0,,,,,,,,,,,,,,,,,,4.0,,,,,,,5.0,,,,,,,,,,,,,,4.0,,,,6.0,,,,,,,,,,,,,,,7.0,,,,,,,,,,,,,8.0,,,,,,,,,,,,,,,9.0,,,,,,,,,,,,,,,,,,2.0
Arthrophycus,,1.0,,,,,,1.0,0.16666666666666666,,0.0,,,1.0,,,,,,,,,,2.0,0.25,,,18.0,,,,,,,4.0,,,,0.16666666666666666,,,,,,3.0,,,,6.0,0.2222222222222222,,,2.6666666666666665,,,,3.0,,,,7.0,2.0,0.8,3.0,4.0,1.0,1.6666666666666667,,,,,,,,,,,,,,10.0,,10.0,2.5,2.0,,,9.0,,4.0,,,5.0,2.5,,,,,,,,,,,,,,12.0,,,,,1.4,,13.0,,,,12.0,,,15.0,,,,2.6666666666666665,16.0,,,,17.0,,,,1.0,,,1.0,23.0,,,,,,,,,,,,2.25,1.0,,,,0.1,,,,,7.0,,,,11.0,,,,2.0,6.5,0.5,24.0,,,,,,,1.3333333333333333,,,,,2.6,,,,,,,,,,,26.0,,3.5,,0.6666666666666666,,,0.3333333333333333,,,,,12.0,,,31.0,,,,,,,2.5
Artichnus,,,,,,,,,0.5,,,0.0,,3.0,,,,,,,,,,,,,,,,,,,,,,,,,,,,,,,2.0,,,,,,,,5.0,,,,,,,,,,,,,,2.0,,,,,,,,,,,,,,,,,6.0,,,,,,,,,,,,,,,,,,,,,,,,,,,,,,,,,,,,,,,,,,,,,,,,,,,,,,1.0,,,,,,,,,,,,,,8.0,,,,2.0,,,,,10.0,,,,,,,,,4.0,,,,,,,,,11.0,,,,,3.0,,,,,,,,,,,,,,,1.0,,,1.0,,,,,,,,,,,,,,,
Astacimorphichnus,,,,,,,,,,,,,0.0,,,,,,,,,,,,,,,,,,,,,,,,,,,,,,,,,,,,,,,,,,,,,,,,,,,,,,,,,,,,,,,,,,,,,,,,,,,,,,,,,,,,,,,,,,,,,,,,,,,,,,,,,,,,,,,,,,,,,,,,,,,,,,,,,,,,,,,,,,,,,,,,,,,,,,,,,,,,,,,,,,,,,,,,,,,,,,,,,,,,,,,,,,,,,,,,,,,,,,,,,,,,
Asterosoma,,,,,,9.0,,1.0,0.07142857142857142,,1.0,3.0,,0.0,,,,,,,,,4.0,,0.1111111111111111,4.0,,,,,,,,,,,,,0.03571428571428571,,,,4.0,,0.42857142857142855,1.5,,,4.0,0.08333333333333333,,8.0,0.047619047619047616,,0.5,5.0,6.0,,,,,,0.6666666666666666,,,3.0,0.2222222222222222,,,,,,,,,,,,,,,,0.2,1.7142857142857142,,9.0,,,,,6.0,,0.625,3.0,,,,,,,,,,,,,,13.0,,,,,1.2,,,,,,1.75,,15.0,,,,,2.3333333333333335,,,,10.0,0.4,,,,0.25,,,0.08333333333333333,1.0,,,9.0,,,,4.0,,8.0,20.0,,1.125,0.25,,22.0,6.0,0.02631578947368421,,,,,4.0,2.0,1.0,6.5,,,,,0.1875,0.15,11.0,,,4.0,2.0,,,0.1111111111111111,0.08333333333333333,,,0.3333333333333333,,0.4782608695652174,,,,,,,11.0,,,,,,0.5,,0.12121212121212122,,,0.14285714285714285,,,2.0,,,,,,,,,,,,1.0
Asthenopodichnium,,,,,,,,,,,,,,,0.0,,,,,,,,,,,,,,,,,,,,,,,,,,,,,,,,,,,,,,9.0,,,,,,,,,,,,,,2.0,,,,,,,,,,,,,,,,,,,,,,,,,,3.0,,,,,,,,,,,,,,,,,,,,,,,,,,4.0,,,,,,,,,,,,,,,,5.0,,,,,,,,,,,,,,,,,,,,,,,,,,,,,,,,,,6.0,,,,8.0,,,,,9.0,,,,,,,,,,,,,,,,,,,,,10.0,,,,,,,,,,,,,,,,,,
Astropolichnus,,,,,,,,,,,,,,,,0.0,,,,,,,,,,,,,,,,,,,,,,,,,,1.0,,,,,,,,,,,,,,,,,,,,,,,,,,,,,,,,,,,,,,,,,,,,,,,,,,,,,,,,,,,,,,,,,,,,,,,,,,,,,,,,,,,,,,,,,,,,,,,,,4.0,,,,,,,,,,,,,,,,,,,,,,,,,,,,,,,,,,,,,,,,,,,,,,,,,,,,,,,,,2.0,,,,,,,,,,,,,,,,,,,,,
Atollites,,,,,,,,,,,,,,,,,0.0,,,,,,,,,,,,,,,,,,,,,,,,,,,,,,,,,,,,,,,,,,,,,,,,,,,,,,,,,,,,,,,,,,,,,,,,,,,,,,,,,,,,,,,,,,,,,,,,,,,,,,,,,,,,,,,,,,,,,,,,,,,,,,,,,,,,,,,,,,,,,,,,,,,,,,,,,,,,,,,,,,,,,,,,,,,,,,,,,,,,,,,,,,,,,,,,,,,,,,,,
Attaichnus,,,,,,,,,,,,,,,,,,0.0,,,,,,,,,,,,,,,,,,,,,,,,,,,,,,,,,,,,,,,,,,,,,,,,,,,,,,6.0,,,,,4.0,,,,,,,,,,,,,,,,,,,,,,,,,,,,,,,,,,,,,,,,,,,,,,,,3.0,,,,,,,,,,,,,,,,,,,,1.0,,,,,,,,,,,,,,,,,,,,,,,,,,,,,,,,,,,,,,,,,,,,,,,,,,,,,,,5.0,,,,,,,,,,,,,,,,,
Augerinoichnus,,,,,,,,,,,,,,,,,,,0.0,,,,,,,,,,,,,,,,,,,,,,,,1.0,,,,,,,,,,,,,,,,,,,,,,,3.0,,,,,,,,,,,,,,,,,,,,,,,,,,,,,,,,,,,,,,,,,,,,,,,,,,,,,,,,,,,,,,,,,,,,,,,,,,,,,,,,,,,,,,,,,,,,,,,,,,,,,,,,,,,,,,,,,,,,,,,,,,,,1.0,,,,,,,,,,,,,,,,,,,,,,,,,,,
Avetoichnus,,,,,,,,,,,,,,,,,,,,0.0,,,,,,,,,,,,,,,,,,,,,,,,,,,,,,,,,,,,,,,,,,,,,,,,,,,,,,,,,,,,,,,,,,,,,,,,,,,,,,,,,,,,,,,,,,,,,,,,,,,,,,,,,,,,,,,,,,,,,,,,,,,,,,,,,,,,,,,,,,,,,,,,,,,,,,,,,,,,,,,,,,,,,,,,,,,,,,,,,,,,,,,,,,,,,,,,,,,,,
Balanoglossites,,1.0,,,,,,1.0,1.0,,,,,,,,,,,,0.0,,,,,,,,,,,,,,,,,,2.0,,,,,,,,,,,,,,2.0,,,,,,,,,,,,,,3.0,,,,,,,,,,,,,,,,,,,,,,,,,,2.0,,,,,,,,,,,,,,,,,,,,2.0,,,,,,,,,,,1.0,,,,,,,,,,,,,,0.6666666666666666,,,,,,,,,,,,3.0,6.0,3.0,,,,0.75,,,,,,,,8.0,,,,,0.14285714285714285,,8.0,,,,,,,,,,,,,9.0,,,,,,,2.0,,,,,,4.0,,1.0,,,0.5,,,,,,,,,,,,,,,11.0
Bathichnus,,,,,,,,,,,,,,,,,,,,,,0.0,,,,,,,,,,,,,,,,,1.0,,,,,,,,,,,,,,,,,,,,,,,,,,,,,,,,,,,,,,,,,,,,,,,,,,,,,,,,,,,,,,,,,,,,,,,,,,,,,,,,,,,,,,,,,,,,,,,,5.0,,,,,,,,,,,,,,,,,,,,,,,,,,,,,,,,,,,,,,,,,,,,,,,,,,,,,,,,4.0,,,,,,,,,,,3.0,,,,2.0,,,,,,,,,,,1.0
Beaconites,,,,,,1.0,,0.5,0.3333333333333333,,,,,4.0,,,,,,,,,0.0,,0.5,,2.0,,,,,,,,,,,,0.6666666666666666,5.0,,,3.0,,1.0,,,,3.0,2.0,,0.5,1.0,1.0,,4.0,5.0,2.0,,,,,1.0,4.0,,2.0,7.0,,,,,,1.0,,,,,,,,,,9.0,10.0,,,,,,,,,8.0,,,,,,,,,0.5,,,,,,5.0,,,,,13.0,,,,,,1.0,,14.0,,,,,15.0,,1.0,,,1.0,,,,17.0,,,5.5,7.0,,,,2.0,,,,,,19.0,,20.0,,,21.0,,3.0,,,,,,10.0,7.0,24.0,4.0,3.0,,,25.0,,,,,,,,,,0.0,,,3.0,,2.5,,18.0,,,,,,,,,,,5.0,,29.0,,,10.5,,24.0,,5.0,,,,,,,,,,,2.0
Belorhaphe,,3.0,,,,,,,,,2.0,,,,,,,,,,,,,0.0,1.0,,,,,,,,,,2.0,,,,3.0,,,,,,,,,,4.0,,,,,,,,,,,,5.0,,,,,,,,,,,,,,,,,,,,,,,,6.0,,,7.0,,,,,8.0,9.0,,,,,,,,,,,,,,10.0,,,,,,,11.0,,,,,,,13.0,,,,,14.0,,,,15.0,,,,16.0,,,17.0,21.0,,,,,,,,,,,,19.0,20.0,,,,18.0,,,,,,,,,,,,,,,,22.0,,,,,,,23.0,,,,,,,,,,,,,,,,24.0,,25.0,,26.0,,,27.0,,,,,,,,29.0,,,,,,,28.0
Bergaueria,,4.0,,,,,11.0,0.4,0.18181818181818182,,0.25,,,0.1111111111111111,,,,,,,,,0.5,1.0,0.0,,1.0,,,,,,,,1.0,,,,0.08333333333333333,,,,0.1111111111111111,,0.16666666666666666,2.0,,,0.5,0.25,,3.0,0.25,,,3.0,1.0,,,5.0,4.0,,0.25,,1.5,0.5555555555555556,0.2727272727272727,1.0,,,,,,,,,,,,,,,1.0,1.3333333333333333,2.5,,,6.0,,,,,0.6666666666666666,4.0,,9.0,,,,,,,,,,1.0,,0.6666666666666666,,,,,0.9,,10.0,,,3.0,1.0,,13.0,12.0,,,,2.0,13.0,,,11.0,1.25,,,,1.0,,,0.17647058823529413,6.5,,,,,6.0,,,,,18.0,12.0,0.3333333333333333,3.0,,20.0,,0.47058823529411764,,,,,7.0,,15.0,5.333333333333333,2.0,1.0,,,2.3333333333333335,2.0,1.3,21.0,,,,,,0.5,1.5,,,,,0.9090909090909091,,,,,,,,,,,23.0,,2.4285714285714284,,1.2222222222222223,,,1.0833333333333333,,2.0,1.25,,11.0,,,28.0,,,,,,,4.666666666666667
Bichordites,,,,,,,,,5.0,,,,,4.0,,,,,,,,,,,,0.0,,,4.0,,,,,,0.0,,,,0.5,,,,,,,,,,,2.0,,,,,1.0,,,,,,14.0,,,,,,,,,,,,,,,,,,,,,,1.0,,,,,,,,,,0.5,16.0,,,,,,,,,,,,,,17.0,,,,,,,,18.0,,,0.5,,,,,,,,,,,,19.0,,,,2.0,,,2.5,21.0,,,,,,,,,,,,2.0,22.0,,,,3.0,,,,,4.0,,,2.0,,,,,1.0,0.0,,,,,,,,,0.14285714285714285,,,,,,,,,,,,,,,,,,,,3.0,,,3.5,,,,,,,,,,,,,,,
Biformites,,,,,,,,,,,,,,,,,,,,,,,2.0,,1.0,,0.0,,,,,,,,,,,,,,,,,,,,,,1.0,0.5,,,,,,,,,,,,,,,4.0,6.0,,,,,,,,,,,,,,,,,,,,,,,,,,,,,,,,,,2.0,,,,,,,,,,,,,,,,,,,,,,,,,,,,,,,0.3333333333333333,,,,,,,,,,,,,,,,,,,,,,,,,1.6666666666666667,,,,,,,,,,,,,,,0.5,,,,,,,,,,,,,1.0,,,,,,,1.0,,,,,,,,,,,,,,,,,,4.0,,,,,,,,
Bifungites,,,,,,,,,0.25,,18.0,,,,,,,,,,,,,,,,,0.0,,,,,,,,,,,1.0,,,,,,,,,,,11.0,,,10.0,,,,,,,,,,9.0,,,,0.3333333333333333,,,,,,,,,,,,,,8.0,,,,,,,,,,,,,,,,,,,,,,,,,,,,,,,,7.0,,,,,,,,,,,,,6.0,,,,,,,,,,,,17.0,,,,,,,,,,,,,,,,,,4.0,,,,,,,,,,,,,2.0,1.0,3.0,,,,,,,,,,,,,1.0,,,,,,,,,,,,,,,,,,,,,,,,,,,,,,,,,
Bolonia,,,,,,,,,,,,,,,,,,,,,,,,,,4.0,,,0.0,,,,,,,,,,,,,,,,,,,,,,,,,,,,,,,,,,,,,,,,,,,,,,,,,,,,,,3.0,,,,,,,,,,5.0,,,,,,,,,,,,,,,,,,,,,,,,,,,,,,,,,,,,,,,,,,,,,,,,,,,,,,,,,,,,,,,,,,,,,,,6.0,,,,,,,,,,,,,,,2.0,,,,,,,,,,,,,,,,,,,,,,,,,,,,,,,,,,,,,,
Bornichnus,,,,,,,,,,,,,,,,,,,,,,,,,,,,,,0.0,,,,,,,,,,,,,,,,,,,,,,,,,,,,,,,,,,,,,,,,,,,,,,,,,,,,,,,,,,,,,,,,,,,,,,,,,,,,,,,,,,,,,,,,,,,,,,,,,,,,,,,,,,,,,,,,,,,,,,,,,,,,,,,,,,,,,,,,,,,,,,,,,,,,,,,,,,,,,,,,,,,,,,,,,,,,,,,,,,,,,,,,,,,
Brooksella,,,,,,,,,,,,,,,,,,,,,,,,,,,,,,,0.0,,,,,,,,,,,,,,,,,,,,,,,,,,,,,,,,,,,,1.0,,,,,,,,,,,,,,,,,,,,,,,,,,,,,,,,,,,,,,,,,,,,,,,,,,,,,,,,,,,,,,,,2.0,,,,,,,,,,,,,,,,,,,,,,,,,,,,,,,,,,,,,,,,,,,,,,,,,,,,,,,,,,,,,,,,,,,,,,,,,,,,,,,,,,,,,,
Calceoformites,,,,,,,,,,,,,,,,,,,,,,,,,,,,,,,,0.0,,,,,,,,,,,,,,,,,,,,,,,,,,,,,,,,,,,,,,,,,,,,,,,,,,,,,,,,,,,,,,,,,,,,,,,,,,,,,,,,,,,,,,,,,,,,,,,,,,,,,,,,,,,,,,,,,,,,,,,,,,,,,,,,,,,,,,,,,,,,,,,,,,,,,,,,,,,,,,,,,,,,,,,,,,,,,,,,,,,,,,,,,
Camborygma,,,,,,,,,,,,,,,,,,,,,,,,,,,,,,,,,0.0,,,,,,,,,,,,,,,,,,,,,,,,,,,,,,,,,,,,,,,,,,,,,,,,,,,,,,,,,,,,,,,,,,,,,,,,,,,,,,,,,,,,,,,,,,,,,,,,,,,,,,,,,,,,,,,,,,,,,,,,,,,,,,,,,,,,,,,,,,,,,,,,,,,,,,,,,,,,,,,,,,,,,,,,,,,,,,,,,,,,,,,,
Capodistria,,,,,,,,,,,,,,,,,,,,,,,,,,,,,,,,,,0.0,,,,,,,,,,,,,,,,,,,,,,,,,,,,,,,,,,,,,,,,,1.0,,,,,,,,,,,,,,,,,,,,,,,,,,,,,,,,,,,,,,,,,,,,,,,,,,,,,,,,,,,,,,,,,,,,,,,,,,,,,,,,,,,,,,,,,,,,,,,,,,,,,,,,,,,,,,,,,,,,,,,,,,,,,,,,,,,,,,,,,,,,,,
Cardioichnus,,5.0,,,,,,,,,4.0,,,,,,,,,,,,,2.0,1.0,0.0,,,,,,,,,0.0,,,,1.0,,,,,,,,,,2.0,3.0,,,,,2.0,,,,,,3.0,,,,,,,,,,,,,,,,,,,,,,,,4.0,,,5.0,,,,,6.0,7.0,,,,,,,,,,,,,,8.0,,,,,,,9.0,,,,,,,11.0,,,,,12.0,,,,13.0,,,,14.0,,,15.0,19.0,,,,,,,,,,,,0.5,18.0,,,,16.0,,,,,,,,,,,,,,,,20.0,,,,,,,21.0,,,,,,,,,,,,,,,,22.0,,23.0,,1.0,,,25.0,,,,,,,,27.0,,,,,,,26.0
Castrichnus,,,,,,,,,,,,,,,,,,,,,,,,,,,,,,,,,,,,0.0,,,,,,,,,,,,,,,,,,,,,,,,,,,,,,,,,,,,,,,,,,,,,,,,,,,,,,,,,,,,,,,,,,,,,,,,,,,,,,,,,,,,,,,,,,,,,,,,,,,,,,,,,,,,,,,,,,,,,,,,,,,,,,,,,,,,,,,,,,,,,,,,,,,,,,,,,,,,,,,,,,,,,,,,,,,,,,,,,,,,,
Catenichnus,,,,,,,,1.0,,,,,,,,,,,,,,,,,,,,,,,,,,,,,0.0,,,,,,1.0,,,,,,,2.0,,,,,,,,,,,,,3.0,,,4.0,,,,,,,,,,,,,,,,,,,,,,,,,,,1.0,,,,,,,,,,,,,,,,,,,6.0,3.5,,,,,,,,,,,,,,,,,,,,,,,,,,,,,,,,,,,,,,,,,,,,,,,,,,,,,,,,2.0,,,,,,,,,,,,,,,,,,,,,,3.0,,,,,,2.0,,,,,,,,,,,,,,,,,,,,
Chagrinichnites,,,,,,,,,,,,,,,,,,,,,,,,,,,,,,,,,,,,,,0.0,,,,,,,,,,,,,,,,,,,,,,,,,,,,,,,,,,,,,,,,,,,,,,,,,,,,,,,,,,,,,,,,,,,,,,,,,,,,,,,,,,,,,,,,,,,,,,,,,,,,,,,,,,,,,,,,,,,,,,,,,,,,,,,,,,,,,,,,,,,,,,,,,,,,,,,,,,,,,,,,,,,,,,,,,,,,,,,,,,,
Chondrites,,1.5,,6.0,,,,2.0,0.07692307692307693,3.5,0.16666666666666666,,,0.03571428571428571,,,,,,,2.0,1.0,0.6666666666666666,3.0,0.08333333333333333,0.5,,1.0,,,,,,,1.0,,,,0.0,1.5,2.0,,0.1111111111111111,,0.08333333333333333,1.5,,,0.4444444444444444,0.14814814814814814,1.0,0.3333333333333333,0.2,2.0,1.0,2.0,3.0,,,4.0,6.5,1.0,0.8333333333333334,,,2.0,0.07692307692307693,1.0,,,,,,,,,,,,,9.0,,0.3,1.0,1.5,5.0,2.0,0.6666666666666666,,,1.5,,0.13793103448275862,0.3333333333333333,,4.0,,,,,,,,,,,,1.1428571428571428,,,,0.75,0.3333333333333333,,2.0,2.0,,,0.6,,12.0,2.3333333333333335,,,,0.8,0.6666666666666666,,,0.8,0.13793103448275862,,,1.0,0.023809523809523808,,,0.1125,0.2,,,5.0,,,,4.0,,7.0,3.5,1.0,0.3125,0.058823529411764705,0.3333333333333333,0.25,,0.06802721088435375,,,,,4.0,,2.0,0.14285714285714285,,2.0,,,0.0625,0.14285714285714285,0.6,1.5,,,1.6666666666666667,,,0.45454545454545453,0.10344827586206896,,,1.25,1.0,0.3170731707317073,,16.0,,,1.0,3.0,1.0,,,,21.0,,0.5,,0.017543859649122806,,,0.17592592592592593,,22.0,4.0,0.07692307692307693,,,,26.0,,,2.0,,2.0,10.0,0.043010752688172046
Circulichnis,,,,,,,,,3.0,,,,,,,,,,,,,,5.0,,,,,,,,,,,,,,,,1.5,0.0,,,0.5,,,2.0,,,,3.0,,,,,,,,,,,,,,,,6.0,,,,,,,,,,,,,,,,,,,,,,,,,,,1.0,,,,,,,,,,,,,,,5.0,,,,,,,,,,,,,,,,,,,,,,,,,,,,,,6.0,,,,,,,,,,,,,,,,,,7.0,,,,,,,,,,,,,,,4.0,,,,,,,,,,,,,10.0,,13.0,,,,,,,,,,,15.0,,,,,16.0,,19.0,0.5,,,,,,,,,,,,
Cladichnus,,6.0,,,,,,,,,,,,,,,,,,,,,,,,,,,,,,,,,,,,,2.0,,0.0,,,,,,,,,,,,,,,,,,,,,,,,,,,,,,,,,,,,,,,,,,,,,,,,,,,,,,,,,,,,,,,,,,,,,,,,,,,,,,,,,,,,,,,,,,,,,,,,,3.0,,,,,,,,,,,,,,,,,,2.0,,,,,,,,,,,,,,,,,,,,,,,,,,,,,,,,,,,,,,,,,,,,,,,,,,,,,,,,,,,,,5.0
Climactichnites,,,,,,,,,,,,,,,,1.0,,,,,,,,,,,,,,,,,,,,,,,,,,0.0,,,,,,,,,,,,,,,,,,,,,,,,,,,,,,,,,,,,,,,,,,,,,,,,,,,,,,,,,,,,,,,,,,,,,,,,,,,,,,,,,,,,,,,,,,,,,,,,,3.0,,,,,,,,,,,,,,,,,,,,,,,,,,,,,,,,,,,,,,,,,,,,,,,,,,,,,,,,,1.0,,,,,,,,,,,,,,,,,,,,,
Cochlichnus,,,,,,,10.0,0.5,0.5714285714285714,0.5,,,,4.0,,,,,1.0,,,,3.0,,0.1111111111111111,,,,,,,,,,,,1.0,,0.1111111111111111,0.5,,,0.0,,0.2,,,,1.0,0.26666666666666666,,6.0,,,,1.0,2.0,,,3.0,,2.0,0.42857142857142855,,1.0,0.16666666666666666,0.5,,,,,,,,,,,3.0,2.5,,,1.5,1.3333333333333333,7.0,,,,5.0,,,5.0,,0.45454545454545453,,,2.3333333333333335,,,,,,,,,,,,1.3333333333333333,,,,2.5,0.7777777777777778,,,,,3.0,,,3.0,,,,,4.0,,,,1.5,1.0,,,3.0,14.0,,,0.2777777777777778,11.0,,,,,,,,,,16.0,11.0,0.36363636363636365,2.0,,18.0,,0.2857142857142857,,,,,,,13.0,4.666666666666667,5.0,,,,1.0,,1.25,,11.0,,,,,,1.7142857142857142,2.0,,,,0.6923076923076923,,12.0,,14.0,15.0,,,2.0,,,,,1.5555555555555556,,2.6666666666666665,,,5.0,,18.0,0.6,,,,,,,,,,,,
Compaginatichnus,,1.0,,,,,,,,,,,,,,,,,,,,,,,,,,,,,,,,,,,,,,,,,,0.0,,,,,,,,,,,,,,,,,,,,,,,,,,,,,,,,,,,,,,,,,,,,,,,,,,,,,,,,,,,,,,,,,,,,,,,,,,,,,,,,,,,,,,,,,,,,,,4.0,,,,,,,,,,,,,,,,,,5.0,,,,,,,,,,,,,,,,,,,,,,,,,,,,,,,,,,,,,,,,,,,1.0,,,,,,,,,,,,,,,,,,2.0
Conichnus,,,,,,1.0,9.0,,0.4444444444444444,,3.0,2.0,,0.42857142857142855,,,,,,,,,1.0,,0.16666666666666666,,,,,,,,,,,,,,0.08333333333333333,,,,0.2,,0.0,0.5,,,2.3333333333333335,0.1111111111111111,,0.5,0.2222222222222222,,,,,,,,,,0.5,,,0.3333333333333333,0.16666666666666666,0.5,,,,,,,,,,2.0,,,,,0.6,2.0,2.0,,,2.0,,,,,0.2222222222222222,11.0,,3.0,,,,,,,5.0,,,,,6.0,7.0,,,,0.6666666666666666,,,,,,0.2,6.0,5.0,7.0,,,,,,,,,,,,,0.25,,,0.4117647058823529,,,,,,,,,,,,10.0,1.0,2.75,,,,0.2608695652173913,,,,,8.5,,,1.3333333333333333,,18.0,,,1.25,1.75,1.5,,10.0,,,,,1.0,0.7272727272727273,,,0.25,,0.14285714285714285,,,,,,,13.0,,,,,,1.75,,0.6923076923076923,,,0.9166666666666666,,,6.0,4.0,,,,,,,,,,,2.4
Conostichus,,,,,,,,,2.5,,,,,1.5,,,,,,,,,,,2.0,,,,,,,,,,,,,,1.5,2.0,,,,,0.5,0.0,,,,0.5,,5.0,,,,,,,,,,,,,,,1.0,,,,,,,,,,,,,,,,,,,,,,,,,,,,,,,,,,,,,,,,,,,,,,,,,,,,,,,,,,,,,,,7.0,7.0,,,,,,,,,,,,,,,,,,,,,,,,,1.0,,,,,,,,,,,,,,8.0,5.0,,,,1.0,,,,,,,,,2.0,,,,,,,,,,,,,,,2.0,,,,,,,,,,,,,,,,,,1.5
Coprinisphaera,,,,,,,,,,,,,,,,,,,,,,,,,,,,,,,,,,,,,,,,,,,,,,,0.0,,,,,,,,,,,,,,,,,,,,,,,,,,1.0,,,2.0,,,,,,,,,,,,,,,,,,,,,,,,,,5.0,,,,,,,,,,,,,,,,,,,,,,,,,,,,,,,,,,,,,,,,,,,,,,,,,,,,,,3.0,,,,,,,,,,,,,,,,,,,,,1.0,,,0.75,,,,1.0,,,,,,,,,,,,,1.0,,,,1.0,,,,,,,,,,,,,,,,
Cornulatichnus,,,,,,,,,,,,,,,,,,,,,,,,,,,,,,,,,,,,,,,,,,,,,,,,,,,,,,,,,,,,,,,,,,,,,,,,,,,,,,,,,,,,,,,,,,,,,,,,,,,,,,,,,,,,,,,,,,,,,,,,,,,,,,,,,,,,,,,,,,,,,,,,,,,,,,,,,,,,,,,,,,,,,,,,,,,,,,,,,,,,,,,,,,,,,,,,,,,,,,,,,,,,,,,,,,,,,,,,,
Cosmorhaphe,,7.0,,,,,,,,,6.0,,,4.0,,,,,,,,,3.0,4.0,0.5,,1.0,,,,,,,,2.0,,,,0.4444444444444444,,,,1.0,,2.3333333333333335,,,,0.0,1.0,,,8.0,,,,,,,2.0,1.0,,3.0,,,,,,,,,,,,,,,,,,,,2.0,,2.0,,,0.3333333333333333,,,,,0.8333333333333334,0.6666666666666666,,6.0,,,,,,,,,,,,6.0,,,,,14.0,,7.0,3.0,,,,5.0,,3.0,,,,,10.0,,,8.0,2.0,,,5.0,0.6,,,3.0,0.25,,,,,,,,,,,,2.75,1.0,,,,1.3333333333333333,,,,,,,2.3333333333333335,13.0,,,,,5.5,5.0,14.0,18.0,,,,,,8.0,0.2,,9.0,,,0.5,,,,,,0.5,,,,,20.0,,2.0,,22.0,,,1.5,,,,,,,,25.0,,,,,,,2.75
Cruziana,,,,,,8.0,,0.6,0.2727272727272727,1.0,0.2222222222222222,,,0.08333333333333333,,,,,,,,,2.0,,0.25,2.0,0.5,11.0,,,,,,,3.0,,2.0,,0.14814814814814814,3.0,,,0.26666666666666666,,0.1111111111111111,0.5,,,1.0,0.0,,2.6666666666666665,0.5333333333333333,,1.3333333333333333,,0.5,,,1.0,,,0.4166666666666667,8.0,0.3333333333333333,0.027777777777777776,0.4090909090909091,,,,,,,,,,,1.0,4.0,,3.0,,0.5,0.75,4.0,4.0,,1.6666666666666667,,9.0,1.0,,0.2857142857142857,1.0,,1.0,,,,0.3333333333333333,,,,,,,,1.0,,,,0.6666666666666666,0.23809523809523808,,,,,,0.42857142857142855,,1.0,,,,,0.6666666666666666,2.0,,,1.5,0.125,,,2.0,0.4375,,,0.05405405405405406,9.0,1.0,,4.0,,,,,3.0,3.0,,,0.6111111111111112,2.0,4.0,,,0.04918032786885246,7.0,10.0,,,7.0,,11.0,0.4444444444444444,3.5,0.2,,,0.2,1.625,0.015873015873015872,,4.5,,,6.0,,0.3333333333333333,0.8333333333333334,0.5555555555555556,,6.5,,0.036231884057971016,,,,,,,0.09090909090909091,6.0,,,,3.0,0.5,,0.25,,,0.13513513513513514,,,0.14285714285714285,4.0,0.8571428571428571,,3.0,,,,,,,,0.04
Ctenopholeus,,,,,,,,,,,,,,,,,,,,,,,,,,,,,,,,,,,,,,,1.0,,,,,,,,,,,,0.0,,,,,,,,,,,,,,,,,,,,,,,,,,,,,,,,,,,,,,,,,,1.0,,,,,,,,,,,,,,,4.0,,,,,,,,5.0,,,,,,6.0,,,,,,,,,,,,,7.0,,,8.0,9.0,,,,,,,,,,,0.0,,,,,,,,,,,,,,,,,,,,,,,,,,,,,,,,,,,,,,,,,,,,,,,,,,,,,,,,,,,,,,,,,,,
Curvolithus,,,,,,3.0,8.0,2.0,3.5,,,,,8.0,,,,,,,,,0.5,,3.0,,,,,,,,,,,,,,0.3333333333333333,,,,6.0,,0.5,5.0,,,,2.6666666666666665,,0.0,2.0,,,,,,,,,1.0,1.0,,,,2.0,,,,,,,,,,,,,,,,0.5,,1.0,,,,,,,,8.0,,,,,,,,,,,,,,,,,,,19.0,10.5,,,,,,,,,,,,,1.0,,,,2.0,1.0,,,,2.5,,,1.5,,,,,0.5,,,,,,1.5,9.0,1.5,,,,,0.6666666666666666,,,,,,,,3.0,1.0,,,,0.6666666666666666,3.0,5.0,,,,4.0,,,,,,,,,1.0,,,,,,,,,,,,,0.5,,0.5,,,5.0,,,,,,,,,,,,,,,1.25
Cylindrichnus,,,,,,1.0,,5.0,0.08333333333333333,,2.6666666666666665,5.0,,0.047619047619047616,9.0,,,,,,2.0,,1.0,,0.25,,,10.0,,,,,,,,,,,0.2,,,,,,0.2222222222222222,,,,8.0,0.5333333333333333,,2.0,0.0,,1.6666666666666667,,,,,,,1.0,0.25,4.0,2.0,2.0,0.12,,,,,,,,,,,,,,2.0,,0.5,0.05263157894736842,,7.0,,,,3.0,1.0,,1.0,5.0,,,,,,,,,,,,,,2.0,,,,0.3333333333333333,0.75,,,,,,1.0,,,,,,,0.25,,,,,1.0,,,,0.15384615384615385,,,0.02631578947368421,6.0,,1.0,7.0,,,,,,,4.0,,0.5,0.23529411764705882,,,5.0,0.038461538461538464,,,,,2.0,9.0,6.0,1.0,1.0,1.0,,,0.1,0.03571428571428571,2.0,,1.0,,,,,0.0,0.23076923076923078,,,0.1,,0.1346153846153846,,,,,,,3.0,,,,,,0.16666666666666666,1.0,0.06976744186046512,,,0.1111111111111111,,,,1.6666666666666667,,,,,,,,,,,0.0
Cylindricum,,,,,,,,,,,,,,,,,,,,,,,1.0,,,,,,,,,,,,,,,,2.0,,,,,,,,,,,,,,,0.0,,,,,,,,,,,,,,,,,,,,,,,,,,,,,,,,,,,,,,,,,,,,,,,,,,,,,,,,,,,,,,,,,,,,,,,,,,,,,,,,,,,,1.0,,,,,,,,,,,,,,,,,,0.5,,,,,,,,,,,,,,,,,,,,,,,,,,,,1.0,,,,,,,,,,,,,3.0,,,,,,,,,,,,,,,,,,4.0,,
Dactyloidites,,,,,,,,,1.5,,,,,0.5,,,,,,,,,,,,1.0,,,,,,,,,2.0,,,,1.0,,,,,,,,,,,1.3333333333333333,,,1.6666666666666667,,0.0,,,,,,,,0.5,,,,1.0,,,,,,,,,,,,,,,,0.5,,,4.0,,,,,1.0,,,5.0,,,,,,,,,,,,,,,,,,,,,,,,,2.0,,,,,,,2.0,,,,,,,,1.0,1.0,,,4.5,,,,8.0,,,,,,,,,2.0,,,,,2.5,,,,,5.5,,,12.0,,,,,3.0,3.0,1.0,,,,,,,2.5,16.0,,,8.5,,3.5,,,,,,,,,,,,,18.0,,2.0,,,1.5,,,,,,,,,,,,,,,
Dactylophycus,,,,,,,,,6.0,,,,,5.0,,,,,,,,,4.0,,3.0,,,,,,,,,,,,,,2.0,,,,1.0,,,,,,,,,,,,,0.0,1.0,,,,,,2.0,,,,3.0,,,,,,,,,,,,,,,,5.0,6.0,,,,,,,,,,,,,,,,,,,,,,,,8.0,,,,,9.0,,,,,,,,10.0,,,,,11.0,,,,,12.0,,,,13.0,,,14.0,,,,,,,,,,,15.0,,16.0,,,17.0,,18.0,,,,,,,,20.0,,,,,21.0,,,,,,,,,,22.0,,,,,23.0,,,,,,,,,,,,,24.0,,25.0,,,26.0,,,,,,,,,,,,,,,
Daedalus,,,,,,,,,7.0,,3.0,,,6.0,,,,,,,,,5.0,,1.0,,,,,,,,,,,,,,3.0,,,,2.0,,,,,,,0.5,,,,,,1.0,0.0,,,,,1.0,1.0,,,,2.0,,,,,,,,,,,,,,,,4.0,5.0,,,,,,2.0,,,,,,,,,,,,,,,,,,7.0,,,,,0.5,,,,,,,,9.0,,,,,10.0,,,,,11.0,,,,12.0,,,13.0,,,,,,,,,,,14.0,,15.0,,,16.0,,17.0,,,,,,,,19.0,,,,,20.0,,,,,,,,,,21.0,1.0,,,,22.0,,,,,,,,,,,,,23.0,,24.0,,,25.0,,,,,,,,,,,,,,,
Daimonelix,,,,,,,,,,,,,,,,,,,,,,,2.0,,,,,,,,,,,,,,,,,,,,,,,,,,,,,,,,,,,0.0,,,,,,,,,,,,,,,,,,,,,,,,,,,,,,,,,,,,,,,,,,,,3.0,,,,,,,,,,,,,,,,,,,,,,,,,,,,,,,,,,,,,,,,,,,,,,,,,,,,,,,,,,,,,,,,,,,,,,,,,,,,,,,,,,,,,,,,,,,,,,,,,,,,,,,,,,,,,,,,,,,
Daimoniobarax,,,,,,,,,,,,,,,,,,,,,,,,,,,,,,,,,,,,,,,,,,,,,,,,,,,,,,,,,,,0.0,,,,,,,,,,,,,,,,,,,,,,,,,,,,,,,,,,,,,,,,,,,,,,,,,,,,,,,,,,,1.0,,,,,,,,,,,,,,,,,,,,,,,,,,,,,,,,,,,,,,,,,2.0,,,,,,,,,,,,,,,,,,,,,,,,,1.0,,,,,,,,,,,,,,,,,,,,,,,,,,,,,,,,,
Dendrotichnium,,,,,,,,,,,,,,,,,,,,,,,,,5.0,,,,,,,,,,,,,,4.0,,,,3.0,,,,,,2.0,1.0,,,,,,,,,,0.0,,,1.0,,,,,,,,,,,,,,,,,,,,,,,,,,,,,,3.0,,,4.0,,,,,,,,,,,,,,,,,,,,,,,,,,,,,,,,,,6.0,6.0,,,,,,,7.0,8.0,,,,,,,,,,,,9.0,,,,,,,,,,,,10.0,11.0,,,,,,,12.0,,,,,,,,,,,,,13.0,,,,,,,,,,,,,14.0,,,,,,,,,,,,,,,,,,,,
Desmograpton,,8.0,,,,,,,19.0,,7.0,,,,,,,,,,,,,5.0,4.0,14.0,,,,,,,,,3.0,,,,6.5,,,,,,,,,,1.0,,,,,,,,,,,,0.0,,,,,,,,,,,,,,,,,,,,,1.0,,,1.0,,,2.0,,,,2.0,5.5,0.6666666666666666,,,,,,,,,,,,,,1.5,,,,,,,6.0,4.0,,,,,,2.0,,,,,9.0,,,,2.5,,,,5.0,,,4.5,2.3333333333333335,,,,,,,,,,,,14.0,4.0,,,,4.0,,,,,18.0,,,,,,,,,,,17.0,,,,,,,8.5,,,,,,,,,,,,,,,,19.0,,20.0,,21.0,,,3.5,,,,,,,,3.0,,,,,,,23.0
Dictyodora,,,,,,,,,,,2.0,,,,,,,,,,,,,,,,,,,,,,,,,,,,1.0,,,,2.0,,,,,,,,,1.0,1.0,,,,1.0,,,,,0.0,,,,,1.0,,,,,,,,,,,,,,,1.0,,,,,,,,1.0,3.0,,4.0,,,5.0,,,,,,,,,,,,,,,,,2.0,,1.0,,,,,,,,,,,6.0,,,,,0.125,,,,6.0,,,7.0,2.0,,0.0,,1.0,,,,,,,,4.0,2.0,,,,9.0,,,,,,,2.0,,1.0,,,,,,,,,,,,,1.0,5.0,,,,,11.0,,,,12.0,13.0,,,,,,,,0.5,2.0,14.0,,,,,,,1.0,,,,,,,,,,,0.4
Didymaulichnus,,,,,,,,0.25,0.25,,0.8,,,0.6666666666666666,,,,,,,,,1.0,,0.25,,,9.0,,,,,,,,,3.0,,0.8333333333333334,,,,0.42857142857142855,,0.5,,,,3.0,0.4166666666666667,,1.0,0.25,,0.5,2.0,1.0,,,1.0,,,0.0,1.0,0.6666666666666666,0.125,0.2222222222222222,,,,,,,,,,,,,,1.0,3.0,4.0,1.5,,7.0,,,,12.0,,,0.16666666666666666,4.0,,3.0,,,,1.0,,,4.0,,,,,2.5,6.0,,,1.5,0.5,,,,,,2.5,,2.0,,,,,1.6666666666666667,,,,0.5,0.3333333333333333,,,0.5,1.0,,,0.16666666666666666,7.0,,,7.0,,,,,,,13.0,,0.25,,,15.0,,0.4444444444444444,,9.0,,,8.0,,9.0,3.3333333333333335,1.0,17.0,,,4.0,4.333333333333333,0.4,,,,,,,14.0,5.0,,,16.0,,0.3333333333333333,,,,,,,,,,,,,2.8,,5.25,,,1.75,,1.0,1.5,,,,,,,,,,,,
Didymaulyponomos,,,,,,,,,3.0,,3.0,,,,,,,,,,,,4.0,,,,,,,,,,,,,,,,,,,,,,,,,,,8.0,,,4.0,,,,,,,,,,1.0,0.0,,,5.0,,,,,,,,,,,,,,,,,,,,,,,1.0,,,,,,,,,,,,,,,,,,,,,,,7.0,,,,,,,,,,,,,,,,,,,,,,,,,12.0,,,,,,,,,,,,,,,,,,,,,,,,,,,8.0,,,,1.0,10.0,6.0,,,,,,,,,,,,,14.0,,,,,,,,,,,,,,,,,,15.0,,,,,,,,,,,,,,,
Dimorphichnus,,,,,,,,2.5,,,4.0,,,,,,,,,,,,,,1.5,,4.0,,,,,,,,,,,,,,,,1.0,,,,,,,0.3333333333333333,,,2.0,,,,,,,,,,0.6666666666666666,,0.0,0.1,1.0,,,,,,,,,,,,,,,2.0,,1.0,2.0,,,,,,,,0.3333333333333333,,,,,,,2.0,,,,,,,,,,,,,,,,,,,,,,,,,,,,,,3.0,1.0,,,1.0,,,,1.0,,,,,,,,,,,,,0.3333333333333333,,,,,1.0,,,,,,,,,4.0,,,,4.0,3.0,0.2857142857142857,,,,,,,,,,,,,1.25,,,,,,,3.0,,,,,,,,,,,8.0,,,4.5,,8.0,,,,,,,,,,
Diplichnites,,,,,,7.0,,0.3333333333333333,0.75,,1.0,,,3.0,,,,,3.0,,,,2.0,,0.5555555555555556,,6.0,,,,,,,,,,4.0,,2.0,6.0,,,0.16666666666666666,,0.3333333333333333,,,,,0.027777777777777776,,,2.0,,,,,,,,,,0.125,,0.1,0.0,0.25,,,,,,,,,,,,7.0,1.0,,1.0,3.0,2.0,3.0,,,3.0,,1.0,,,0.2,,,1.3333333333333333,,,,,,,,,,,,,,,,2.0,0.4,,,,,1.0,5.0,,3.0,,,,,4.0,,3.0,,1.3333333333333333,0.8,,,,,,,0.05555555555555555,,,,,,,,,,,,,0.8571428571428571,,,,,0.09090909090909091,,8.0,,,,,,0.6,5.0,,,,0.3333333333333333,2.5,0.11538461538461539,,,,,,,,2.5,0.6666666666666666,,,,0.13333333333333333,,,,,,,0.6666666666666666,5.0,,,,,0.3,,2.6,,,1.0,,,0.21428571428571427,,1.25,,,,,,,,,,
Diplocraterion,,1.0,,1.0,,5.0,,4.5,0.05,3.0,1.6666666666666667,2.0,,0.2222222222222222,2.0,,,,,,3.0,,7.0,,0.2727272727272727,,,0.3333333333333333,,,1.0,,,,,,,,0.07692307692307693,,,,0.5,,0.16666666666666666,1.0,,,,0.4090909090909091,,2.0,0.12,,1.0,3.0,2.0,,,,,1.0,0.2222222222222222,5.0,1.0,0.25,0.0,,,,,,,,,,,,,,,2.0,1.0,1.0,,6.0,,,,4.0,4.0,,0.08333333333333333,3.0,,6.0,,2.0,,,,,3.0,,,,,1.3333333333333333,5.0,,,7.5,0.6923076923076923,,,,,,0.4,,1.0,,,,,0.7777777777777778,4.0,,,,0.5,,,6.0,0.03333333333333333,,,0.05128205128205128,,,,6.0,,,,,,6.0,1.25,,0.18181818181818182,0.6666666666666666,9.0,14.0,4.0,0.058823529411764705,,7.0,,,3.75,,,5.0,3.0,1.6666666666666667,,,0.17647058823529413,0.13333333333333333,1.0,,6.0,3.0,,,,1.0,1.2222222222222223,2.0,,0.8333333333333334,,0.015873015873015872,,,,13.0,14.0,,1.0,,,,,2.0,1.0,,0.15625,,,0.09302325581395349,,,3.3333333333333335,5.0,2.0,,,,,,,,,,1.375
Dolopichnus,,,,,,,,,,,,,,,,,,,,,,,,,1.0,,,,,,,,,,,,,,1.0,,,,,,0.5,,,,,,,,,,,,,,,,,,,,,,,0.0,,,,,,,,,,,,,,,,,,,,,,,,,,,,,,,,,,,,,,,,,,,,,,,,,,,,,,,,,,,1.0,,,,2.0,,,,,,,4.0,,,,,,,,,,,,,,5.0,6.0,,,3.0,,,,,,,,,,,,,7.0,8.0,,,,,,,,,,,,,,,,,,,,,,,,,,,,,,,,3.0,,,,,,,,,,,,,,,
Dreginozoum,,,,,,,,,,,,,,,,,,,,,,,,,,,,,,,,,,,,,,,,,,,,,,,,,,,,,,,,,,,,,,,,,,,,,,,,,,,,,,,,,,,,,,,,,,,,,,,,,,,,,,,,,,,,,,,,,,,,,,,,,,,,,,,,,,,,,,,,,,,,,,,,,,,,,,,,,,,,,,,,,,,,,,,,,,,,,,,,,,,,,,,,,,,,,,,,,,,,,,,,,,,,,,,,,,,,,,,,,
Echinospira,,,,,,,,,,,,,,,,,,,,,,,,,,,,,,,,,,,,,,,,,,,,,,,,,,,,,,,,,,,,,,,,,,,,,,0.0,,,,,,,,,,,,,,,,,,,,,,,,,,,,,,,,,,,,,,,,,,,,,,,,,,,,,,,,,,,,,,,,,,,,,,,,,,,,,,,,,,,,,,,,,,,,,,,,,,,,,,,,,,,,,,,,,,,,,,,,,,,,,,,,,,,,,,,,,,,,,,,,,,,2.0
Edaphichnium,,,,,,,,,,,,,,,,,,,,,,,,,,,,,,,,,,,,,,,,,,,,,,,,,,,,,,,,,,,,,,,,,,,,,,,0.0,,,,,,,,,,,,,,,,,,,,,,,,,,,,,,,,,,,,,,,,,,,,,,,1.0,,,,,,,,,,,,,,,,,,,,,,,,,,,,,,,,,,,,,,2.0,,,,,,,,,,,,,,,,,,,,,,,,,,,,,,,,,,,,,,,,,,,,,,,,,,,,,,,,,,,,,
Ellipsoideichnus,,,,,,,,,,,,,,,,,,6.0,,,,,,,,,,,,,,,,,,,,,,,,,,,,,,,,,,,,,,,,,,,,,,,,,,,,,,0.0,,,,,10.0,,,,,,,,,,,,,,,,,,,,,,,,,,,,,,,,,,,,,,,,,,,,,,,,9.0,,,,,,,,,,,,,,,,,,,,7.0,,,,,,,,,,,,,,,,,,,,,,,,,,,,,,,,,,,,,,,,,,,,,,,,,,,,,,,11.0,,,,,,,,,,,,,,,,,
Entradichnus,,,,,,,,,,,,,,,,,,,,,,,1.0,,,,,,,,,,,,,,,,,,,,,,,,1.0,,,,,,,,,,,,,,,,,,,,,,,,,,0.0,,,,,,,,,,,,,,,,,,,,,,,,,,,,,,,,,,,,,,,,,,,,,,,,,,,,,,,,,,,,,,,,,,,,,,,,,,,,,,,,,,,1.0,,,,,,,,,,,,,,,,,,,,,,,,1.5,,,,1.6666666666666667,,,,,,,,,,,,,1.0,,,,,,,,,,,,,,,,,,,,
Ereipichnus,,,,,,,,,,,,,,,,,,,,,,,,,,,,,,,,,,,,,,,,,,,,,,,,,,,,,,,,,,,,,,,,,,,,,,,,,,0.0,,,,,,,,,,,,,,,,,,,,,,,,,,,,,,,,,,,,,,,,,,,,,,,,,,,,,,,,,,,,,8.0,,,,,,,,,,,,,,,,,,,,,,,,,,,,,,,,,,,,,,,,,,,,,,,,,,,,,,,,,,,,,,,,,,,2.0,,,,,,,,,,,,,,,
Estrellichnus,,,,,,,,,,,,,,,,,,,,,,,,,,,,,,,,,,1.0,,,,,,,,,,,,,,,,,,,,,,,,,,,,,,,,,,,,,,,,,0.0,,,,,,,,,,,,,,,,,,,,,,,,,,,,,,,,,,,,,,,,,,,,,,,,,,,,,,,,,,,,,,,,,,,,,,,,,,,,,,,,,,,,,,,,,,,,,,,,,,,,,,,,,,,,,,,,,,,,,,,,,,,,,,,,,,,,,,,,,,,,,,
Fictovichnus,,,,,,,,,,,,,,,,,,,,,,,,,,,,,,,,,,,,,,,,,,,,,,,2.0,,,,,,,,,,,,,,,,,,,,,,,,,,,,,0.0,,,,,,,,,,,,,,,,,,,,,,,,,,3.0,,,,,,,,,,,,,,,,,,,,,,,,,,,,,,,,,,,,,,,,,,,,,,,,,,,,,,1.0,,,,,,,,,,,,0.3333333333333333,,,,,,,,,,,,,,,,2.0,,,,,,,,,,,,,1.0,,,0.5,,,,,,,,,,,,,,,,,
Fontanai,,,,,,,,,,,,,,,,,,4.0,,,,,,,,,,,,,,,,,,,,,,,,,,,,,,,,,,,,,,,,,,,,,,,,,,,,,,10.0,,,,,0.0,,,,,,,,,,,,,,,,,,,,,,,,,,,,,,,,,,,,,,,,,,,,,,,,1.0,,,,,,,,,,,,,,,,,,,,3.0,,,,,,,,,,,,,,,,,,,,,,,,,,,,,,,,,,,,,,,,,,,,,,,,,,,,,,,1.0,,,,,,,,,,,,,,,,,
Fucusopsis,,,,,,,,,5.0,,,,,,,,,,,,,,,,,,,,,,,,,,,,,,,,,,3.0,,2.0,,,,,1.0,,,,,,,,,,,,,,,,,,,,,,,,,,,,0.0,,,,,1.0,,,,,1.0,,,,,,,,,,,,,,,,,,,,,,,,,,,,,,,,,3.0,,,,,,,,,,3.0,,,,,,,4.0,,,,,,,,,,,,,5.0,,,,,6.0,,,,,,,,,,,,,,,7.0,,8.0,,,,,,9.0,,,,,,,,,1.0,,1.0,,,,,,,,,,,,,,,10.0,,,,,,,,,,,,
Fuersichnus,,,,,,,,,0.5,,,,,,,,,,,,,,,,,,,,,,,,,,,,,,,,,,2.5,,,,,,,4.0,,,,,,,,,,,,,,,,7.0,,,,,,,,,,,,,0.0,,,,,,,,,,,,,,,,,,,,,,,,,,,,,,,,,,0.5,,,,,4.0,,,1.0,,,,,,,7.0,,,,,,,,,,1.0,,,,,,,,,,,,,,,,,,0.6666666666666666,3.0,,,,,,,,,,,,,,5.0,,2.0,,,,,,,,,,,2.0,,,,,,,,,,,,,,,,,,,,,,,,,,,,,,,,,
Furculosus,,,,,,,,,,,,,,,,,,,,,,,,,,,,,,,,,,,,,,,,,,,,,,,,,,,,,,,,,,,,,,,,,,1.0,,,,,,,,,,,,,,0.0,,,,,,,,,,,,,1.0,,,,,,,,,,,,,,,,,,,,,,,,,,,,,,,,,,,,,,,,,,,,,4.0,,,,,,,,,,,,,,,,,,7.0,,,,,,,,,,,,,10.0,,,,,,,,,,,,,,,,,,,,,,,,,,,,,,,,,,,,,,,,,,,,,,,,
Furnasichnus,,,,,,,,,7.0,,10.0,,,,,,,,,,,,,,,,,8.0,,,,,,,,,,,9.0,,,,,,,,,,,3.0,,,2.0,,,,,,,,,,1.0,,,,,,,,,,,,,,,,,,0.0,,,,,,,,,,,,,,,,,,,,,,,,,,,,,,,,1.0,,,,,,,,,,,,,2.0,,,,,,,,,,,,9.0,,,,,,,,,,,,,,,,,,4.0,,,,,,,,,,,,,,,5.0,,,,,,,,,,,,,12.0,,,,,,,,,,,,,,,,,,,,,,,,,,,,,,,,,
Glockerichnus,,,,,,,,6.0,,,,,,,,,,,,,,,,,,,,,,,,,,,,,,,,,,,1.5,,,,,,,,,,,,,,,,,,1.0,1.0,3.0,,2.0,1.0,2.0,,,,,,,,,,,,,,,0.0,,,,,,,,,2.0,1.0,1.5,2.0,,4.0,,,,,,,,,,,,,,,,,,,,,,,,,,3.0,,,,5.0,,,,,,,,,,,,6.0,4.0,,,,,,,,,,,,7.0,,,,,8.0,,,,,,,,,,,,,,,,,,,,,,,9.0,,,,,10.0,,,,11.0,12.0,,,,,,,,,,13.0,,,,,,,,,,,5.0,,,,,,,
Gyrochorte,,,,,,2.0,,,0.6,,10.0,,,0.2,,,,,,,,,9.0,,1.0,1.0,,,3.0,,,,,,,,,,0.3,,,,1.3333333333333333,,0.6,,,,2.0,0.5,,0.5,0.5,,0.5,5.0,4.0,,,,,,4.0,,,3.0,1.0,,,,,,,,,,,1.0,,,,,0.0,1.0,,,,1.0,,,,,1.6666666666666667,,,,,,,,,,,,,,,0.3333333333333333,,,,5.0,0.2,,,,,,2.0,3.0,1.0,4.0,,,,1.0,,,,1.0,0.3333333333333333,,,,0.125,,,0.125,,,,,,,,,,,10.0,,0.4,8.0,,12.0,,0.23809523809523808,,,,,2.0,,,0.5,,,,,0.4444444444444444,1.3333333333333333,6.0,3.0,7.0,,5.0,,,,1.1428571428571428,,,4.0,,0.5,,,,,,,1.0,,,,,,0.2,,0.375,,,0.125,,,4.5,2.0,,,,,,,,,,,
Gyrolithes,,,,,,1.0,,3.0,0.3333333333333333,,2.5,6.0,,1.7142857142857142,,,,,,,,,10.0,,1.3333333333333333,,,,,,,,,,,,,,1.0,,,,7.0,,2.0,,,,,0.75,,,0.05263157894736842,,,6.0,5.0,,,,,,1.5,,1.0,2.0,1.0,,,,,,,,,,,,,,,,1.0,0.0,0.5,,,,,,1.0,,2.0,,,,,,,,,,1.0,,,,,1.0,3.0,,,1.0,1.0,,,,,,,,4.0,,,,,5.0,,,,,6.0,,,,0.2222222222222222,,,0.0625,,,,,,,,,,,9.0,,1.0,0.4,,11.0,4.0,0.14285714285714285,,,,,6.5,,,14.0,,3.5,,,0.25,0.25,3.0,,,,,5.0,,13.0,0.5,,,2.0,,0.09523809523809523,,,,,,,1.0,,,,,,0.1111111111111111,,0.05263157894736842,,,0.05,,,0.5,,7.0,,,,,,,,,,0.5
Gyrophyllites,,9.0,,,,,,7.0,,,2.0,,,,,,,,,,,,,6.0,2.5,,,,,,,,,,4.0,,,,1.5,,,,,,2.0,,,,2.0,4.0,,1.0,,,,,,,,,1.0,,,,2.0,3.0,,,,,,,,,,,,,,,,,,0.5,0.0,,,1.0,,,,,1.0,3.0,,,,,,,,,,,,,,4.0,,,,,1.0,,5.0,,,,,,,7.0,,,,,8.0,,,,9.0,,,,10.0,,,0.6666666666666666,15.0,,,,,,,,,,,,1.0,14.0,,,,1.0,,,,,,,,,7.0,,,,,,2.5,16.0,,,,,,,17.0,,,,,,,,,,,,,,,,18.0,,19.0,,20.0,,,21.0,,,,,6.0,,,23.0,,,,,,,22.0
Haentzschelinia,,,,,,,,,5.0,,,,,9.0,,,,,,,,,,,,,,,,,,,,,,,,,5.0,,,,,,,,,,,4.0,,,7.0,,4.0,,,,,,,,7.0,,,,6.0,,,,,,,,,,,,,,,,,,,0.0,,,,,,,,3.0,7.0,,,,,,,,,,,,,1.0,,,,,,,,,,,2.0,,,,,,,,,,,,,,,,0.5,,,1.0,,,,0.0,,,,,,,,,,,,,,2.0,,,,,1.5,,,4.0,,,,,5.0,6.0,,,,,,4.0,,7.0,8.0,,,4.5,,3.0,,,,,,,,,,,,,10.0,,11.0,,,12.0,,,,,,,,,,,,,,,
Halimedides,,,,,,,,,,,,,,,,,,,,,,,,,,,,,,,,,,,,,,,2.0,,,,,,,,,,,,,,,,,,,,,,,,,,,,,,,,,,,,,,,,,,,,,,,,0.0,,,,,,,,,,,,,,,,,,,,,,,,,,,,,,,,,,,,,,,,1.0,,,,,,,,,,,1.0,,,,,,,,2.0,,,,,,,,,,1.5,,,,,,,,,,,,,2.0,,,,,,,,,,,,,,,,,,,,,,1.0,,,,,,5.0,,,,,6.0,,,,2.5,,,,,,,,,,8.0,2.0
Halopoa,,10.0,,,,,,,7.0,,9.0,,,,,,,,,,,,,7.0,6.0,,,,,,,,,,5.0,,,,0.6666666666666666,,,,5.0,,2.0,,,,0.3333333333333333,1.6666666666666667,,,,,,,,,,,2.0,,,,,3.0,,,,,,,,,,,,1.0,,,,,1.0,,1.0,,,0.0,,,,,3.0,2.0,,,,,,,,,,,,,,3.0,,,,,12.0,,4.0,,,,,,1.0,6.0,,,,,7.0,,,,0.5,,,,2.5,,,0.5,1.3333333333333333,,,,,,,,,,,,1.5,13.0,,,,0.3333333333333333,,,,,,,,6.0,,,,,4.0,,3.0,15.0,6.0,,,,,,1.75,,,,,,,,,2.0,,1.0,5.0,,,,17.0,,18.0,,19.0,,,2.75,,,1.0,,,,,22.0,,,,,,,10.5
Hartsellea,,,,,,,,,,,,,,,,,,,,,,,,,,,,,,,,,,,,,,,,,,,,,,,,,,,,,,,,,,,,,,,,,,,,,,,,,,,,,,,,,,,,,,,,,0.0,,,,,,,,,,,,,,,,,,,,,,,,,,,,,,,,,,,,,,,,,,,,,,,,,,,,,,,,,,,,,,,,,,,,,,,,,,,,,,,,,,1.0,,,,,,,,,,,,,,,,,,,,,,,,,,,,,,,,,,,,,,,,,,,,,,
Heimdallia,,,,,,,,,2.0,,4.0,,,,,,,,,,,,,,,,,,,,,,,,,,,,,,,,,,,,,,,9.0,,,3.0,,,,2.0,,,,,1.0,12.0,1.0,,1.0,4.0,,,,,,,,,,,,,,,,,,,,,,,0.0,,,,,,,,,,,,,,,,,,,,,,,6.0,,,,,,,,,,,,,,,,,,,,,,,,,11.0,,,,,,,,,,,,,,,,,,,,,,,,,,,7.0,,,,2.0,9.0,7.0,,,,,,,,,,,,,1.0,,,,,,,,,,,,,,,,,,14.0,,,,,,,,,,,,,,,
Helicodromites,,,,,,,,,4.0,,,,,6.0,,,,,,,,,,,,,,,,,,,,,,,,,1.5,,,,5.0,,,,,,,1.0,,,1.0,,1.0,,,,,,,3.0,,,,,4.0,,,,,,,,,,,,,,,2.0,,1.0,,,,,,,0.0,,1.0,,,2.0,,,,,,,,,,,,,,,,,,,,,,,,,,,,,,1.5,,,,,,,,,2.0,,,2.0,,,,,,,,,,,,,2.5,2.0,,,,2.0,,,,,,,,,,,,,5.0,4.0,,,,,,,,,7.0,,,,,4.0,,,,9.0,10.0,,,,,,,,,,5.5,,,4.0,,,,3.0,,,,,,,,,,,1.0
Helicolithus,,,,,,,,,,,,,,,,,,,,,,,,,,,,,,,,,,,,,,,,,,,,,,,,,,,,,,,,,,,,,2.0,,,,,,,,,,,,,,,,,,,,,1.0,,,,,,,,,,0.0,,1.0,,,,,,,,,,,,,,,,,,,,,,,,,,,,2.0,,,,,,,,,,,,,,,,,3.0,,,,,,,,,,,,,,,,,,,,,,,,,,,,,,,,,,,,,,,,,,,,,,,,,,,,,,,,,,,,,,,,,,,,,,,4.0,,,,,,,
Helminthopsis,,0.5,,,,,,2.6666666666666665,0.8571428571428571,0.0,5.0,,,0.625,3.0,,,,,,2.0,,8.0,8.0,0.6666666666666666,0.5,,,5.0,,,,,,6.0,,1.0,,0.13793103448275862,1.0,,,0.45454545454545453,,0.2222222222222222,,,,0.8333333333333334,0.2857142857142857,1.0,8.0,1.0,,,,,,,3.0,5.5,4.0,0.16666666666666666,,0.3333333333333333,0.2,0.08333333333333333,,,,,,,,,,,,,1.0,,1.5,1.6666666666666667,2.0,1.0,,,3.0,,,1.0,,0.0,0.25,,0.5,,,,1.0,,,,,,,,0.5,,,,3.0,0.16666666666666666,,3.0,1.0,,,0.3333333333333333,,,1.25,,,,2.0,0.25,,,2.0,0.7272727272727273,,,0.4,0.42857142857142855,,,0.13043478260869565,0.8,3.0,,,,,,,,,,1.0,1.0,0.07692307692307693,7.0,3.0,3.0,0.12121212121212122,,,,,7.0,,2.3333333333333335,2.6666666666666665,4.0,,,,1.2857142857142858,2.5,0.2,14.0,5.0,,,,,1.2,0.46153846153846156,1.0,,1.3333333333333333,,0.5384615384615384,,10.0,,8.0,9.0,,1.5,,,,0.5,,1.0,,0.4666666666666667,,,0.6190476190476191,,16.0,0.14285714285714285,4.0,,,4.0,1.0,,,0.0,,,,0.7142857142857143
Helminthorhaphe,,12.0,,,,,,,3.5,,2.5,,,3.0,,,,,,,,,,9.0,4.0,16.0,,,,,,,,,7.0,,,,0.3333333333333333,,,,,,11.0,,,,0.6666666666666666,1.0,,,5.0,,5.0,,,,,,0.6666666666666666,,4.0,,,,3.0,,,,,,,,,,,,,,,2.0,,,3.0,3.0,,2.0,,,,1.0,0.25,0.0,,,,,,,,,,,,,,0.5,,,,,,,2.0,0.5,,,1.0,,,0.5,,,,,5.0,,,,1.0,,,,0.4,,,1.3333333333333333,1.6666666666666667,,,3.0,,,,,,,,,10.0,1.4,,,,1.0,,,,,3.0,,,7.0,,,,,4.0,4.5,,13.0,,,,,,5.0,2.2,,,12.0,,,,,,,,,,,,,15.0,,6.5,,7.0,,,3.75,,,,,,,,1.5,,,,,,,1.5
Hillichnus,,,,,,,,,,,,,,,,,,,,,,,,,,,,,,,,,,,,,,,,,,,,,,,,,,,,,,,,,,,,,,,,,,,,,,,,,,,,,,,,,,,,,,7.0,,,,,,,,,0.0,,,,,,,,,,,,,8.0,,,,,4.0,,,,,,,,,,,,,,,,,,,,,,,,,,,,,7.0,,,,,,,,,,,,,,,,,,,,,,3.0,,,,,,,,,,,,3.0,,,,,,6.0,,,,,,,,,,,,,,,,,,,,,,,,,,,,,,,,,,,
Hormosiroidea,,,,,,,,,,,,,,,,,,,,,,,,,9.0,,,,,,,,,,,,,,4.0,,,,2.3333333333333335,,3.0,,,,6.0,1.0,,,,,,,,,,4.0,,5.0,3.0,,,1.3333333333333333,6.0,,,,,,,,,,,,,,,4.0,,,,,,,,,2.0,,0.5,,,0.0,,,,,,,,,,,,,,,,,,,,,,,,,,,,,,1.0,,,,0.3333333333333333,0.3333333333333333,,,,,,,1.0,4.0,,,,,,,,,,,,1.5,,,,,1.0,,,,,,,6.0,7.0,,,,,,,0.3333333333333333,,,,,,,,2.5,,,,,3.0,,,,7.0,8.0,,,,,,,,10.0,,9.0,,,,,,1.0,,,,,,,,,,,,3.0
Hydrancylus,,,,,,,,,,,,,,,,,,,,,,,,,,,,,,,,,,,,,,,,,,,,,,,,,,,,,,,,,,,,,,,,,,,,,,,,,,,,,,,,,,,,,,,,,,,,,,,,,0.0,,,,,,,,,,,,,,,,,,,,,,,,,,,,,,,,,,,,,,,,,,,,,,,,,,,,,,,,,,,,,,,,,,,,,,,,,,,,,,,,,,,,,,,,,,,,,,,,,,,,,,,,,,,,,,,,,,,,,,,,
Ilmenichnus,,,,,,,,,,,,,,,,,,,,,,,,,,,,,,,,,,,,,,,,,,,,,,,,,,,,,,,,,,,,,,,,,,,2.0,,,,,,,,,,,,,,,,,,,,,,,,,,,,,,,0.0,,,,,,,,,,,,,,,,,,,,,,,,,,,,,,,,,2.0,,,,9.0,,,,,,,,,,,,,,,,,1.0,,,,,,,,,,,,,,,,,1.5,,,,,,,,,,6.0,,,,,,,,,,,,,,,,,,,,,,,,,,,,,,,,,,,,,,
Imponoglyphus,,,,,,,,,,,,,,,,,,,,,,,,,,,,,,,,,,,,,,,,,,,,,,,,,,,,,,,,,,,,,,,,,,,,,,,,,,,,,,,,,,,,,,,,,,,,,,,,,,,0.0,,1.0,,,,,,,1.0,,,,,,,,,,,,,,,,,,2.0,,,,,,,,,3.0,,,4.0,,,,,,,,,,,,,6.0,,,,,7.0,,,,,,,,,,,,,8.0,9.0,,,,,,,,,,,,,,,,,,,,,,,,,,,,,11.0,,,,,,,,,,,,,,,,,,
Isopodichnus,,,,,,,,,,,,,,,,,,,,,,,,,,,2.0,,,,,,,,,,,,,,,,,,,,,,,0.3333333333333333,,,,,,,,,,,,,1.0,,2.0,,,,,,,,,,,,,,,,,,,,,,,,,,,,1.0,,,,,,,0.0,,,,,,,,,,,,,,,,,,,,,,,,,,,5.0,,,,,,,,3.0,,,4.0,,,,,,,,,,,,,,,,,,0.5,,,,,,,,,,,,,,,0.5,,,,,,,,,,,,,,,,,,,,,,,,,,,,,,,6.0,,,,,,,2.0,,,,,,,,
Jamesonichnites,,,,,,,,,,,,,,,,,,,,,,,,,,,,,,,,,,,,,,,,,,,,,,,,,,,,,,,,,,,,,,,,,,,,,,,,,,,,,,,,,,,,,,,,,,,,,,,,,,,1.0,,0.0,,,,,,,2.0,,,,,,,,,,,,,,,,,,3.0,,,,,,,,,4.0,,,5.0,,,,,,,,,,,,,7.0,,,,,8.0,,,,,,,,,,,,,9.0,10.0,,,,,,,,,,,,,,,,,,,,,,,,,,,,,12.0,,,,,,,,,,,,,,,,,,
Katarrhedrites,,,,,,,,,,,,,,,,,,,,,,,0.5,,,,,,,,,,,,,,,,,,,,,,,,5.0,,,,,,,,,,,3.0,,,,,,,,,,,,,,,,,,3.0,,,,,,,,,,,,,,,,,,,,,,,,,,0.0,,,,,,,,,,,,,,,,,,,,,,,,,,,,,,,,,,,,,,,,,,,,,,,,,,,,,,2.0,,,,,,,,,,,,,,,,,,,,,,,,,,,,1.0,,,,,,,,,,,,,4.0,,,,,,,,,,,,,,,,,,,,
Katbergia,,,,,,,,,9.0,,,,,,,,,,,,,,,,,,,,,,,,,,,,,,,,,,,,5.0,,,,,,,,,,,,,,,,,,4.0,,,,3.0,,,,,,,,,,,,,,,,,1.0,,,,,,,,,,,,,,,,,,,0.0,,,,,1.0,2.0,,,,3.0,,,,,,,,,,,,,,,,,,,,,,5.0,,,7.0,,,,,,,,,,,,,,,,,,11.0,,,,,12.0,,,,,13.0,,,,,,,,,,,,,,,,,,15.0,,,,,,,,,,,,,,,17.0,,,,,,,,,,,,,,,,,,
Keilorites,,,,,,,,,,,,,,,,,,,,,,,,,,,,,,,,,,,,,,,,,,,,,,,,,,,,,,,,,,,,,,,,,,,,,,,,,,,,,,,,,,,,,,,,,,,,,,,,,,,,,,,,0.0,,,,,,,,,,,,,,,,,,,,,,,,,,,,,,,,,,,,,,,,,,,,,,,,,,,,,,,,,,,,,,,,,,,,,,,,,,,,,,,,,,,,,,,,,,,,,,,,,,,,,,,,,,,,,,,,,2.0
Kladosystemites,,,,,,,,,,,,,,,,,,,,,,,,,,,,,,,,,,,,,,,,,,,,,,,,,,,,,,,,,,,,,,,,,,,,,,,,,,,,,,,,,,,,,,,,,,,,,,,,,,,,,,,,,0.0,,,,,,,,,,,,,,,,,,,,,,,,,,,,,,,,,,,,,,,,3.0,,,,,,,,,,,,,,2.0,,,,,,,,,,,,,,,,,,,,,,,,,,,,,,,,,,,,,,,,,,,,,,,,,,,,,,,,,,
Kulindrichnus,,,,,,,,,,,,,,,,,,,,,,,,,1.0,,,,,,,,,,,,,,,,,,,,,,,,,,,,,,,,,,,,,,,,,,,,,,,,,,,,,,,,,,,,,,,,,,,,,,,,,,,,,,,,,0.0,,1.0,,,,,,,,,,,,,,,,,,,,,,,,,,,,,,,,,,,,,,,,,,,,,,,,,,,,,,,,,,,,,,,,,,,,,,,,,,,,,,,,,,,,,,,,,,,,,,,,,,,,,,,,,,,,,
Labyrintichnus,,,,,,,,,,,,,,,,,,,,,,,,,,,,,,,,,,,,,,,,,,,,,,,,,,,,,,,,,,,,,,,,,,,,,,,,,,,,,,,,,,,,,,,,,,,,,,,,,,,,,,,,,,,0.0,,,,,,,,,,,,,,,,,,,,,,,,,,,,,,,,,,,,,,,,,,,,,,,,,,,,,,,,,,,,,,,,,,,,,,,,,,,,,,,,,,,,,,,,,,,,,,,,,,,,,,,,,,,,,,
Laevicyclus,,13.0,,,,,,,2.0,,12.0,,,13.0,,,,,,,,,5.0,10.0,0.6666666666666666,17.0,,,,,,,,,8.0,,,,1.1428571428571428,5.0,,,1.3333333333333333,,6.0,,,,6.0,1.0,4.0,,2.0,,,8.0,7.0,,,,1.5,,2.5,,,,1.3333333333333333,,,,,,,,,,,,,,,,0.3333333333333333,1.0,4.0,1.0,,3.0,,,,,0.5,0.5,8.0,,,,1.0,,2.0,,1.0,,,1.0,,0.0,1.0,,,1.0,0.6666666666666666,,0.5,0.5,,,,,2.0,1.0,,,,0.3333333333333333,1.5,,,,0.4,,,,0.5,,,0.1111111111111111,1.6666666666666667,,,1.0,,,,,,,7.0,4.0,1.0,2.5,,9.0,,0.2857142857142857,,,,,5.5,,,12.0,,12.0,,,2.3333333333333335,8.0,,12.0,,,,5.0,,,6.666666666666667,,,3.0,,1.0,,8.0,,,,,,,,,14.0,,2.5,,3.2,,,1.5714285714285714,,14.0,6.0,7.0,,,,19.0,,,,,,,2.5
Lanicoidichna,,,,,,,,,11.0,,,,,,,,,,,,,,,,,,,,,,,,,,,,,,,,,,,,7.0,,,,,,,,,,,,,,,,,,6.0,,,,5.0,,,,,,,,,,,,,,,,,3.0,,,,,,,,,,,,,,,,,,,2.0,,,,,1.0,0.0,,,,1.0,,,,,,,,,,,,,,,,,,,,,,3.0,,,5.0,,,,,,,,,,,,,,,,,,9.0,,,,,10.0,,,,,11.0,,,,,,,,,,,,,,,,,,13.0,,,,,,,,,,,,,,,15.0,,,,,,,,,,,,,,,,,,
Lapispira,,,,,,,,,,,,,,,,,,,,,,,,,,,,,,,,,,,,,,,,,,,,,,,,,,,,,,,,,,,,,,,,,,,,,,,,,,,,,,,,,,,,,,,,,,,,,,,,,,,,,,,,,,,,,,0.0,,,,,,,,,,,,,,,,,,,,,,,,,,,,,,,,,,,,,,,,,,,,,,,,,,,,,,,,,,,,,,,,,,,,,,,,,,,,,,,,,,,,,,,,,,,,,,,,,,,,,,,,,,,
Lennea,,,,,,,,,,,,,,,,,,,,,,,,,,,,,,,,,,,,,,,,,,,,,,,,,,,,,,,,,,,,,,,,,,,,,,,,,,,,,,,,,,,,,,,,,,,,,,,,,,,,,,,,,,,,,,,0.0,,,,,,,,,,,,,,,,,,,,,,,,,,,,,,,,,,,,,,,,,,,,,,,,,,,,,,,,,,,,,,,,,,,,,,,,,,,,,,,,,,,,,,,,,,,,,,,,,,,,,,,,,,
Lingulichnus,,,,,,,,7.0,1.5,,,,,,,,,,,,,,,,,,,,,,,,,,,,6.0,,0.75,,,,2.5,,,,,,,0.6666666666666666,,19.0,0.3333333333333333,,,,,,,,,,1.5,,,2.0,7.5,,,,,,,,,,,,,,,,5.0,1.0,,,,,,,,,3.0,,,,,,,,,,,,,,,1.0,,,,0.0,0.14285714285714285,,,,,,,,,,,,,,,,,,,,,,,,,0.5,,,,,,,,,,,,,3.0,,,,,0.5,,,,,,,,1.0,5.0,,2.0,,4.0,,,,,,,,,,,,,5.0,,1.0,,,,,,,,,,,,,8.0,,2.3333333333333335,,,4.5,,,1.0,,,,,,,,,,,,
Lockeia,,,,4.0,,,7.0,1.0,0.08333333333333333,4.0,1.4,,,1.2,,,,,,,2.0,,13.0,,0.9,,,7.0,,,,,,,,,3.5,,0.3333333333333333,,,,0.7777777777777778,,0.6666666666666666,,,,14.0,0.23809523809523808,,10.5,0.75,,,9.0,0.5,,,,,2.0,0.5,7.0,,0.4,0.6923076923076923,,,,,,,,,,,,0.5,,1.0,,0.2,1.0,1.0,,,12.0,,6.0,,,0.16666666666666666,,4.0,,,,,,,,3.0,,,,,0.6666666666666666,1.0,,,0.14285714285714285,0.0,,1.0,,,0.3333333333333333,1.0,,1.0,,,,,0.2,1.0,5.0,,,0.4,,,3.0,0.4,,,0.037037037037037035,13.0,,,,,2.0,,,,5.0,6.0,8.0,0.2222222222222222,2.5,6.0,8.0,,0.36666666666666664,,,,,0.25,,,0.07142857142857142,2.0,10.0,2.0,,0.7,0.6,0.2857142857142857,,3.0,,4.0,6.0,,,0.5,7.0,,0.25,,0.30434782608695654,,,,,,,2.0,,,,,,0.6153846153846154,,0.2857142857142857,,,0.26666666666666666,,,1.0,,,,,,,,,,,,1.0
Loloichnus,,,,,,,,,1.0,,,,,,,,,,,,,,,,,,,,,,,,,,,,,,,,,,,,,,,,,,,,,,,,,,,,,,,,,,,,,,,,,,,,,,,,,,,,,,,,,,,,,,,,,,,,,,,,,,,,,,,,,0.0,,,0.5,,,,,,,,,,,,,,,,,,,,,3.0,,,,,,,,,,,,,,,,,,2.0,,,,,,,,,,,,,,,,,,,,,,,,,,,,,,,,,,,,,,,,,2.0,,,,,,,,,,,,,,,,,,,,
Lophoctenium,,14.0,,,,,,,,,13.0,,,,,,,,,,,,,11.0,10.0,,,,,,,,,,9.0,,,,2.0,,,,,,,,,,7.0,,,,,,,,,,,,6.0,1.0,,,,,,,,,,,,,,,,,,,,,,,5.0,,,4.0,,,,,3.0,2.0,,,,,,,,,,,,,,0.5,,,,,1.0,,0.0,,,,,,,2.0,,,,,1.0,,,,1.5,,,,5.0,,,6.0,10.0,,,,,,,,,,,,2.5,9.0,,,,1.5,,,,,,,,2.0,,,,,,,,11.0,,,,,,,12.0,,,,,,,,,,,1.0,,,,,13.0,,14.0,,15.0,,,16.0,,,,,,,,18.0,,,,,,,0.3333333333333333
Lorenzinia,,2.0,,,,,,,23.0,,,,,,,,,,,,,,,,,18.0,,,,,,,,,,,,,2.0,,,,,,,,,,3.0,,5.0,,,,,,,,,,4.0,,,,,,,,,,,,,,,,,,,,,,,,,,,,,,,,1.0,0.5,,,,,,,,,,,,,,0.5,,,,,,,,0.0,,,,,,0.5,,,,,,,,,1.0,,,,0.6666666666666666,,,1.5,0.75,4.0,,,,,,,,,,5.0,,2.0,,,,2.5,,,,,22.0,,2.0,,,,,,,,,,,,,,,,21.0,,,,,,,,,,,,,,,,,,,,,,,11.0,,,,,,,,3.0,,,,,,,2.0
Lunulichnus,,,,,,,,,,,,,,,,,,,,,,,,,,,,,,,,,,,,,,,,,,,,,,,,,,,,,,,,,,,,,,,,,,,,,,,,,,,,,,,,,,,,,,,,,,,,,,,,,,,,,,,,,,,,,,,,,,0.5,,,0.0,,,,,,,,,,,,,,,,,,,,,,,,,,,,,,,,,,,,,,,,,,,,,,,,,,,,,,,,,,,,,,,,,,,,,,,,,,,,,,,,,,,,,,,,,,,,,,,,,,,,
Macanopsis,,,,,,,,5.0,2.0,,,,,,,,,,,,,,,,3.0,,,,,,,,,,,,,,,,,,3.0,,,,,,,,,,,,,,,,1.0,,,,,,,1.0,,,,,1.0,,,,,,,,4.0,,,,,,,,,,,,,,,,,,,,,,,,,,,,,,,,,,0.3333333333333333,,,,,0.0,,,,,,,,0.5,,2.0,,,2.0,,,,,,,2.5,,,,,,1.5,,,,,,,,,,,,0.5,,,1.0,,2.0,,,,,1.0,,,,,,,,,,,,,,,,,,1.6666666666666667,,,,,,,,,,,,,,,,,,3.0,,,,,,,,,,,,,,,
Macaronichnus,,,,,,,,,0.5,,12.0,,,1.75,4.0,,,,,,,,1.0,,1.0,0.5,,,,,,,,,,,,,0.6,,,,,,0.2,,,,,0.42857142857142855,,,1.0,,2.0,,,,,,,,2.5,,,5.0,0.4,,,,,,,,,,,,,,,,2.0,,,2.0,,,,,,,0.3333333333333333,1.0,,,,,,,,,,,,,,,,,,,1.0,,,,,,0.0,,,,,,,,,,,,19.0,,,,0.23076923076923078,,,0.14285714285714285,,,,2.0,,,,,,,,,,,,,2.0,0.14285714285714285,,,,,5.0,,,3.0,,,,,1.0,0.6666666666666666,,,4.0,,,,,2.5,5.0,,,5.5,,0.13333333333333333,,2.0,,1.0,,3.0,,,,,,,0.3333333333333333,,1.5,,,0.2,,,,2.0,,,,,,,,,,,5.0
Mammillichnis,,,,,,,,,,,,,,,,,,,,,,,,,,,,,,,,,,,,,,,,,,,,,6.0,,,,5.0,,,,,,,,,,,,,,,,,,,,,,,,,,,,,,,,,,3.0,,,,,,,,,,,,,,,,,,,,,,,,,,,,,,,,,,,,,0.0,,1.0,,,,,,,,,,,,,,,,3.0,,,,,,,,,,,,,4.0,5.0,,,,2.0,,,,,,,,,,,,,6.0,,,,,,,,,,,,,,,,,,,,,,,,,,,,,,,,,,,,,,,,,,,,,,,,
Margaritichnus,,,,,,,,,2.6666666666666665,,,,,15.0,,,,,,,,,14.0,,13.0,,,,,,,,,,,,,,12.0,,,,3.0,,5.0,,,,,1.0,,,,,,10.0,9.0,,,,,,2.0,,,3.0,1.0,,,,,,,,,,,3.0,1.0,,,,1.0,4.0,,,,1.0,,,,,,,,,,,,,,,,,,,,2.0,,,,,1.0,,,,,,,,0.0,,,,,1.0,,,,,2.0,,,,3.0,,,0.3333333333333333,,,,,,,,,,,5.0,,1.0,,,7.0,,1.5,2.0,5.0,,,,,,10.0,,,,,11.0,,1.0,,2.5,,,,,,3.0,,,,,4.0,,,,,,,,,,,,,5.0,,15.0,,,16.0,,,7.0,,,,,,,,,,,,
Megagrapton,,16.0,,,,,,,,,15.0,,,,,,,,,,,,,13.0,12.0,,,,,,,,,,11.0,,,,2.3333333333333335,,,,,,7.0,,,,3.0,,6.0,,,,,,,,,,2.0,,,,,,,,,,,,,,,,,,,,,3.0,4.0,,7.0,,,6.0,,,,2.0,1.25,0.5,,,,,,,,,,,,,,1.0,,,,,,,2.0,0.5,,,,1.0,,0.0,,,,,1.0,,,1.0,1.0,,,,0.5,,,0.4,0.2857142857142857,,,,,,,,,,,6.0,2.3333333333333335,2.0,,,,2.6666666666666665,,,,,,,0.3333333333333333,,,,,,5.0,,,9.0,,,,,,,10.0,,,,,,,,,,,,,,,,2.5,,12.0,,13.0,,,5.0,,,,,,,,1.0,,,,,,,15.0
Megaplanolites,,,,,,,,,,,,,,,,,,,,,,,,,,,,,,,,,,,,,,,,,,,,,,,,,,,,,,,,,,,,,,,,,,,,,,,,,,,,,,,,,,,,,,,,,,,,,,,,,,,,,,,,,,,,,,,,,,,,,,,,,,,0.0,,,,,,,,,,,,,,,,,,,,,,,,,,,,,,,,,0.0,,,,,,,,,,,,,,,,,,,,,,,,,,,,,,,,,,,,,,,,,,,,,,,,,,,,,,,,,,,,,
Mixoteichichnus,,,,,,,,,,,,,,,,,,,,,1.0,,,,,,,,,,,,,,,,,,,,,,,,,,,,,,,,,,,,,,,,,,,,,,,,,,,,,,,,,,,,,,,,,,,,,,,,,,,,,,,,,,,,,,,,,,,,,,,,,,,,,,,0.0,,,,,,,,,,,,,,,,,,,,,,,,,,,,,,,,,,,,,,,,,,,,,,,,,,,,,,,,,,,,,,,,,,,,,,,,,,,0.0,,,,,,,,,,,,,,,,,,
Monesichnus,,,,,,,,,,,,,,,,,,3.0,,,,,,,,,,,,,,,,,,,,,,,,,,,,,,,,,,,,,,,,,,,,,,,,,,,,,,9.0,,,,,1.0,,,,,,,,,,,,,,,,,,,,,,,,,,,,,,,,,,,,,,,,,,,,,,,,0.0,,,,,,,,,,,,,,,,,,,,2.0,,,,,,,,,,,,,,,,,,,,,,,,,,,,,,,,,,,,,,,,,,,,,,,,,,,,,,,2.0,,,,,,,,,,,,,,,,,
Monocraterion,,,,,,,,6.0,0.07692307692307693,,2.6666666666666665,,,2.3333333333333335,,,,,,,,,15.0,,2.0,,,6.0,,,,,,,,,,,0.8,,,,4.0,,,,,,,0.6666666666666666,,1.0,0.25,,2.0,11.0,10.0,,,,,6.0,1.6666666666666667,,,4.0,0.7777777777777778,,,,,,,,,,,,,,2.0,5.0,1.0,5.0,,,,,,,1.5,,2.0,,,1.0,,,2.0,,3.0,,,,,,,0.3333333333333333,,,,,0.2,,,,,0.5,,,1.0,,,,,0.0,1.0,,,,0.3333333333333333,,,,0.16666666666666666,,,0.06666666666666667,,,,,,1.0,,,,,4.0,,0.25,,,6.0,,0.10526315789473684,,,,,1.0,,,1.0,,,2.0,,0.8,1.3333333333333333,0.42857142857142855,,,,,,,,2.0,,,,,0.034482758620689655,,,,6.0,7.0,,,,,,,1.0,1.5,,0.2857142857142857,,,1.1666666666666667,,,5.0,6.0,44.0,,,,,,,,,,1.0
Multina,,17.0,,,,,,,,,16.0,,,,,,,,,,,,,14.0,13.0,,,,,,,,,,12.0,,,,0.6666666666666666,,,,,,,,,,10.0,2.0,,,,,,,,,,,9.0,,,,,,4.0,1.0,,,,,,,,,,,,,,,,,8.0,,1.0,7.0,,,,,0.25,5.0,,,,,,5.0,,,,,,,,1.5,,,,,1.0,,1.0,,,,,,,1.0,,,,1.0,0.0,,,,0.25,,,0.5,2.0,,,0.6,7.0,,,,,,,,,,,,1.5,2.0,1.6666666666666667,2.0,,2.0,,,,,,,,,,,,,1.5,7.0,,8.0,,,,,,,9.0,,,,,,,,,,,,,,,,10.0,,11.0,,4.0,,,4.5,,,,4.0,,,,15.0,,,,,,,1.6666666666666667
Naktodemasis,,,,,,,,,,,,,,,,,,,,,,,1.0,,,,,,,,,,,,,,,,,,,,,,,,,,,,,,,,,,,,,,,,,,,3.0,,,,,,,,,,,,,7.0,,,,,,,,,,,,,,,,,,,,,,,,,,,,,,,,,,5.0,,,,,2.0,,,,,,,,,,0.0,,,,,,,,,,4.0,,,,,,,,,,,,,,,,,,3.0,,,,,,,,,,,,,,,,,,,,,,,,,,,,1.0,,,,,,,,,,,,,0.5,,,,,,,,,,,,,,,,,,,,
Nenoxites,,,,,,,,,,,,,,,,,,,,,,,,,,,,,,,,,,,,,,,,,,,,,,,,,,,,,,,,,,,,,,,,,,,,,,,,,,,,,,,,,,,,,,,,,,,,,,,,,,,,,,,,,,,,,,,,,,,,,,,,,,,,,,,,,0.0,,,,,,,,,,,,,,,,,,,,,,,,,,,,,,,,,,,,,,,,,,,,,,,,,,,,,,,,,,,,,,,,,,,,,,,,,,,,,,,,,,,,,,,,
Neonereites,,,,,,,,,9.0,,,,,10.0,,,,,,,,,,,11.0,,,,,,,,,,,,,,0.8,,,,1.5,,,7.0,,,8.0,1.5,,2.0,,,,,,,,6.0,,,0.5,,3.0,1.3333333333333333,,,,,,,,,,,,,,,,,1.0,,,,,,,,,,2.0,,,0.3333333333333333,,,,,,,,,,,,,,,,,,,,,,,,,,1.0,,,,,,,,0.0,0.0,,,3.0,,,,0.3333333333333333,1.0,,,,,,,,,,,,0.25,,,,,0.7142857142857143,,,,,,,2.0,2.5,1.0,,,,,0.5,1.6666666666666667,,,,6.0,,,,,,,,,1.0,,,,,,,,,,,,,8.0,,1.5,,,9.0,,,13.0,,,,,,,,,,,,4.0
Nereites,,0.6666666666666666,,2.0,,1.0,,4.0,1.8,4.0,17.0,,,0.4,,,,,,,,,1.0,15.0,1.25,19.0,0.3333333333333333,,,,2.0,,,,13.0,,,,0.13793103448275862,,,,1.0,,,7.0,,,2.0,0.125,,1.0,1.0,,,12.0,11.0,,,6.0,2.5,0.125,0.3333333333333333,,1.0,0.8,0.5,2.0,,,,,,,,,,3.0,,,,,0.3333333333333333,6.0,9.0,,,0.5,,,,,0.7272727272727273,1.0,,0.3333333333333333,,2.0,,,,,,,,,,0.4,,,,,0.4,,1.5,1.0,,2.0,19.0,,2.0,1.0,,,,0.3333333333333333,0.25,,,0.0,0.0,,,1.2,0.16666666666666666,,,0.06666666666666667,0.2,,3.0,,,1.0,,,,,3.0,,0.14285714285714285,0.0625,1.5,5.0,,0.03333333333333333,,,,,1.0,12.0,0.6666666666666666,0.6,1.0,3.0,,,1.6666666666666667,0.25,1.0,7.0,,,6.0,,,2.0,0.42857142857142855,,,,,0.3333333333333333,,,,2.0,2.0,2.0,1.3333333333333333,,,,9.0,,1.6,5.0,0.5,,,0.125,,,3.0,1.3333333333333333,,,,14.0,,,,,,,0.034482758620689655
Nummipera,,,,,,,,,,,,,,,,,,,,,,,,,,,,,,,,,,,,,,,,,,,,,,,,,,,,,,,,,,,,,,,,,,,,,,,,,,,,,,,,,,,,,,,,,,,,,,,,,,,,,,,,,,,,,,,,,,,,,,,,,,,,,,,,,,,,0.0,,,,,,,,,,,,,,,,,,,,,,,,,,,,,,,,,,,,,,,,,,,,,,,,,,,,,,,,,,,,,,,,,,,,,,,,,,,,,,,,,,,,,
Oikobesalon,,,,,,,,,,,,,,,,,,,,,,,,,,,,,,,,,,,,,,,,,,,,,,,,,,,,,,,,,,,,,,,,,,,,,,,,,,,,,,,,,,,,,,,,,,,,,,,,,,,,,,,,,,,,,,,,,,,,,,,,,,,,,,,,,,,,,0.0,,,,,,,,,,,,,,,,,,,,,,,,,,,,,,,,,,,,,,,,,,,,,,,,,,,,,,,,,,,,,,,,,,,,,,,,,,,,,,,,,,,,
Oldhamia,,,,,,,,,,,,,,,,,,,,,,,,,,,,,,,,,,,,,,,1.0,,,,3.0,,,,,,5.0,2.0,,,,,1.0,,,,,,,,0.5,,1.0,,6.0,,,,,,,,,,,,,,,,,,,,,,,,,,0.4,,,,,,,,,,,,,,,,,,,,3.0,,,,,,,,,,,,,,0.5,,,3.0,1.2,,,0.0,,,,0.5,1.0,,,,,,,,,,,,3.5,1.0,3.0,0.5,,0.5,,,,,,,2.0,9.0,,,,,,,0.5,,,,,,,,,,,,,,,,,,,,,,,,,,,,1.0,,,7.0,,,0.2,,,,,,,,,,,,
Ophiomorpha,,19.0,,,,,,,0.07142857142857142,,1.0,,,0.25,5.0,,,,,,,5.0,17.0,16.0,1.0,2.0,,,,,,,,,14.0,,,,0.023809523809523808,,,,14.0,,0.25,,,,0.6,0.4375,7.0,2.5,0.15384615384615385,,1.0,13.0,12.0,,,,5.0,6.0,1.0,,,,0.03333333333333333,,,,,,,8.0,,,,,,,,,0.125,0.2222222222222222,10.0,0.5,,2.5,,,2.0,,0.42857142857142855,0.4,,,,9.0,3.0,3.0,4.0,,5.0,,,,,0.5,3.0,,,,0.4,,5.0,0.6666666666666666,,,0.23076923076923078,,3.0,0.5,,,,0.16666666666666666,2.0,,,,0.16666666666666666,,,,0.0,,,0.1276595744680851,0.2,,6.0,1.0,,,,,,2.0,0.6666666666666666,7.0,0.1111111111111111,0.23809523809523808,,4.0,0.75,0.029850746268656716,,,,,1.75,,2.0,2.5,,2.6666666666666665,,,0.07692307692307693,0.3125,,3.5,3.0,1.0,,4.0,,0.5,0.07142857142857142,,6.0,3.3333333333333335,,0.014705882352941176,,,,,,,0.25,,,,8.0,,0.36363636363636365,8.0,0.0,,,0.01098901098901099,,,,5.0,,,,13.0,,,,,,,0.1875
Oravaichnium,,,,,,,,,,,,,,,,,,,,,,,,,,,,,,,,,,,,,,,,,,,,,,,,,,,,,,,,,,,,,,,,,,,,,,,,,,,,,,,,,,,,,,,,,,,,,,,,,,,,,,,,,,,,,,,,,,,,,,,,,,,,,,,,,,,,,,,,0.0,,,,,,,,,,,,,,,,,,,,,,,,,,,,,,,1.0,,,,,,,,,,,,,,,,,,,,,,,,,,,,,,,,,,,,,,,,,,,,,,,,,,
Osculichnus,,,,,,,,,,,,,,,,,,,,,,,,,,,,,,,,,,,,,,,,,,,,,,,,,,,,,,,,,,,,,,,,,,,,,,,,,,,,,,,,,,,,,,,,,,,,,,,,,,,,,,,,,,,,,,,,,,,,,,,,,,,,,,,,,,,,,,,,,0.0,,,,,,,,,,,,,,,,,,,,,,,,,,,,,,,,,,,,,,,,,,,,,,,,,,,,,,,,,,,,,,,,,,,,,,,,,,,,,,,,
Palaeophycus,,0.75,,1.5,,3.0,,0.6,0.02127659574468085,5.0,1.0,1.0,,0.08333333333333333,,,,,,,0.6666666666666666,,5.5,17.0,0.17647058823529413,2.5,,17.0,,,,,,,15.0,,,,0.1125,6.0,3.0,,0.2777777777777778,4.0,0.4117647058823529,,,,3.0,0.05405405405405406,8.0,1.5,0.02631578947368421,1.0,4.5,14.0,13.0,,,7.0,4.5,7.0,0.16666666666666666,12.0,1.0,0.05555555555555555,0.05128205128205128,4.0,,,,,,,,,,4.0,1.0,4.0,9.0,6.0,0.125,0.0625,0.6666666666666666,1.0,1.0,0.5,,11.0,2.0,,0.13043478260869565,1.3333333333333333,,1.0,,,4.0,4.0,5.0,,7.0,,,,,0.1111111111111111,5.0,,,0.5,0.037037037037037035,3.0,6.0,1.5,,2.5,0.14285714285714285,3.0,0.3333333333333333,0.4,,,,0.06666666666666667,0.6,4.0,,0.3333333333333333,0.06666666666666667,,,0.5,0.1276595744680851,,,0.0,0.14285714285714285,,,1.0,,,,1.0,,1.0,0.5,4.0,0.24324324324324326,0.05263157894736842,1.0,3.0,5.0,0.006172839506172839,6.0,,,,0.5555555555555556,,1.0,0.1111111111111111,0.3333333333333333,0.8,5.0,,0.15384615384615385,0.047619047619047616,0.14285714285714285,5.0,0.6666666666666666,,,6.0,,0.8,0.05,1.3333333333333333,,0.07692307692307693,,0.010101010101010102,,7.0,,5.0,3.0,,0.5,,,,2.0,9.0,0.225,,0.04838709677419355,,,0.020618556701030927,,13.0,0.6,0.42857142857142855,2.0,,,12.0,,,,,,7.0,0.10714285714285714
Paleodictyon,,1.5,,,,8.0,,1.0,3.0,,23.0,,,1.0,,4.0,,,,,,,7.0,21.0,6.5,21.0,,,,,,,,,19.0,,,,0.2,,,3.0,11.0,,,,,,0.25,9.0,9.0,,6.0,,,,,,,8.0,2.3333333333333335,2.0,7.0,,,,,,,,,,,,,,,,,,,4.0,,,15.0,,,1.3333333333333333,,,,3.0,0.8,1.6666666666666667,,4.0,,,,,,,,,,,,1.6666666666666667,,,,,13.0,,10.0,0.75,,,,,,0.2857142857142857,,,,,7.0,,,1.0,0.2,,,1.0,0.2,,,0.14285714285714285,0.0,5.0,,,,,,,,,,9.0,0.3333333333333333,0.3333333333333333,,,,1.0,,,,,25.0,3.0,0.08333333333333333,0.5,,,,,,,4.0,1.0,,,,,,,0.25,,2.5,,,1.5,,,,,,1.0,,,,,0.5,2.0,2.0,,5.0,,,0.2857142857142857,,,0.3333333333333333,,,,,0.25,,,0.0,,,,0.2857142857142857
Paleomeandron,,2.0,,,,,,,,,,,,,,,,,,,,,,,,,,,,,,,,,,,,,,,,,,,,,,,,1.0,,,,,,,,,,,,,,,,,,,,,,,,,,,,,,,,,,,,,,,,,,,3.0,,,,,,,,,,,,,,,,,,,,,,,4.0,,,,,,,,,,,,,,,,,,,,,,,5.0,0.0,,,,,,,2.0,,,,,,,,,,,,,,,,,3.0,,,,,4.0,,,,,,,,,,,,,,,,,,,,,,,,,,,,5.0,,,,,,,,,,,,,1.0,,,,,,,6.0
Paradictyodora,,,,,,,,,,,,,,,,,,,,,,,,,,,,,,,,,,,,,,,,,,,,,,,,,,,,,1.0,,,,,,,,,0.0,,,,,,,,,,,,,,,,,,,,,,,,,,,,,,,,,,,,,,,,,,,,,,,,,,,,,,,,,,,,,,,,,,,,,3.0,,,,6.0,,,,,,0.0,,,,,,,,,,,2.0,,,,,,,,,,,,,,,,,,,,,,,,,,1.0,3.0,,,,,,,,,,,,,,,,,,,2.0,,,,,,,,,,,,,,,,,,,1.0
Parahaentzschelinia,,,,,,,,,10.0,,,,,9.0,,,,,,,,,,,,,,,,,,,,,,,,,5.0,,,,,,,,,,,4.0,,,7.0,,8.0,,,,,,,,7.0,,,,6.0,,,,,,,,,,,,,,,,,,,0.0,,,,,,,,3.0,7.0,,,,,,,,,,,,,1.0,,,,,,,,,,,2.0,,,,,,,,,,,,,,,,1.0,,,1.0,,,,0.0,,,,,,,,,,,,,,2.0,,,,,3.0,,,4.0,,,,,5.0,6.0,,,,,,4.0,,7.0,8.0,,,4.5,,,,,,,,,,,,,,,10.0,,11.0,,,12.0,,,,,,,,,,,,,,,
Parataenidium,,,,,,4.0,,3.0,,,,,,,,,,,,,,,2.0,,,,,,,,,,,,,,,,,,,,,,,,,,,,,0.5,,,,,,,,,,1.0,,,,,,,,,,,,,,,,,,,,,,,,,,,,,,,,,,,,,,,,,,,,,,,,,,,,,,,,,,,,,,,,,,,,,,,,,,,,,,,,,0.0,,,,,,,,,,,,,1.0,,,,,,,,,1.0,,,,,,,,,,,,,,,,,,,3.0,,,,,,,,,,,,,0.0,,,,,,,,,,,,,,,,,,,,4.0
Parmaichnus,,,,,,,,8.0,0.6666666666666666,,,,,,,,,,,,,,,,6.0,,,,,,,,,,,,,,,,,,,,,,,,,,,,,,,,,,,,,,,,,,,,,,,,,,,,,,,,,,,,,,,,,,,,,,,,,,,,,,,,,,,,,,,,2.0,,,,,1.5,,,,,,,,1.0,,,,,1.0,,,,,,,,,,,,,0.0,,,,,,,,,,,,,,,,,0.5,,,,,1.0,,,,,,,,,,,,,,,,,,1.0,,,,,,,,,,,,,,,,,,0.3333333333333333,,,,,,,,,,,,,,,
Parowanichnus,,,,,,,,,,,,,,,,,,1.0,,,,,,,,,,,,,,,,,,,,,,,,,,,,,,,,,,,,,,,,,,,,,,,,,,,,,,7.0,,,,,3.0,,,,,,,,,,,,,,,,,,,,,,,,,,,,3.0,,,,,,,,,,,,,,,,,,,,2.0,,,,,,,,,,,,,,,,,,,,0.0,,,,,,,,,,,,,,1.0,,,,,,,,,,,,,,,,,,,,,,,,,,,,,,,,,,,,,,,,,4.0,,,,,,,,,,,,,,,,,
Patagonichnus,,,,,,,,,,,,,,4.0,,,,,,,,,,,,,,,,,,,,,,,,,4.0,,,,,,,,,,,,,,,,,,,,,,,,,,,,,,,,,,,,,,,,,,,,,,,,2.0,,,,,,,,,,,,,,,,,,,,,,,,,,,,,,,,,,,,,,,,,,,,,,,,,,,1.0,,,,,,,,0.0,,,,,,,,,,1.0,,,,,,,,,,,,,2.0,,,,,,,,,,,,,,,,,,,,,,,,,,,,3.0,,,,,4.0,,,,5.0,,,,,,,,,,6.0,5.0
Pennatulites,,,,,,,,,,,,,,,,,,,,,,,,,,,,,,,,,,,,,,,,,,,,,,,,,,3.0,,,,,,,,,,,,,,,,,,,,,,,,,,,,,,,,,,,,,,,,,,,,,,,,,,,,,,,,,,,,,,,,,,,,,,,,,,,,,,,,,,,,,,,,,,2.0,,,,,,,0.0,,,,,,,,,,,,,,,,,1.0,,,,,2.0,,,,,,,,,,,,,,,,,,,,,,,,,,,,3.0,,,,,,,,,,,,,,,,,,,,
Pentichnus,,,,,,,,,,,,,,8.0,,,,,,,,,,,,,,,,,,,,,,,,,7.0,,,,,,,,,,,3.0,,,,,,,,,,,,,,,,,6.0,,,,,,,,,,,,,,,,,,,,,,,,,,,,,,,,,,,,,,,,,,,,,,5.0,,,,,,,,,,,,,,,,,,,,,,2.0,,,1.0,,,,,,,,,,0.0,,,,,,,,4.0,,,,,,,,,,,,,3.0,,,,,,,,,,,,,,,1.0,,,,,,9.0,,,,,,,,,,,,,,,1.0,,,,,,,,,,,,
Phoebichnus,,,,,,,,,21.0,,,,,20.0,,,,,,,,,19.0,,18.0,,,,,,,,,,,,,,3.5,,,,16.0,,,,,,,,,1.5,4.0,,,15.0,14.0,,,,,,13.0,,,,1.25,,,,,,,,,,,,,,,,10.0,9.0,,,,,,,,,,,,,,,,,,,,,,,,7.0,,,,,6.0,,,,,,,,5.0,,,,,4.0,,,,,3.0,,,,0.6666666666666666,,,0.5,,,,,,,,,,,0.0,,1.0,,,2.0,,3.0,,,,,,,,5.0,,,,,0.25,,,,,,,,,,7.0,,,,,8.0,,,,,,,,,,,,,9.0,,10.0,,,1.0,,,,,,,,,,,,,,,
Pholeus,,,,,,,1.0,,,,,,,,,,,,,,3.0,,,,12.0,,,,,,,,,,,,,,1.0,,,,11.0,,10.0,,,,,,0.0,9.0,,,,,,,,,,,,,,,,,,,,,,,,,,,,,,,,,,,,,,,,,1.0,,,,,,,,,,,,,,,4.0,,,,,8.0,,,5.0,,,,,,6.0,,,,,,,,,,,,,7.0,,,4.0,9.0,,,,,,,,,,,0.0,7.0,,,,,8.0,,,,,,,,6.0,,,,,0.6666666666666666,,,,,,,,,,,,,,,,,,,,,,,,,,,,,,,,,2.0,,,,,,,,,,,,,,,
Phycodes,,22.0,,,,,6.0,5.0,0.5263157894736842,,2.25,,,1.125,,,,,,,6.0,,20.0,19.0,0.3333333333333333,2.0,,,,,,,,,0.5,,,,0.3125,,,,0.36363636363636365,,1.0,,,,2.75,0.6111111111111112,,1.5,0.5,,2.0,16.0,15.0,,,9.0,14.0,4.0,0.25,,0.3333333333333333,0.8571428571428571,0.18181818181818182,,,,,,,,,,,5.0,,,,7.0,0.4,1.0,1.0,,,1.5,,,2.5,,1.0,10.0,,1.5,,,6.0,,7.0,,,,,,,1.0,,,,3.0,0.2222222222222222,,2.5,,,,,4.0,1.0,2.3333333333333335,,,,0.25,1.5,,,0.25,0.14285714285714285,,,3.5,0.1111111111111111,,,0.24324324324324326,0.3333333333333333,,,,,,,,,,1.0,7.0,0.0,0.16666666666666666,,1.0,,0.2,,,,,3.0,,0.5,0.5,,,5.0,,0.058823529411764705,0.3333333333333333,0.05263157894736842,3.0,1.5,,1.0,,,0.5,0.5,,,,,0.14285714285714285,,,,4.0,1.6666666666666667,,5.0,,,,5.0,,0.5,,0.35,,,0.3,,,0.625,2.25,0.6,,,10.0,,,,,,,0.0
Phycosiphon,,23.0,,,,,,2.0,1.4,4.0,1.0,8.0,,0.25,,,,,,,3.0,,,20.0,3.0,22.0,,,,,,,,,18.0,,,,0.058823529411764705,,,,2.0,,2.75,,,,1.0,2.0,,,0.23529411764705882,,,,,,,,4.0,2.0,,,,,0.6666666666666666,5.0,,,,,,,,,,,,,,,8.0,0.4,14.0,,,13.0,,,2.0,,0.07692307692307693,1.4,,,,1.0,,,,,,,,,,2.5,,,,,2.5,,9.0,2.0,,,,5.0,,2.0,,,,,2.0,,,,0.0625,,,1.0,0.23809523809523808,,,0.05263157894736842,0.3333333333333333,,2.0,,,,,,,,,,0.16666666666666666,0.0,1.0,,,0.05,,,,,13.0,,1.0,,3.0,,,,0.5333333333333333,0.1,,2.0,,,0.5,,,0.2727272727272727,0.06666666666666667,,,,,0.3,,,,,,,1.0,,,,4.0,,0.25,4.0,0.045454545454545456,,,0.13333333333333333,,,,0.75,,,,9.0,,,,,,,0.0
Phymatoderma,,,,,,,,,,,,,,,,,,,,,,,,,,,,,,,,,,,,,,,0.3333333333333333,,,,,,,,,,,4.0,,,,,,,,,,,,,,,,,9.0,6.0,,,,,,,,,,,,,,,,,,,,,,,,,7.0,,,,,,,,,,,,,,,,,,,,6.0,,,,,,,,,,,,,,1.6666666666666667,,,,1.5,,,3.0,,,,1.0,,,,,,,,,,,,,,1.0,0.0,,,0.5,,,,,,,,,,,,,0.5,2.0,,,,,,,,,,,,,,,,,,,,,,,,,,,,,1.5,,,1.3333333333333333,,,,,,,,,,,,,,,1.0
Pilichnus,,,,,,,,,23.0,,,,,22.0,,,,,,,,,21.0,,20.0,,,,,,,,,,,,,,0.25,,,,18.0,,,,,,,,,,,,,17.0,16.0,,,,,,15.0,,,,14.0,,,,,,,,,,,,,,,,12.0,11.0,,,,,,,,,3.0,,,,,,,,,,,,,,,9.0,,,,,8.0,,,,,,,,7.0,,,,,6.0,2.0,,,,5.0,,,0.5,4.0,,,3.0,,,,,,,,,,,2.0,,1.0,,,0.0,,0.5,,,,,,,,3.0,,,,,4.0,,,,,,,,,,5.0,,,,,0.5,,,,,,,,,,,,,7.0,,4.0,,,4.5,,,,4.0,,,,,,,,,,,6.0
Piscichnus,,,,,,,,,1.3333333333333333,,,,,6.0,,,,,,,,,,,,,,,,,,,,,,,,,,,,,,,,,,,,,,,5.0,,,,,,,,,,,,,,4.0,,,,,,,,,,,,,,,,,4.0,,,,,,,,,3.0,,,,,,,,,,,,,,,,,,,,,,,,,,2.0,,,,,,,,,,,,,,,,0.75,,,5.0,,,,,,,,,,,,,,,,,0.0,0.5,,,,,,,,,,,,,,5.0,,,,,,1.0,,,2.0,,,,,1.0,,,,,,,,,,,,,7.0,,,,,1.0,,,,,,,,,,,,,,,
Planolites,,0.25,,1.0,,1.6666666666666667,,0.5,0.041666666666666664,6.0,0.1,2.0,,0.02631578947368421,,,,,,,0.75,,3.0,18.0,0.47058823529411764,3.0,1.6666666666666667,4.0,,,,,,,16.0,,,,0.06802721088435375,7.0,2.0,,0.2857142857142857,5.0,0.2608695652173913,1.0,3.0,,1.3333333333333333,0.04918032786885246,,0.6666666666666666,0.038461538461538464,0.5,2.5,18.0,17.0,,,,4.0,9.0,0.4444444444444444,,1.0,0.09090909090909091,0.058823529411764705,3.0,,,2.0,,1.0,,,1.0,,6.0,0.6666666666666666,7.0,4.0,8.0,0.23809523809523808,0.14285714285714285,1.0,2.0,1.5,0.3333333333333333,,,2.0,,0.12121212121212122,1.0,,1.0,,,7.0,0.5,8.0,2.0,11.0,,,,,0.2857142857142857,9.0,,,0.5,0.36666666666666664,2.0,1.5,2.5,,0.5,0.14285714285714285,2.0,1.5,2.6666666666666665,0.0,,,0.10526315789473684,2.0,3.0,,0.7142857142857143,0.03333333333333333,,,0.5,0.029850746268656716,,,0.006172839506172839,1.0,,,2.0,1.0,,,1.0,,4.0,3.0,8.0,0.2,0.05,0.5,0.5,0.5,0.0,,,,,0.09090909090909091,8.0,2.5,0.06666666666666667,0.16666666666666666,0.25,0.5,,0.01818181818181818,0.034482758620689655,0.16666666666666666,0.5,0.5,,0.3333333333333333,,,0.42857142857142855,0.08571428571428572,0.4,,0.7142857142857143,,0.015503875968992248,,6.0,,3.0,1.0,2.0,0.09090909090909091,,,,6.0,8.0,0.13793103448275862,,0.018691588785046728,,,0.006369426751592357,,12.0,0.07142857142857142,0.09523809523809523,0.3333333333333333,,1.0,11.0,,,,,3.0,5.0,0.0
Platicytes,,,,,,,,,,,,,,,,,,,,,,,,,,,,,,,,,,,,,,,,,,,,,,,,,,7.0,,,,,,,,,,,,,,,,,,,,,,,,,,,,,3.0,,,,,,,,,,,,,,,,,,,,,,,,,,,,,,,,,,,,,,,,,,2.0,,,,,,,,,,,,,,,,,6.0,,,,,,,,,,,,,,,,,,,0.0,,,,,,,,,,,,,,8.0,,5.0,,,,,,,,,,,,,,,,,,,,,,,,,,,,,,,,,,,,,,,,,,,,
Polarichnus,,,,,,,,,11.0,,,,,,,,,,,,,,,,,,,,,,,,,,,,,,,,,,,,,,,,,10.0,,,,,,,,,,,,,9.0,,,8.0,7.0,,,,,,,,,,,,,,,,,,,,,,,,,,,,,,,,,,,,,,,,,,,,,,,,,,,,,,5.0,,,,,,,,,,,,,,,,,,,,,,,,,,,,,,,,,,,,,0.0,,,,,,,,,,,,,1.0,,,,,,,,,,,,,3.0,,,,,,,,,,,,,5.0,,,,,,,,,,,,,,,,,,,,
Polychoredrites,,,,,,,,,,,,,,,,,,,,,,,,,,,,,,,,,,,,,,,,,,,,,,,,,,,,,,,,,,,2.0,,,,,,,,,,,,,,,,,,,,,,,,,,,,,,,,,,,,,,,,,,,,,,2.0,,,,,,,,,,,,,1.0,,,,,,,,,,,,,,,,,,,,,,,,,,,1.0,,,,,,,,,,,,,,0.0,,,,,,,,,,,,,,,,,,,,,,,,,3.0,,,,,,,,,,,,,,,,,,,,,,,,,,,,,,,,,
Polykampton,,,,,,,,,,,,,,,,,,,,,,,,,,,,,,,,,,,,,,,,,,,,,,,,,,,,,,,,,,,,,,,,,,,,,,,,,,,,,,,,,,,,,,,,,,,,,,,,,,,,,,,,,,,,,,,,,,,,,,,,,,,,,,,,,,,,,,,,,,,,,,,,,,,,,,,,,,,,,,,,0.0,,,,,,,,,,,,,,,,,,,,,,,,,,,,,,,,,,,,,,,,,,,,,,,,,,,,,,,,,
Polykladichnus,,,,,,,,9.0,0.0,,7.0,10.0,,4.0,,,,,,,,,,,7.0,4.0,,,,,,,,,,,,,4.0,,,,,,8.5,,,,,7.0,,,2.0,,5.5,,,,,,18.0,,8.0,,,,3.75,,,,,,,,,,,,,,,,2.0,6.5,,1.5,,,,,,,7.0,3.0,,,,,,,,,12.0,,,,,5.5,10.0,,,,0.25,,,22.0,,2.0,5.0,,,,,,,1.0,,,,,1.0,,,,1.75,,,0.5555555555555556,25.0,,,3.0,,0.5,,,,,,,3.0,13.0,,,,0.09090909090909091,,,,,0.0,,,1.0,,1.0,2.0,,2.0,1.5,,,,,,,,4.0,1.6666666666666667,,,0.5,,0.21428571428571427,,,,,,,,,,,,,7.0,,1.25,,,0.18181818181818182,,,,6.0,,,,,,,,,,,2.0
Pramollichnus,,,,,,11.0,,4.0,,,,,,2.0,,,,,,,,,10.0,,,,,,,,,,,,,,,,,,,,,,,,,,,,,,9.0,,,,,,,,,,,,,,,,,,,,,,,,,,,,,,,,,,,,,,,,,,,,,,,,,,,,,,,,,,,,,,,,,,,,,,,,,,,,,,12.0,,,,,,,,3.0,,,,,,,,,,,,,,,,,8.0,,,,,,0.0,3.0,,,,,,,,,,,,,,,,,,,,,6.0,,,,,,,,,,,,,,,,,,,,,,,,,,,,,,,,,5.0
Protopaleodictyon,,,,,,8.0,,1.0,,,,,,1.0,,,,,,,,,7.0,,15.0,,,,,,,,,,,,,,2.0,,,,13.0,,,,,,2.3333333333333335,11.0,,,6.0,,,,,,,10.0,,2.0,9.0,,,,,,,,,,,,,,,,,,,,,,,,,,,,,,2.3333333333333335,,,6.0,,,,,,,,,,,,,,,,,,,,2.0,,,,,,0.3333333333333333,,,,,,,,2.0,0.6666666666666666,,,2.0,2.0,,,1.0,0.08333333333333333,,,,,,,,,,,,0.5,1.0,,,,2.5,,,,,,3.0,0.0,0.5,,,,,,,2.0,,,,,,,,,,2.5,,,1.5,,,,,,,,,,,1.0,,4.0,,,,,0.5,,,2.0,,,,,,,,,,,,2.0
Protovirgularia,,,,5.0,,,5.0,9.0,4.666666666666667,,,,,6.5,,,,,,,8.0,,24.0,,5.333333333333333,2.0,,,6.0,,,,,,,,,,0.14285714285714285,,,,4.666666666666667,,1.3333333333333333,,,,13.0,0.4444444444444444,,3.0,1.0,,12.0,20.0,19.0,,,11.0,,,3.3333333333333335,,,0.6,5.0,,,,,,,,,,,,,,,,0.5,14.0,,4.0,,6.0,,,,,2.6666666666666665,7.0,3.0,7.0,,,,,,,,,,,,12.0,,,,1.0,0.07142857142857142,,2.0,,,,3.0,,10.0,,,,,1.0,,,,2.5,0.6,,,9.0,2.5,,,0.1111111111111111,0.5,3.0,,4.0,,,,,1.0,,5.0,6.0,0.5,,,3.0,,0.06666666666666667,,,,,1.0,,0.5,0.0,6.0,,3.0,,0.5714285714285714,0.16666666666666666,0.3333333333333333,,,,2.0,,,1.0,1.0,2.0,,5.0,,0.3333333333333333,,,,,,,0.3333333333333333,,,,,,0.3333333333333333,,1.75,,,0.16666666666666666,,,0.5,1.0,19.0,,,,,,,,,,2.0
Psammichnites,,,,,,6.0,,1.6666666666666667,5.0,,11.0,,,,,,,,,,,,4.0,,2.0,,,,,,,,,,,,,,,,,,5.0,,,,,,,3.5,,1.0,1.0,,,,,,,,,1.0,1.0,8.0,4.0,5.0,3.0,,,,,,,,,,,,,,,,,,7.0,,,,,7.0,,,4.0,,,,,,,,,,,,,,,,,,,5.0,2.0,,,,,,,,,,,,,,,,,1.0,1.0,,,,,,,0.3333333333333333,,,,,1.0,,,,,,,,,3.0,,,,0.16666666666666666,,,,,,,,6.0,0.0,,3.0,,9.0,5.5,3.4,,,,,,,,,,,,,0.2,,,,,,,,,,,,10.0,1.0,,2.6666666666666665,,,2.5,,2.0,1.3333333333333333,,2.0,,,,,,,,,,1.0
Psilonichnus,,,,,,,,,0.5,,,,,,,,,,,,,,3.0,,1.0,,,,,,,,,,,,,,2.0,,,,,,18.0,,,,,0.2,,,1.0,,,,,,,,,,17.0,,,,1.6666666666666667,,,,,,,,,,,,,,,,,3.5,,,,,,,,,,,,,,,,,,,13.0,,,,,12.0,11.0,,,,10.0,,,,,1.0,,,,,,,,,,,,,3.0,,,,2.6666666666666665,,,0.8,,,,,,1.0,,,,,,,,,,,,0.25,,,,,1.0,,,,,0.0,,,0.3333333333333333,,,,,,,,,,,1.0,,1.5,,0.2857142857142857,,,,,,,2.0,,,,,,,,0.25,,,0.3333333333333333,,,,2.0,,,,,,,,,,,2.0
Ptychoplasma,,,,,,,,,,,,,,,,,,,,,,,,,,,,,,,,,,,,,,,,,,,,,,,,,,,,,,,,,,,,,,,,,,,,,,,,,,,,,,,,,,,,,,,,,,,,,,,,,,,,,,,,,,,,,,,,2.0,2.0,,,,,,,,,,,,,2.0,,,,,,,,,,1.0,,5.0,,,,,,,,,,,,,5.0,,,,,0.5,,,,,2.0,,,3.0,3.0,,0.0,,,,1.0,,,,,,,,,,,,,1.0,,,,,,,,,,,,,,,,,,3.0,,,1.0,4.0,,7.0,,,,,,,,,
Rebuffoichnus,,,,,,,,,,,,,,,,,,,,,,,,,,,,,,,,,,,,,,,,,,,,,,,,,,,,,,,,,,,,,,,,,,,,,,,,,,,,0.3333333333333333,,,,,,,,,,,,,,,,,,,,,,,,,,,,,,,,,,,,,,,,,,,,,,,,,,,,,,,,,,,,,,,,,,,,,,,,,,,,,,,,,,,,,,,,,,,,0.0,,,,,,,,,,,,,,,,,,,,,,,,,,,,,,,,2.0,,,,,,,,,,,,,,,,,
Rhizocorallium,,3.0,,,,1.0,4.0,10.0,0.21052631578947367,,2.0,,,0.1875,6.0,,,,,,0.14285714285714285,,25.0,,2.3333333333333335,1.0,,2.0,,,,,,,,,2.0,,0.0625,,,,1.0,,1.25,,,,5.5,0.2,,0.6666666666666666,0.1,,3.0,21.0,20.0,,,,,,4.0,1.0,4.0,0.3333333333333333,0.17647058823529413,7.0,,,,,,,,,,,,10.0,,,0.4444444444444444,0.25,,5.0,2.0,4.0,,2.0,5.0,,1.2857142857142858,4.0,,,,1.5,8.0,,9.0,,,,,,,2.3333333333333335,,,,4.0,0.7,,,,,,1.0,6.0,11.0,5.0,,,,0.8,1.5,,,,1.6666666666666667,,,,0.07692307692307693,,,0.15384615384615385,,4.0,,5.0,,,,2.0,2.0,3.0,0.25,0.6666666666666666,0.058823529411764705,0.5333333333333333,0.5,4.0,,0.01818181818181818,,,,,2.0,,,0.5714285714285714,9.0,0.3333333333333333,,,0.0,0.07692307692307693,0.2,4.0,2.0,,2.0,,,0.16666666666666666,0.25,,,0.3333333333333333,,0.14705882352941177,,,,,0.5,,0.25,,,,,,0.08333333333333333,,0.16,,,0.03225806451612903,,,2.5,0.5,1.0,,,,,,,,,4.0,0.4444444444444444
Rosselia,,,,,,0.0,,7.0,0.6666666666666666,,6.5,4.0,,0.15,,,,,,,,,,,2.0,0.0,,1.0,,,,,,,,,,,0.14285714285714285,,,,,,1.75,8.0,,,5.0,1.625,,3.0,0.03571428571428571,,3.0,,,,,,,,4.333333333333333,10.0,3.0,2.5,0.13333333333333333,8.0,,,,,,,,,,,,,,,1.3333333333333333,0.25,,6.0,,,,9.0,4.0,,2.5,4.5,,,,,9.0,,10.0,,,,,,,8.0,,,,,0.6,,,,,,0.6666666666666666,,,,,,,1.3333333333333333,7.0,,,0.5,0.25,,,,0.3125,,,0.047619047619047616,,,,6.0,,,,,,,,,0.3333333333333333,0.1,2.0,,5.0,0.034482758620689655,,,,,1.5,,,0.16666666666666666,5.5,,,,0.07692307692307693,0.0,3.0,,,,0.3333333333333333,,,1.125,1.8,,,3.0,,0.09523809523809523,,,,,,,2.0,,,,,1.0,0.4,,0.04,,,0.1111111111111111,,,7.5,3.0,7.0,,,,,,,,,,0.7142857142857143
Rusophycus,,,,,,,,4.0,1.0,7.0,0.5,,,11.0,,,,,,,8.0,,,,1.3,,0.5,3.0,,,,,,,,,,,0.6,4.0,,,1.25,,1.5,5.0,,,14.0,0.015873015873015872,,5.0,2.0,,1.0,,,,,12.0,,,0.4,6.0,0.2857142857142857,0.11538461538461539,1.0,,,,,,,,,,,7.0,5.0,,5.0,,6.0,3.0,2.5,,,3.0,1.0,7.0,,,0.2,,,0.3333333333333333,,,,0.5,,,,,,,,,,,,,0.2857142857142857,,,,,,,,1.0,,,,,0.42857142857142855,,,,1.6666666666666667,1.0,,,0.5,,,,0.14285714285714285,4.0,,,,,,,,,,,,0.05263157894736842,,,,,0.16666666666666666,8.0,1.0,,,,,2.0,0.3333333333333333,3.4,,1.0,,0.2,3.0,0.0,,0.5,,,,,,0.5,3.0,,,,0.16666666666666666,,,,,,,0.25,,,,,1.75,0.6153846153846154,,0.45454545454545453,,,0.4,,,0.4,,1.8571428571428572,,3.0,,,,,,,,3.0
Rutichnus,,25.0,,,,,,,,,24.0,,,,,,,,,,,,,22.0,21.0,,,,,,,,,,20.0,,,,1.5,,,,,,,,,,18.0,,,,,,,,,,,,17.0,,,,,,,,,,,,,,,,,,,,,,3.0,,16.0,,,15.0,,,,,14.0,13.0,,,,,,,,,,,,,,12.0,,,,,,,11.0,,,,,,,9.0,,,,,8.0,,,,7.0,,,,3.5,,,5.0,1.0,,,,,,,,,,,,3.0,2.0,,,,0.5,,,,,,,,,,,,,4.0,,,0.0,,,,,,,1.0,,,,,,,,,,,,5.0,,,,2.0,,3.0,,4.0,,,3.0,,,,,,,,7.0,,,,,,,6.0
Sagittichnus,,,,,,,,,2.5,,,,,,8.0,,,,,,,,,,,,,,,,,,,,,,,,,,,,11.0,,10.0,,,,,4.5,,,1.0,,,,,,,,,,,,,,6.0,,,,,,,,,,,8.0,2.0,,,,7.0,,,,,6.0,,,,,5.0,,,,,,,,,,,,,,,,,,,,3.0,,,,,,4.0,,2.5,,,,,,,,,,,,,,3.0,,,0.6666666666666666,,,,,,,,,,,,,1.5,,,,,0.5,5.0,,,,,,,,,,,,2.0,,0.5,,0.0,,,,,1.0,0.5,,,,,,,,,,,,,,,,,,,,2.0,,,,,,2.0,,,,,,,,,,,,
Saronichnus,,,,,,,,,5.0,,,,,4.0,,,,,,,,,,,,,,,,,,,,,,,,,,,,,,,,,,,,,,,,,,,,,,,,,,,,,3.0,,,,,,,,,,,,,,,,,,,,,,,,,,,,,,,,,,,,,,,,,,,,,,,,,,,,,,,,,,,,,,,,,,,,1.0,,,,,,,,,,,,,,,,,,,,,,,,,,,,,,,,,,,,,,,0.0,,,,,1.0,,,,,,,,,,,,,,,,,,,,,,,2.0,,,,,,,,,,,,,,,0.5
Scalarituba,,,,,,,,,1.5,,,,,2.0,,,,,,,,,,,,,,,,,,,,,,,,,1.6666666666666667,,,,,,,1.0,,,,,,4.0,,,,,,,,,,,,,,,,,,,,,,,,,,,,,,,5.0,,,,,,,,,,,,,,,,,,,,,,,,,,,,,,4.0,,,,,,,,,,,,,,,,,6.0,6.0,,,,,,,,,,,,,,,,,,,,1.0,0.5,,,,0.3333333333333333,,,,,,,,2.0,,,,,2.0,0.3333333333333333,,,,,0.0,,,,,,,,,0.25,,,,,,,,,,,,,2.0,,0.75,,,2.0,,,,5.0,,,,,,,,,,,1.0
Scalichnus,,,,,,,,,,,,,,,,,,,,,,,,,,,,,,,,,,,,,,,,,,,,,,,,,,6.0,,,,,,,,,,,,,,,,,,,,,,,,,,,,,,,,,,5.0,,4.0,,,,,,,,,3.0,,,,,,,,,,,,,5.0,,,,,6.0,,,,,,,,,,,,,,,,,,,,,,4.0,,,6.0,,,,4.0,,,,,,,,,,,,,1.0,,,,,,,,,,,,,,,,,,,,,0.0,,,2.0,1.0,,3.0,,,,,,,,,2.0,,,,,,8.0,,,,,3.0,,,,,,,,,,,,,,,
Scaphichnium,,,,,,,,,,,,,,,,,,,,,,,,,,,,,,,,,,,,,,,,,,,,,,,1.0,,,,,,,,,,,,,,,,,,,,,,,,,,,,,,,,,,,,,,,,,,,,,,,,,,,,,,,,,,,,,,,,,,,,,,,,,,,,,,,,,,,,,,,,,,,,,,,,,,,,,,,,,,,,,,,,,,,,,,,,,,,,,,,,,,0.0,,,,,,,,,,,,,,,,,,,,,,,,,,,,,,,,,,,,,,,,
Schaubcylindrichnus,,,,,,,,,1.75,,,,,0.1111111111111111,9.0,,,,,,,,,,0.5,,,,,,,,,,,,,,0.45454545454545453,,,,,,1.0,,,,8.0,0.3333333333333333,,,0.0,,2.5,,,,,,,1.0,14.0,,,,1.0,,,,,,,,,,,,,,,,,13.0,,7.0,,,,,,,1.2,5.0,,,,,,,,,,,,,,,,,,,,,,,,,2.5,,,,,,,,,,,,2.0,,,,0.5,,,0.8,,,1.0,7.0,,,,,,,,,0.5,0.2727272727272727,,,,0.42857142857142855,,,,,4.0,,,1.0,,,,,0.16666666666666666,1.125,,,1.0,,,,,0.0,0.375,,,2.0,,0.25,,,,,,,,,,,,,0.5,1.0,1.0,,,0.4,,,,5.0,,,,,,,,,,,0.5
Scolicia,,26.0,,,,,,,0.4,,1.3333333333333333,11.0,,0.08333333333333333,,,,,,,,,0.0,23.0,1.5,0.14285714285714285,,,2.0,,,,,,21.0,,,,0.10344827586206896,,,,1.7142857142857142,,0.7272727272727273,,,,0.2,0.8333333333333334,,,0.23076923076923078,,16.0,22.0,21.0,,,,8.5,5.0,5.0,,,2.5,1.2222222222222223,,,,,,,,,,,9.0,,,,9.0,1.1428571428571428,0.5,17.0,8.0,,1.75,,,7.0,,0.46153846153846156,2.2,,2.5,,6.0,,,,,,,,,,6.666666666666667,,,,,0.5,,12.0,21.0,,,5.0,,3.0,10.0,,,,2.0,9.0,,,,0.42857142857142855,,,,0.07142857142857142,,,0.05,0.25,,3.0,8.0,,,,,,,7.0,,0.5,0.06666666666666667,,5.0,2.0,0.08571428571428572,,,,,1.6666666666666667,,,1.0,,,,,0.25,1.8,0.5,1.0,0.5,1.0,,2.0,,0.375,0.0,3.0,,1.0,,0.26666666666666666,,,,2.0,3.0,1.0,7.0,,,,1.0,,0.15384615384615385,1.0,0.05555555555555555,,,0.3225806451612903,,,1.0,1.0,,,,6.0,,,,,,,0.8571428571428571
Scoyenia,,,,,,0.2,,,1.0,,,,,,,,,,,,,,,,,,,,,,,,,,,,,,,,,,2.0,,,,0.75,,,0.5555555555555556,,,,,,,1.0,,,,,,,,,0.6666666666666666,2.0,,,,,,1.5,,,,,,,,,,,,,,,,,,,,1.0,,,,,,,,,,,,,,,,,,,,7.0,,,,,,,,,,,,,,,,,,,,,,,,,1.3333333333333333,,,,,,,,,,,,,,,,,,0.4,,,,,,,,2.0,,1.0,,,,,3.0,,,,,1.0,,,3.0,0.0,,,,0.058823529411764705,,,,,,,0.5,3.0,,,,,0.09090909090909091,,,,2.0,,,,4.0,,,,,,,,,2.0,,,4.0
Sinusichnus,,,,,,,,,,,,,,,,,,,,,,,,,,,,,,,,,,,,,,,,,,,,,,,,,9.0,,,,,,,,,,,,,,,,,,,,,,,,,,,,,,,,,,,,,,,,,,,,,,,,,,,,,,,,,,,,,,,,,,,,,,,,,,,,,,,,,,,,,,6.0,,,,2.5,,,,,,,,,,,,,,,,,,,,,,,,2.5,,,,,,,,,,,,,,,,,,0.0,,,,,,,,,,,,,,,,,,,,,1.5,,,,,,,,,,,,,,,
Siphonichnus,,,,,,,,,0.3333333333333333,,,,,0.3333333333333333,,,,,,,,,3.0,,,,,,,,,,,,,,,,1.25,,,,,,0.25,,,,,6.5,,,0.1,,8.5,,,,,,,,16.0,,,,0.8333333333333334,,,,,,,,,,,,,,,,4.0,2.0,,4.5,,,,,,,1.3333333333333333,12.0,6.0,,,,,,,,,,,,,3.0,,,,5.0,0.25,,,,,,5.5,,,,,,,,,,,,,,,,3.3333333333333335,,,0.07692307692307693,,,,4.5,,,,,,,,,,,,,,0.7142857142857143,,,,,0.5,,,5.0,,1.5,,,0.3333333333333333,3.0,,,,,,3.0,,2.0,1.0,,,0.0,,0.14285714285714285,,,,,,,2.0,,,,,,1.0,,0.375,,,0.5714285714285714,,,,2.0,,,,,,,,,,,3.5
Skolichnus,,,,,,,,,,,,,,,,,,,,,,,,,,,,,,,,,,,,,,,1.0,,,,,,,,,,,,,,,,,,,,,,,,,,,,,,,,,,,,,,,,,,,,,,,,,,,,,,,,,,,,,,,,,,,,,,,,,,,,,,,,,,,,,,,,,,,,,,,,,,,,,,,,,,,,,,,,,,,,,,,,,,,,,,,,,,,,,,,,,,,,,,,,0.0,,,,,,,,,,,,,,,,,,,,,,,,,,,,,,,,,,
Skolithos,,,,2.0,2.0,2.3333333333333335,,1.5,0.011111111111111112,8.0,2.6,3.0,,0.4782608695652174,,,,,,,9.0,,2.5,,0.9090909090909091,,1.0,1.0,,,,,,,,,,,0.3170731707317073,10.0,,,0.6923076923076923,,0.14285714285714285,2.0,1.0,,0.5,0.036231884057971016,,1.0,0.1346153846153846,1.0,3.5,23.0,22.0,,1.0,13.0,,11.0,0.3333333333333333,14.0,1.25,0.13333333333333333,0.015873015873015872,,,,,,1.6666666666666667,,,2.0,,,2.0,,12.0,10.0,0.5,0.09523809523809523,,3.0,,,,1.0,4.0,,0.5384615384615384,,,3.0,,,,,,1.0,15.0,,,,,1.0,13.0,,,1.0,0.30434782608695654,,,,,1.6666666666666667,0.13333333333333333,,4.0,,,,,0.034482758620689655,,1.0,,1.0,0.3333333333333333,,,,0.014705882352941176,,,0.010101010101010102,1.5,,,,3.0,1.0,,,,1.0,8.0,,0.14285714285714285,0.3,,0.5,1.0,0.015503875968992248,,3.0,3.0,,0.21428571428571427,6.0,1.5,0.3333333333333333,0.2,0.2857142857142857,1.0,,0.14705882352941177,0.09523809523809523,0.16666666666666666,,,,0.25,,,0.25,0.26666666666666666,0.058823529411764705,,0.14285714285714285,,0.0,,3.0,,1.0,1.0,,0.3333333333333333,,,,,5.0,0.125,,0.08163265306122448,4.0,1.0,0.0375,,9.0,6.0,0.8,0.3333333333333333,,,,,,,,,,0.041666666666666664
Socialites,,,,,,,,,,,,,,,,,,,,,,,,,,,,,,,,,,,,,,,,,,,,,,,,,,,,,,,,,,,,,,,,,,,,,,,,,,,,,,,,,,,,,,,,,,,,,,,,,,,,,,,,,,,,,,,,,,,,,,,,,,,,,,,,,,,,,,,,,,,,,,,,,,,,,,,,,,,,,,,,,,,,,,,,,,,,,,,,,,,,,,,,,0.0,,,,,,,,,,,,,,,,,,,,,,,,,,,,,,,,
Spirodesmos,,,,,,,,,,,,,,,,,,,,,,,18.0,,,,,,,,,,,,,,,,16.0,13.0,,,12.0,,,,,,,,,,,,,,,,,,,,,,,,,,,,,,,,,,,,,,,,,,,,,,,,,,10.0,,,,,,,,,,,,,,,8.0,,,,,,,,,,,2.0,,,,,,,,,,,,,,,,,,,7.0,,,,,,,,,,,,,,,,,,6.0,,,,,,,,,,,,,,,,,,,,,,,,,,,,3.0,,0.0,,1.0,,1.0,,,,,,,2.0,,,,,3.0,,6.0,0.5,,,,,,,,,,,,
Spirographites,,,,,,,,,,,,,,,,,,,,,,,,,,,,,,,,,,,,,,,,,,,,,,,,,,,,,,,,,,,,,,,,,,,,,,,,,,,,,,,,,,,,,,,,,,,,,,,,,,,,,,,,,,,,,,,,,,,,,,,,,,,,,,,,,,,,,,,,,,,,,,,,,,,,,,,,,,,,,,,,,,,,,,,,,,,,,,,,,,,,,,,,,,,0.0,,,,,,,,,,,,,,,,,,,,,,,,,,,,,,
Spirophycus,,,,,,,,,,,,,,,,,,,,,,,,,,,,,,,,,,,,,,,,,,,14.0,,,,,,,,,,,,,,,,,,,12.0,,,,,13.0,,,,,,,,,,,1.0,,,,11.0,,,,,,2.0,,,9.0,,8.0,,,7.0,,,,,,,,,,,,,,,,,,,,,,,1.0,,,,,,,6.0,,,,,2.0,,,,,,,5.0,,,,,,,,,,,,,4.0,,,,,3.0,,,,,,,,,,,,,,,,,,,,,,,2.0,,,,,1.0,,1.0,,0.0,1.0,0.0,,,,,,,,,2.0,,,,,,,,,,,,,,,,,,
Spirophyton,,4.0,,,,,,,,,,,,,,,,,,,,,,,,,,,,,,,,,,,,,1.0,,,,15.0,,,,,,,,,,,,,,,,,,,13.0,,,,,14.0,,,,,,,,,,,,,,,12.0,,,,,,,,,10.0,,9.0,,,8.0,,,,,,,,,,,,,,,,,,,,,,,,,,,,,,7.0,,,,,2.0,,,,,,,3.0,,,,,,,,,,,,,1.6666666666666667,,,,,1.0,,,,,,,,,,,,,0.5,,,,,,,,,,3.0,,,,,1.0,,,,1.0,0.0,,,,,,,,,,0.5,,,5.0,,,,,,,,,,,,,,,0.16666666666666666
Spirorhaphe,,,,,,,,,,,,,,,,,,,1.0,,,,,,,,,,,,,,,,,,,,3.0,,,,,,,,,,0.5,,,,,,,,,,,,,,,,,,,,,,,,,,,,,1.0,,,,,,,,,,1.0,,,,,,,,,,,,,,,,,,,,,,,,,,,1.0,,,,3.0,,,,,,,,,,,,2.0,,,,,,,,1.0,,,,,,,,,9.0,,,,,,,,2.0,,,,,,,,,,,,,,,,,,,,,,,1.0,,,,,,,1.0,,0.0,,0.0,,,,,,,,,,,,,,,8.0,,,,,,,,,,,,4.0
Spongeliomorpha,,1.0,,,,,,,0.3333333333333333,,,,,11.0,,,,,,,2.0,4.0,,,,,1.0,,,,,,,,,,3.0,,1.0,,,,,,13.0,,,,,0.09090909090909091,,,3.0,,,,,,,,,,,,3.0,0.6666666666666666,1.0,,,,,,,,,,,,,,,,1.0,1.0,,,1.0,5.0,,,,,1.5,,,,,,,,,,,,,,,,,,,,2.0,,,,,,,,,,,,,,,,,,1.3333333333333333,,,,0.25,,,0.5,,,,,,,,,,,,,5.0,1.0,,,,0.09090909090909091,,,,,,,,0.3333333333333333,,2.0,,,0.25,2.0,0.25,5.0,,,,2.0,,,7.0,0.5,,2.0,,0.3333333333333333,,,,,,,0.0,,,,,,0.5,,1.0,,,0.0,,,3.5,2.0,0.5,,,,,,,,,,1.25
Steinichnus,,,,,,2.0,,,,,,,,,,,,,,,,,,,,,,,,,,,,,,,,,,,,,2.0,,,,,,,6.0,,,,,,,,,,,,,,,,5.0,,,,,,,,,,,,,,,,,,,,,,,,,,,,,,,,,,,,,,,,,,,,,,,,,,,,,,,,,,,,,,,,,,,,,,,,,,,,,,,,,,,,,,,,,,,,,,,,,,,,,,,,,,,,,,,,,,3.0,,,,,,,,,,,,0.0,,,,,,,,,,,,,3.5,,,,,,,,,,,,
Stelloglyphus,,,,,,,,,,,,,,,,,,,,,,,,,,,,,,,,,,,,,,,,,,,,,,,,,,,,,,,,,,,,,,,,,,,,,,,,,,,,,,,,,,,,,,,,,,,,,,,,,,,,,,,,,,,,,,,,,,,,,,,,,,,,,,,,,,,,,,,,,,,,,,,,,,,,,,,,,,,,,,,,,,,,,,,,,,,,,,,,,,,,,,,,,,,,,,,,,,,,,,,,,,,,,,,,,,,,,,,,,
Streptichnus,,,,,,,,,,,,,,,,,,,,,,,,,,,,,,,,,,,,,,,,,,,,,,,,,,,,,,,,,,,,,,,,,,,,,,,,,,,,,,,,,,,,,,,,,,,,,,,,,,,,,,,,,,,,,,,,,,,,,,,,,,,,,,,,,,,,,,,,,,,,,,,,,,,,,,,,,,,,,,,,,,,,,,,,,,,,,,,,,,,,,,,,,,,,,,,,,,0.0,,,,,,,,,,,10.0,,,,,,,,,,,,
Strobilorhaphe,,27.0,,,,,,,,,26.0,,,,,,,,,,,,,24.0,23.0,,,,,,,,,,22.0,,,,21.0,,,,,,,,,,20.0,,,,,,,,,,,,19.0,,,,,,,,,,,,,,,,,,,,,,,,18.0,,,17.0,,,,,0.5,15.0,,,,,,,,,,,,,,14.0,,,,,,,13.0,,,,,,,2.5,,,,,10.0,,,,9.0,,,,8.0,,,2.0,0.5,,,,,,,,,,,,5.0,4.0,,,,6.0,,,,,,,1.0,,,,,,,,,2.0,,,,,,,1.0,,,,,,,,,,,,,,,,0.0,,1.0,,2.0,,,3.0,,,,,,,,5.0,,,,,,,4.0
Syringomorpha,,,,,,,,13.0,,,,,,,,2.0,,,,,,,,,,,,,,,,,,,,,,,,,,1.0,,,,,,,,3.0,,,,,,,,,,,,,,,,,2.0,,,,,,,,,,,,,,,,,,,,,,,,,,,,,,,,,,,,,,,,,,,,,,,,,,,,,,,,,,,1.0,,,,,,,,,,,,9.0,2.0,,,,,,,,,,,,,,,,,8.0,,,,,,,,,10.0,,,,,1.0,1.75,,,,,,,,,,,,,5.0,,,,,,,,,,,,0.0,,,2.0,,,,,,14.0,,6.0,,,,,,,,,,
Taenidium,,28.0,,,,4.0,,3.0,0.9,,3.5,,,0.5,,,,,,,4.0,,5.0,25.0,2.4285714285714284,,,,,,,,,,23.0,,2.0,,0.5,15.0,,,1.5555555555555556,,1.75,,1.0,,2.0,0.5,,0.5,0.16666666666666666,3.0,18.0,24.0,23.0,,,14.0,20.0,0.5,2.8,,,0.3,1.0,,,,,,1.0,,,1.0,,,,,,,0.2,0.1111111111111111,19.0,10.0,5.0,18.0,,,,,1.0,6.5,,10.0,,,,,,4.0,,,,,,2.5,,,,8.0,0.6153846153846154,2.0,14.0,,,,0.3333333333333333,,5.0,12.0,,,,1.5,11.0,0.5,,8.0,1.6,,,,0.36363636363636365,,,0.225,2.0,5.0,,10.0,0.0,,,3.0,3.0,,9.0,,0.5,0.25,,7.0,7.0,0.13793103448275862,,5.0,,,7.0,,4.0,0.3333333333333333,1.0,,,,0.08333333333333333,0.4,0.6153846153846154,3.0,,,2.0,8.0,,0.5,0.15384615384615385,0.09090909090909091,,1.0,,0.125,,2.0,,,,,0.5,,,,1.0,,0.0,,0.047619047619047616,0.5,,0.027777777777777776,,4.0,4.0,0.6,5.0,,,4.0,,,2.0,,,3.0,0.2
Tasselia,,,,,,,,,,,,,,,,,,,,,,,,,,,,,,,,,,,,,,,,,,,,,,,,,,,,,1.0,,,,,,,,,2.0,,,,,,,,,,,,,,,,,,,,,,,,,,,,,,,,,,,,,,,,,,,,,,,,,,,,,,,,,,,,,,,,,,,,,5.0,,,,8.0,,,,,,2.0,,,,,,,,,,,4.0,,,,,,,,,,,,,,,,,,,,,,,,,,1.0,1.0,,,,,,,,,,,,,,,,,,,0.0,,,,1.0,,,,,,,,,,,,,,,3.0
Teichichnus,,0.6666666666666666,,,,3.0,,11.0,0.06666666666666667,9.0,0.6666666666666666,1.0,,0.12121212121212122,10.0,,,,,,1.0,,29.0,26.0,1.2222222222222223,3.0,,,,,,,,,1.0,,,,0.017543859649122806,,,,2.6666666666666665,1.0,0.6923076923076923,2.0,,,22.0,0.25,,0.5,0.06976744186046512,,2.0,25.0,24.0,,,,21.0,14.0,5.25,,,2.6,0.15625,,,,,,,,,,,,,,,13.0,0.375,0.05263157894736842,20.0,11.0,,19.0,,,5.5,,0.4666666666666667,7.0,,9.0,,,11.0,,12.0,,17.0,,,,,3.2,15.0,,,2.3333333333333335,0.2857142857142857,,15.0,,,,1.5,,15.0,13.0,,0.0,,0.2857142857142857,4.0,,,1.5,0.5,,,1.0,0.0,,,0.04838709677419355,5.0,,,11.0,,,,,,,10.0,,0.35,0.045454545454545456,1.5,4.0,,0.018691588785046728,,,,,1.25,,,1.75,2.6666666666666665,0.25,,,0.16,0.04,0.45454545454545453,4.0,2.0,,0.75,,,1.0,0.05555555555555555,,,0.375,,0.08163265306122448,,,,2.0,0.5,,1.0,,,,2.0,2.0,0.047619047619047616,,0.0,,,0.014084507042253521,,,4.0,0.5,1.3333333333333333,,,3.0,,,,,,,0.07142857142857142
Teisseirei,,,,,,,,,,,,,,,,,,5.0,,,,,,,,,,,,,,,,,,,,,,,,,,,,,,,,,,,,,,,,,,,,,,,,,,,,,,11.0,,,,0.5,1.0,,,,,,,,,,,,,,,,,,,,,,,,,,,,,,,,,,,,,,,,,,,,,,,,2.0,,,,,,,,,,,,,,,,,,,,4.0,,,,,,,,,,,,,,,,,,,,,,,2.0,,,,,,,,,,,,,,,,4.0,,,,,,,,,,,,,0.5,,,0.0,,,,,,,,,,,,,,,,,
Termitichnus,,,,,,,,,,,,,,,,,,,,,,,,,,,,,,,,,,,,,,,,,,,,,,,1.0,,,,,,,,,,,,,,,,,,,,,,,,,,,,,,,,,,,,,,,,,,,,,,,,,,,,,,,,,,,,,,,,,,,,,,,,,,,,,,,,,,,,,,,,,,,,,,,,,,,,,,,,,,,,,,,,,,,,,,,,,,,,,,,,,,,,,2.0,,,,1.0,,,,,,,,,,,,,,,,,0.0,,,,,,,,,,,,,,,,
Thalassinoides,,0.16666666666666666,,,,2.0,3.0,11.0,0.022222222222222223,,0.3333333333333333,1.0,,0.14285714285714285,,,,,,,0.5,3.0,10.5,27.0,1.0833333333333333,3.5,,,,,,,,,25.0,,,,0.17592592592592593,16.0,,,5.0,,0.9166666666666666,,,,1.5,0.13513513513513514,,5.0,0.1111111111111111,,1.5,26.0,25.0,,,,3.5,,1.75,15.0,8.0,1.0,0.09302325581395349,3.0,,,,,,2.0,,,,,,,,,0.125,0.05,21.0,12.0,6.0,2.75,,14.0,4.0,,0.6190476190476191,3.75,,,,,,6.0,,,,,,,,1.5714285714285714,,,,4.5,0.26666666666666666,,16.0,11.0,,3.0,0.2,,16.0,5.0,,,,1.1666666666666667,4.5,,,9.0,0.125,,,7.0,0.01098901098901099,,,0.020618556701030927,0.2857142857142857,,,12.0,,0.3333333333333333,,4.0,,,1.0,2.0,0.3,0.13333333333333333,1.3333333333333333,4.5,1.0,0.006369426751592357,,,,,0.18181818181818182,,0.5,0.16666666666666666,2.5,0.3333333333333333,3.0,,0.03225806451612903,0.1111111111111111,0.4,3.0,,2.0,2.0,3.0,,0.4,0.3225806451612903,,1.5,0.5714285714285714,,0.0375,,3.0,,,5.0,,0.0,,,,3.0,,0.027777777777777776,1.0,0.014084507042253521,,,0.0,,3.0,2.0,0.21052631578947367,0.5,,,2.0,,,,,,2.0,0.05
Tisoa,,,,,,,,,,,,,,,,,,,,,,,,,,,,,,,,,,,,,,,,,,,,,,,,,,,,,,,,,,,,,,,,,,,,,,,,,,,,,,,,,,,,,,,,,,,,,,,,,,,,,,,,,,,,,,,,,,,,,,,,,,,,,,,,,,,,,,,,,,,,,,,,,,,,,,,,,,,,,,,,,,,,,,,,,,,,,,,,,,,,,,,,,,,,,,,,,,,,,,,,,,,0.0,,,,,,,,,,,,,,
Torrowangea,,,,,,,,,,,,,,,,,,,,,,,24.0,,2.0,,,,,,,,,,,,,,22.0,19.0,,,18.0,,,,,,,,,,,,,,,,,,,,1.0,,,,,,,,,,,,,,,,,,,,,,,,,,,,,,16.0,,,,,,,,,,,,,,,14.0,,,,,,,,,,,,,,,,,,,,,,,,,,,,,,13.0,,,,,,,,,,,,,,,,,,12.0,,,,,,,,,2.0,,,,,,,,,,,,,,,,,,,9.0,,6.0,,,,,,,,,,,4.0,,,,,3.0,,0.0,,,,,,,,,,,,,
Treptichnus,,,,,,9.0,,0.3333333333333333,3.75,,,,,2.0,,,,,,,,,,,1.25,,,,,,,,,,,,,,4.0,0.5,,,0.6,,6.0,,,,,0.14285714285714285,,,,,,,,,,,,,1.5,,4.5,0.21428571428571427,3.3333333333333335,,,,,,,,,,,10.0,,,,,4.5,0.5,,,,1.0,,,,,0.14285714285714285,,,1.0,,,,,,,,,,,,6.0,,,,1.0,1.0,,,,,,,,7.0,,,,,5.0,,,,13.0,3.0,,,0.2,,,,0.6,0.3333333333333333,,,,,,,,,1.0,,,0.625,,,,,0.07142857142857142,,,,,,,2.0,0.5,1.3333333333333333,,1.0,,2.5,7.5,0.4,,2.0,,,,,,1.0,4.0,,,,6.0,,0.5,,,,8.0,3.5,3.5,,10.0,,14.0,4.0,,4.0,,,2.0,,,0.0,1.0,2.6666666666666665,,,,,,,,,,
Trichichnus,,7.0,,,,,,,10.0,,,,,,,,,,,,,2.0,5.0,,,,,,,,,,,,,,,,0.07692307692307693,,,,,,4.0,,,,,4.0,,,1.6666666666666667,,,,,,,,,1.0,,,,,5.0,,,,,,,,,,,,,,,,2.0,,,,2.5,,,,3.0,,4.0,,,,,,,,,,,,,,,7.0,,,,,,,,,,,2.0,,,,,,,6.0,4.0,,,,1.3333333333333333,,,,5.0,,,0.42857142857142855,,,,,,,,5.0,,,,,2.25,0.75,,4.0,,0.09523809523809523,,,,,6.0,,,1.0,,2.0,4.0,,0.5,3.0,,,,,5.0,,,5.0,1.0,,,2.0,,0.8,,,,,,,2.0,,,,,,0.6,,0.5,,,0.21052631578947367,,,1.0,0.0,,,,,,,,,,1.0,0.35714285714285715
Trichophycus,,,,,,,,3.5,1.0,,12.0,,,,,,,,,,,,,,11.0,,,,,,,,,,,,,,,,,,,,,,,,,0.8571428571428571,,,,,,,,,,,,,,,8.0,1.25,2.0,,,,,,,,,,,,,,,,,7.0,6.0,,,,,,,,,,,,,,,,,,,,,,,,,,,,,,,,,,,,,,,,,44.0,,,,,,,,,,,,2.0,,,,,,,,,,,,,0.6,,,,,0.3333333333333333,,,,,,,,19.0,2.0,,,,1.0,7.0,1.8571428571428572,,,,,,,,,,,,,0.3333333333333333,,,,,,,0.5,,,,,6.0,5.0,,1.3333333333333333,,,0.5,,,2.6666666666666665,,0.0,,,,,,,,,,
Tuberculichnus,,,,,,,,,,,,,,,,,,,,,,,,,,,,,,,,,,,,,,,,,,,,,,,,,,,,,,,,,,,,,,,,,,,,,,,,,,,,,,,,,,,,,,,,,,,,,,,,,,,,,,,,,,,,,,,,,,,,,,,,,,,,,,,,,,,,,,,,,,,,,,,,,,,,,,,,,,,,,,,,,,,,,,,7.0,,,,,,,,,,,,,,,,,,,,,,,,,,,,,,,,,,,,,,,,,0.0,,,,,,,,,
Unisulcus,,,,,,,,,,,,,,,,,,,,,,,,,,,4.0,,,,,,,,,,,,,,,,,,,,,,,3.0,,,,,,,,,,,,,,,,,,,,,,,,,,,,,,,,,,,,,,,,,,,4.0,,,,,,,2.0,,,,,,,,,,,,,,,,,,,,,,,,,,,,,,,,,,,,,,,,,,,,,,,,,,,,,,,,1.0,,,,,,,,,,,,,,,3.0,,,,,,,,,,,,,,,,,,,,,,,,,,,,,,,,,,,,,,0.0,,,,,,,,
Urohelminthoida,,0.5,,,,,,,,,31.0,,,,,,,,,,,,,29.0,28.0,,,,,,,,,,27.0,,,,26.0,,,,,,,,,,25.0,,,,,,,,,,,,3.0,,,,,,,,,,,,,,,,,,,,,5.0,,,23.0,,,22.0,,,,4.0,1.0,1.5,,,,,,,,,,,,,,19.0,,,,,,,18.0,3.0,,,,,,1.0,,,,,15.0,,,,14.0,,,,13.0,,,12.0,0.25,1.0,,,,,,,,,,,10.0,9.0,,,,11.0,,,,,,,,,,,,,,,,7.0,,,,,,,6.0,,,,,,,,,,,,,,,,5.0,,4.0,,3.0,,,2.0,,,,,,,,0.0,,,,,,,2.5
Vagorichnus,,,,,,,,,,,,,,,,,,,,,,,,,,,,,,,,,,,,,,,,,,,,,,,,,,,,,,,,,,,,,,,,,,,,,,,,,,,,,,,,,,,,,,,,,,,,,,,,,,,,,,,,,,,,,,,,,,,,,,,,,,,,,,,,,,,,,,,,,,,,,,,,,,,,,,,,,,,,,,,,,,,,,,,,,,,,,,,,,,,,,,,,,,,,,,,,,,,,,,,,,,,,,,,,,,,0.0,,,,,,
Virgaichnus,,,,,,,,,,,,,,,,,,,,,,,,,,,,,,,,,,,,,,,,,,,,,,,,,,,,,,,,,,,,,,,,,,,,,,,,,,,,,,,,,,,,,,,,,,,,,,,,,,,,,,,,,,,,,,,,,,,,,,,,,,,,,,,,,,,,,,,,,,,,,,,,,,,,,,,,,,,,,,,,,,,,,,,,,,,,,,,,,,,,,,,,,,,,,,,,,,,,,,,,,,,,,,,,,,,,0.0,,,,,
Volkichnium,,,,,,,,,,,,,,,,,,,,,,,,,,,,,,,,,,,,,,,2.0,,,,,,,,,,,,,,,,,,,,,,,,,,,,,,,,,,,,,,,,,,,,,,,,,,,,,,0.0,,,,,,,,,,,,,,,,,,,,,,,,,,,,,,,,,,,,,,,,,,,,,,0.0,,,,,,,,,,,,,,,,,,,,,,,,,,,,,,,,,,,,,,,,,,,,,,,,,,,,,,,,,,2.0,,,,,,,,,,,,,,,,0.0,,,,1.0
Walpia,,,,,,,,,,,,,,,,,,,,,,,,,,,,,,,,,,,,,,,,,,,,,,,,,,,,,,,,,,,,,,,,,,,,,,,,,,,,,,,,,,,,,,,,,,,,,,,,,,,,,,,,,,,,,,,,,,,,,,,,,,,,,,,,,,,,,,,,,,,,,,,,,,,,,,,,,,,,,,,,,,,,,,,,,,,,,,,,,,,,2.0,,,,,,,,,,,,,,,,,,,,,,,,,,,,,,,,,,0.0,,,
Yangziichnus,,,,,,,,,,,,,,,,,,,,,,,,,,,,,,,,,,,,,,,2.0,,,,,,,,,,,,,,,4.0,,,,,,,,,,,,,,,,,,,,,,,,,,,,,,,,,,,,,,,,,,,,,,,,,,,,,,,,,,,,,,,,,,,,,,,,,,,,,,,,,,,,,,,,,,,,,,,,,,,,,,3.0,,,,,,,,,,,,,,,,,,,,,,,,,,,,,,,,,,,,,,,,,,,,,,,,,,,,,,,,,,,0.0,,
Zavitokichnus,,,,,,,,,,,,,,,,,,,,,,,,,,,,,,,,,,,,,,,10.0,,,,,,,,,,,,,,,,,,,,,,,,,,,,,,,,,,,,,,,,,,,,,,,,8.0,,,,,,,,,,,,,,,,,,,,,,,,,,,,,,,,,,,,,,,,,,,,,,,,,,,7.0,,,,,,,,6.0,,,,,,,,,,5.0,,,,,,,,,,,,,4.0,,,,,,,,,,,,,,,,,,,,,,,,,,,,3.0,,,,,2.0,,,,1.0,,,,,,,,,,0.0,11.0
Zoophycos,,1.1428571428571428,3.0,3.5,,4.0,,3.5,2.6666666666666665,2.0,2.5,,,1.0,,,,,,,11.0,1.0,2.0,28.0,4.666666666666667,,,,,,,,,,26.0,,,,0.043010752688172046,,5.0,,,2.0,2.4,1.5,,,2.75,0.04,,1.25,0.0,,,,,,,,23.0,0.4,,,,,1.375,,,2.0,,,,,,,,,,,,,,0.5,22.0,,2.0,10.5,,,1.0,,0.7142857142857143,1.5,,3.0,,,,,,,,2.0,,,,2.5,,,,,1.0,,0.3333333333333333,2.0,,,5.0,,,15.0,,,,1.0,1.6666666666666667,,,4.0,0.034482758620689655,,,,0.1875,,,0.10714285714285714,0.2857142857142857,6.0,1.0,,4.0,,,5.0,,,,,0.0,0.0,1.0,6.0,,0.0,,,,,2.0,5.0,2.0,2.0,1.0,2.0,,,0.4444444444444444,0.7142857142857143,3.0,6.0,,0.5,1.0,,,0.5,0.8571428571428571,4.0,,3.5,,0.041666666666666664,,,,,0.16666666666666666,4.0,1.25,,,,4.0,,0.2,3.0,0.07142857142857142,,,0.05,,,,0.35714285714285715,,,,2.5,,,1.0,,,11.0,0.0
