,Steinichnus,Siphonichnus,Pilichnus,Gyrochorte,Rhizocorallium,Halimedides,Camborygma,Rebuffoichnus,Fontanai,Phycodes,Rutichnus,Fictovichnus,Skolichnus,Rosselia,Bichordites,Laevicyclus,Strobilorhaphe,Lophoctenium,Spongeliomorpha,Jamesonichnites,Socialites,Cosmorhaphe,Spirorhaphe,Loloichnus,Heimdallia,Scolicia,Spirophyton,Megagrapton,Cardioichnus,Trichichnus,Termitichnus,Protopaleodictyon,Coprinisphaera,Arenicolites,Helminthopsis,Tasselia,Dactyloidites,Skolithos,Desmograpton,Spirophycus,Asthenopodichnium,Helicodromites,Macanopsis,Torrowangea,Naktodemasis,Haentzschelinia,Vagorichnus,Diplocraterion,Dictyodora,Balanoglossites,Belorhaphe,Cylindrichnus,Phycosiphon,Sagittichnus,Attaichnus,Planolites,Curvolithus,Halopoa,Zoophycos,Neonereites,Chondrites,Bathichnus,Pholeus,Gyrophyllites,Parowanichnus,Ophiomorpha,Taenidium,Monocraterion,Gyrolithes,Ellipsoideichnus,Multina,Teisseirei,Spirographites,Protovirgularia,Alcyonidiopsis,Zavitokichnus,Nereites,Monesichnus,Beaconites,Palaeophycus,Schaubcylindrichnus,Paleodictyon,Bergaueria,Paradictyodora,Hormosiroidea,Asterosoma,Mixoteichichnus,Macaronichnus,Arthrophycus,Patagonichnus,Lapispira,Entradichnus,Thalassinoides,Psilonichnus,Ereipichnus,Hillichnus,Phymatoderma,Atollites,Diplichnites,Cylindricum,Helminthorhaphe,Daedalus,Cladichnus,Arachnostega,Polykampton,Spirodesmos,Lockeia,Scoyenia,Cruziana,Circulichnis,Ilmenichnus,Sinusichnus,Teichichnus,Lingulichnus,Urohelminthoida,Cochlichnus,Conichnus,Polykladichnus
Aglaspidichnus,,,,,,,,,,,,,,,,,,,,,,,,,,,,,,,,,,,,,,,,,,,,,,,,,,,,,,,,,,,,,,,,,,,,,,,,,,,,,,,,,,,,,,,,,,,,,,,,,,,,,,,,,,,,,,,,,,,,,,
Alcyonidiopsis,,,,,,,,,,288.0,325.0,,,,,176.0,347.0,189.0,,,,93.0,,,,336.0,,217.0,67.0,,,,,,144.0,,,,106.0,,,,,,,,,16.5,,,43.0,,298.0,,,9.75,,135.0,11.625,,14.5,,,120.0,,249.0,363.0,,,,230.0,,,,0.0,,239.0,,,262.0,,311.0,55.0,,,,,,16.0,,,,5.25,,,,,,,,159.0,,,,,,,,,,,,374.0,,417.0,,,
Alectorurus,,,,,,,,,,,,,,,,,,,,,,,,,,,,,,,,,,,,,,,,,,,,,,,,,,,,,,,,,,,,,,,,,,,,,,,,,,,,,,,,,,,,,,,,,,,,,,,,,,,,,,,,,,,,,,,,,,,,,,
Altichnus,,,,,,,,,,,,,,,,,,,,,,,,,,,,,,,,,,,,,,,,,,,,,,,,,,,,,,,,,,,,,,,,,,,,,,,,,,,,,,,,,,,,,,,,,,,,,,,,,,,,,,,,,,,,,,,,,,,,,,
Amanitichnus,,,,,,,,,,,,,,,,,,,,,,,,,,,,,,,,,,,,,,,,,,,,,,,,,,,,,,,,,,,,,,,,,,,,,,,,,,,,,,,,,,,,,,,,,,,,,,,,,,,,,,,,,,,,,,,,,,,,,,
Ancorichnus,,,,,,,,,,,,,,,,,,,,,,,,,,,,,,,,,,,,,,,,,,,,,,,,,,,,,,,,,,,,,,,,,,,,,,,,,,,,,,,,,,,,,,,,,,,,,,,,,,,,,,,,,,,,,,,,,,,,,,
Arachnostega,,,,,123.0,,,,,150.0,,,,,,,,,,,,,,,,,,,,,,,,,,,,,,,,,,,,,,,,,,,,,,,172.0,,,,,,18.0,,,,,,,,,,,140.0,,,,,,,,,208.0,,,,,,,,,,103.0,,,,,,,,,,,0.0,,,159.0,,,,,,,,,196.0,183.0,
Archaeonassa,,,,,,,,,,,,,,,,,,,,,,,,,,,,,,,,,,,,,,,,,,,,,,,,,,,,,,,,,,,,,,,,,,,,,,,,,,,,,,,,,,,,,,,,,,,,,,,,,,,,,,,,,,,,,,,,,,,,,,
Arenicolites,,,,61.0,30.5,,,,,7.2,,,,2.8,,,,,38.0,,,,,16.0,,23.5,,,,,,,,0.0,15.4,,13.666666666666666,0.5789473684210527,,,,18.666666666666668,,,,,,12.2,,,,2.6,29.25,,,0.9,,,108.5,,3.4545454545454546,,,,,10.6,14.857142857142858,24.0,19.0,,,,,,,,13.0,,,1.1666666666666667,14.5,190.0,13.0,,,2.3333333333333335,,,,,,,11.588235294117647,16.333333333333332,,,,,,,,,,,,,16.333333333333332,12.0,,,,,13.153846153846153,,,,50.0,
Arenituba,,,,,,,,,,,,,,,,,,,,,,,,,,,,,,,,,,,,,,,,,,,,,,,,,,,,,,,,,,,,,,,,,,,,,,,,,,,,,,,,,,,,,,,,,,,,,,,,,,,,,,,,,,,,,,,,,,,,,,
Arthrophycus,,,,,,,,,,272.0,309.0,,,,,160.0,331.0,173.0,,,,77.0,,,,25.0,,201.0,51.0,,,,,,128.0,,,,90.0,,,,,,,,,,,,27.0,,12.666666666666666,,,5.333333333333333,,119.0,387.0,,18.0,,,104.0,,14.333333333333334,347.0,,,,214.0,,,,16.0,,223.0,,,246.0,,295.0,39.0,,,,,,0.0,,,,7.666666666666667,,,,,,,,32.333333333333336,,,,,,,,,,,,358.0,,401.0,,,
Artichnus,,,,,,,,,,,,,,,,,,,,,,,,,,,,,,,,,,,,,,,,,,,,,,,,,,,,,,,,,,,,,,,,,,,,,,,,,,,,,,,,,,,,,,,,,,,,,,,,,,,,,,,,,,,,,,,,,,,,,,
Astacimorphichnus,,,,,,,,,,,,,,,,,,,,,,,,,,,,,,,,,,,,,,,,,,,,,,,,,,,,,,,,,,,,,,,,,,,,,,,,,,,,,,,,,,,,,,,,,,,,,,,,,,,,,,,,,,,,,,,,,,,,,,
Asterosoma,,120.0,,41.5,8.7,,,,,31.5,,,,2.3333333333333335,,95.0,,,305.0,,,49.0,,,,20.0,,117.0,,,,,,2.3333333333333335,7.0,,26.0,11.23076923076923,,,,,,,,,,15.666666666666666,,,,1.2,3.176470588235294,,,6.2105263157894735,,51.0,33.833333333333336,140.0,1.6,,,,,5.111111111111111,13.166666666666666,,15.5,,,,,228.0,,,130.0,,,2.857142857142857,1.5,,2.4,,,0.0,,14.5,,,,,9.631578947368421,,,,,,,,66.0,,,,,,5.5,,178.0,,,281.0,8.722222222222221,,,,12.0,83.0
Asthenopodichnium,,,,,91.0,,,,,,,,,,,,,,,,,,,,,,,,,,,,,,48.0,,,,,,0.0,,,,,,,32.0,,,,,,119.0,,,,,,,,,,,,78.0,,,,,,,,,,,,,,,133.0,,,,,,,63.0,,,,,,,,,,,,,,,,,,,,,,,,,154.0,,,,,
Astropolichnus,,,,,,,,,,,,,,,,,,,,,,,,,,,,,,,,,,,,,,,,,,,,,,,,,,,,,,,,,,,,,,,,,,,,,,,,,,,,,,,,,,,,,,,,,,,,,,,,,,,,,,,,,,,,,,,,,,,,,,
Atollites,,,,,,,,,,,,,,,,,,,,,,,,,,,,,,,,,,,,,,,,,,,,,,,,,,,,,,,,,,,,,,,,,,,,,,,,,,,,,,,,,,,,,,,,,,,,,,,,,,0.0,,,,,,,,,,,,,,,,,,,,
Attaichnus,,,,,,,,,76.0,,,,,,,,,,,,,,,,,,,,,,,,,,,,,,,,,,,,,,,,,,,,,,0.0,,,,,,,,,,15.0,,,,,95.0,,90.0,,,,,,63.0,,,,,,,,,,,,,,,,,,,,,,,,,,,,,,,,,,,,,,,,
Augerinoichnus,,,,,,,,,,,,,,,,,,,,,,,,,,,,,,,,,,,,,,,,,,,,,,,,,,,,,,,,,,,,,,,,,,,,,,,,,,,,,,,,,,,,,,,,,,,,,,,,,,,,,,,,,,,,,,,,,,,,,,
Avetoichnus,,,,,,,,,,,,,,,,,,,,,,,,,,,,,,,,,,,,,,,,,,,,,,,,,,,,,,,,,,,,,,,,,,,,,,,,,,,,,,,,,,,,,,,,,,,,,,,,,,,,,,,,,,,,,,,,,,,,,,
Balanoglossites,,,,,28.0,,,,,,,,,,,,,,,,,,,,,,,,,,,,,,,,,,,,,,,,,,,,,0.0,,,,,,,,,,,,,17.0,,,,,,,,,,,,,,,,,,,,,,,,30.0,,,,,,,,,,,,,,,,,,,,,,,,,,,,,,,
Bathichnus,,,,,,,,,,,,,,,,,,,21.666666666666668,,,,,,,,,,,12.0,,,,,,,,,,,,,,,,,,,,,,,,,,,,,3.6666666666666665,,8.0,0.0,,,,28.333333333333332,,,,,,,,,,,,,,,,,,,,,,,,,,,16.333333333333332,,,,,,,,,,,,,,,,,,,,,,,,,
Beaconites,,,,,,,,,,,,,,,,179.0,,,,,,,,,,,,,,,,,,,140.0,,,278.0,,,,,,449.0,,,,,,,,,,,,225.0,,,,,36.0,,,,,,183.0,,,,,,,,,,,,0.0,201.0,,,,,,,,,,,,,386.0,,,,,,,,,,,,,324.0,,,,66.0,,,,,,89.0,,
Belorhaphe,,,,,,,,,,245.0,282.0,,,,,133.0,304.0,146.0,,,,50.0,,,,293.0,,174.0,24.0,,,,,,101.0,,,,63.0,,,,,,,,,,,,0.0,,255.0,,,233.0,,92.0,360.0,,38.0,,,77.0,,206.0,320.0,,,,187.0,,,,43.0,,196.0,,,219.0,,268.0,12.0,,,,,,27.0,,,,344.0,,,,,,,,116.0,,,,,,,,,,,,331.0,,374.0,,,
Bergaueria,,,,35.5,28.333333333333332,,,,,19.333333333333332,270.0,,,8.666666666666666,,41.5,292.0,134.0,293.0,,,43.5,,,,11.0,,52.5,12.0,,,,,13.0,12.75,,,44.666666666666664,51.0,,,,,,,,,35.0,,,12.0,11.333333333333334,24.666666666666668,,,21.2,36.0,19.5,63.666666666666664,128.0,1.2,,226.0,65.0,,16.0,155.0,,,,175.0,,,34.0,55.0,,59.0,,,11.666666666666666,12.0,256.0,0.0,,,2.4,,68.0,39.0,,,,28.5,,,,,,,,52.0,,,208.0,,,16.333333333333332,,64.0,,,269.0,36.25,,362.0,12.0,8.0,
Bichordites,,,,,,,,,,,,,,,0.0,,,,,,,,,,,13.0,,,,,,,,,,,,,,,,,,,,,,,,,,,,,,,,,,,,,,,,,,,,,,,,,,,,,,,,,,,,,,,,,,,,,,,,,,,,,,,,,,,,,,,,,,,,
Biformites,,,,,,,,,,,,,,,,,,,,,,,,,,,,,,,,,,,,,,,,,,,,,,,,,,,,,,,,,,,,,,,,,,,,,,,,,,,,,,,,,,,,,,,,,,,,,,,,,,,,,,,,,,,,,,,,,,,,,,
Bifungites,,,,,,,,,,,,,,,,,,,,,,,,,,,,,,,,,,,,,,,,,,,,,,,,,,,,,,,,,,,,,,,,,,,,,,,,,,,,,,,,,,,,,,,,,,,,,,,,,,,,,,,,,,,,,,,,,,,,,,
Bolonia,,,,,,,,,,,,,,,,,,,,,,,,,,,,,,,,,,,,,,,,,,,,,,,,,,,,,,,,,,,,,,,,,,,,,,,,,,,,,,,,,,,,,,,,,,,,,,,,,,,,,,,,,,,,,,,,,,,,,,
Bornichnus,,,,,,,,,,,,,,,,,,,,,,,,,,,,,,,,,,,,,,,,,,,,,,,,,,,,,,,,,,,,,,,,,,,,,,,,,,,,,,,,,,,,,,,,,,,,,,,,,,,,,,,,,,,,,,,,,,,,,,
Brooksella,,,,,,,,,,,,,,,,,,,,,,,,,,,,,,,,,,,,,,,,,,,,,,,,,,,,,,,,,,,,,,,,,,,,,,,,,,,,,,,,,,,,,,,,,,,,,,,,,,,,,,,,,,,,,,,,,,,,,,
Calceoformites,,,,,,,,,,,,,,,,,,,,,,,,,,,,,,,,,,,,,,,,,,,,,,,,,,,,,,,,,,,,,,,,,,,,,,,,,,,,,,,,,,,,,,,,,,,,,,,,,,,,,,,,,,,,,,,,,,,,,,
Camborygma,,,,,,,0.0,,,,,,,,,,,,,,,,,,,,,,,,,,,,,,,,,,,,,,,,,,,,,,,,,,,,,,,,,,,,,,,,,,,,,,,,,,,,,,,,,,,,,,,,,,,,,,,,,,,,,,,,,,,,,,,
Capodistria,,,,,,,,,,,,,,,,,,,,,,,,,,,,,,,,,,,,,,,,,,,,,,,,,,,,,,,,,,,,,,,,,,,,,,,,,,,,,,,,,,,,,,,,,,,,,,,,,,,,,,,,,,,,,,,,,,,,,,
Cardioichnus,,,,,,,,,,221.0,258.0,,,,,109.0,280.0,122.0,,,,26.0,,,,269.0,,150.0,0.0,,,,,,77.0,,,,39.0,,,,,,,,,,,,24.0,,231.0,,,209.0,,68.0,336.0,,14.0,,,53.0,,182.0,296.0,,,,163.0,,,,67.0,,172.0,,,195.0,,244.0,12.0,,,,,,51.0,,,,320.0,,,,,,,,92.0,,,,,,,,,,,,307.0,,350.0,,,
Castrichnus,,,,,,,,,,,,,,,,,,,,,,,,,,,,,,,,,,,,,,,,,,,,,,,,,,,,,,,,,,,,,,,,,,,,,,,,,,,,,,,,,,,,,,,,,,,,,,,,,,,,,,,,,,,,,,,,,,,,,,
Catenichnus,,,,,,,,,,,,,,,,,,,,,,,,,,,,,,,,,,,,,,,,,,,,,,,,,,,,,,,,,,,,,,,,,,,,,,,,,,,,,,,,,,,,,,,,,,,,,,,,,,,,,,,,,,,,,,,,,,,,,,
Chagrinichnites,,,,,,,,,,,,,,,,,,,,,,,,,,,,,,,,,,,,,,,,,,,,,,,,,,,,,,,,,,,,,,,,,,,,,,,,,,,,,,,,,,,,,,,,,,,,,,,,,,,,,,,,,,,,,,,,,,,,,,
Chondrites,,,19.666666666666668,42.25,9.0,15.0,,,,4.833333333333333,244.0,,13.5,7.666666666666667,,47.666666666666664,266.0,45.0,10.25,,,12.0,77.0,,,5.6875,,46.5,14.0,8.517241379310345,,,,3.4545454545454546,7.428571428571429,,9.0,9.68,25.0,,,14.0,,413.0,,,,5.75,,,38.0,0.9230769230769231,12.466666666666667,,,1.8,,13.5,0.1134020618556701,116.0,0.0,8.0,,39.0,,2.306122448979592,15.0,14.5,13.714285714285714,,149.0,,,204.0,14.5,64.33333333333333,7.2,,36.0,3.6666666666666665,11.0,10.666666666666666,1.2,,8.0,1.6,,31.0,18.0,27.0,,,3.932584269662921,,,,,,,,37.75,,,,,288.0,5.833333333333333,,32.0,30.0,,257.0,0.9696969696969697,14.0,336.0,53.0,4.0,
Circulichnis,,,,,,,,,,,,,,,,113.0,,,,,,,,,,,,,,,,,,,74.0,,,212.0,,,,,,383.0,,,,,,,,,,,,159.0,,,,,30.0,,,,,,300.0,,,,,,,,,,,,66.0,135.0,,,,,,,,,,,,,320.0,,,,,,,,,,,,,258.0,,,,0.0,,,,,,23.0,,
Cladichnus,,,,,,,,,,,,,,,,,,,,,,,,,,,,,,,,,,,,,,,,,,,,,,,,,,,,,,,,,,,,,,,,,,,,,,,,,,,,,,,,,,,,,,,,,,,,,,,,,,,,,,,0.0,,,,,,,,,,,,,,,
Climactichnites,,,,,,,,,,,,,,,,,,,,,,,,,,,,,,,,,,,,,,,,,,,,,,,,,,,,,,,,,,,,,,,,,,,,,,,,,,,,,,,,,,,,,,,,,,,,,,,,,,,,,,,,,,,,,,,,,,,,,,
Cochlichnus,32.0,,,,73.0,,,,,46.0,,,,,,90.0,,,,,,,,,,177.0,,,,,,,,,25.5,,,94.5,,,,,,360.0,,,,,,,,,,,,68.0,24.0,,,,53.0,,214.0,,,,138.5,,,,,,,56.0,,,,,89.0,56.0,,,12.0,,,,,,,,,,148.5,,,,,,,,,,,196.0,,235.0,37.0,51.0,,23.0,,,,,,0.0,13.0,
Compaginatichnus,,,,,,,,,,,,,,,,,,,,,,,,,,,,,,,,,,,,,,,,,,,,,,,,,,,,,,,,,,,,,,,,,,,,,,,,,,,,,,,,,,,,,,,,,,,,,,,,,,,,,,,,,,,,,,,,,,,,,,
Conichnus,,18.0,,,30.0,,,,,33.0,,,,73.0,,,,,,,,134.0,,,,14.0,,,,,,,,50.0,13.5,,,11.0,,,,,,,,,,5.5,,,,16.5,121.0,,,41.0,11.0,,83.5,,4.0,,201.0,,,18.666666666666668,,,,,,,,43.0,,,,,,19.0,35.0,,8.0,,,12.0,,14.0,,,,,73.5,,,,,,,,151.0,,,183.0,,,24.0,,,,,,60.5,,,13.0,0.0,
Conostichus,,,,,,,,,,,,,,,,,,,,,,,,,,,,,,,,,,,,,,,,,,,,,,,,,,,,,,,,,,,,,,,,,,,,,,,,,,,,,,,,,,,,,,,,,,,,,,,,,,,,,,,,,,,,,,,,,,,,,,
Coprinisphaera,,,,,,,,,,,,,,,,,,,,,,,,,,,,,,,,,0.0,,,,,,,,,,,,,,,,,,,,,,,,,,,,,,,,,,,,,,,,,,,,,,,,,,,,,,,,,,,,,,,,,,,,,,,,,,,,,,,,,,,,,
Cornulatichnus,,,,,,,,,,,,,,,,,,,,,,,,,,,,,,,,,,,,,,,,,,,,,,,,,,,,,,,,,,,,,,,,,,,,,,,,,,,,,,,,,,,,,,,,,,,,,,,,,,,,,,,,,,,,,,,,,,,,,,
Cosmorhaphe,,,,,71.0,,,,,4.333333333333333,232.0,,,61.0,,83.0,254.0,96.0,,,,0.0,19.666666666666668,,,3.25,,124.0,26.0,,,,,,15.75,,,5.5,13.0,,,,,,,,,,,,50.0,,6.5,,,38.333333333333336,,42.0,44.5,,12.0,,,27.0,,12.0,28.666666666666668,,,,137.0,,,,93.0,,146.0,,,169.0,99.0,7.25,43.5,,,49.0,,,77.0,,,,26.2,,,,,,,,8.5,,,,,,,,,,,,281.0,,324.0,,134.0,
Cruziana,,,,50.5,,,,,,,,,,,,,,,,,,,,,,,,,,35.0,,,,,,,,0.12658227848101267,,,,21.666666666666668,,,,,,,,,,20.5,30.666666666666668,,,8.916666666666666,,,6.615384615384615,,32.0,,,,,13.428571428571429,,,56.0,,,,,,,,81.0,,,12.666666666666666,,,64.0,,,178.0,,124.0,,,,,3.230769230769231,,,,,,,,,,,,,,,27.0,0.0,,,,35.5,,,,,
Ctenopholeus,,,,,,,,,,,,,,,,,,,,,,,,,,,,,,,,,,,,,,,,,,,,,,,,,,,,,,,,,,,,,,,,,,,,,,,,,,,,,,,,,,,,,,,,,,,,,,,,,,,,,,,,,,,,,,,,,,,,,,
Curvolithus,,,,,49.0,,,,,22.0,,,,,,,,,,,,,,,,,,,,,,,,,,,,,,,,,,,,,,,,,,,,,,,0.0,,,,,,190.0,,,,,,,,,,,32.0,,,,,,,,,36.0,,,,,,,,,,69.0,,,,,,,,,,,172.0,,,13.0,,,,,,,,,24.0,11.0,
Cylindrichnus,,15.0,,47.0,16.0,,,,,10.571428571428571,,,,1.1111111111111112,,59.0,,,269.0,,,,,,,235.0,,81.0,,,,,,2.6,24.0,,5.0,0.6818181818181818,,,,10.0,,,,,,15.333333333333334,,,,0.0,5.25,,,0.9565217391304348,,15.0,69.5,104.0,0.9230769230769231,,,,,1.0,13.4,15.333333333333334,1.7142857142857142,,,,,192.0,,,94.0,,,1.75,26.333333333333332,,11.333333333333334,,,1.2,,99.0,,,,,5.277777777777778,,,,,,,,,,,,,,22.0,,20.5,,,245.0,1.3636363636363635,5.0,,,16.5,
Cylindricum,,,,,,,,,,,,,,,,,,,,,,,,,,,,,,,,,,,,,,111.5,,,,,,,,,,,,,,,,,,,,,,,,,,,,,,,,,,,,,,,,,,100.0,,,,,,,,,,,,,,,,,,,,0.0,,,,,,,,,,,,,,,,,,
Dactyloidites,,94.0,,7.5,27.0,,,,,19.666666666666668,,,,,,,,,,,,,,,,,,,,,,,,13.666666666666666,,,0.0,32.333333333333336,,,,5.0,,,,80.0,,15.0,,,,5.0,,,,23.0,,,,,9.0,,,,,15.333333333333334,,10.333333333333334,,,,,,,,,,,,43.0,,,,,,26.0,,,,,,,24.8,,,,,,,,,,,,,,,,,,,,27.0,,,,,57.0
Dactylophycus,,,,,,,,,,,,,,,,,,,,,,,,,,,,,,,,,,,,,,,,,,,,,,,,,,,,,,,,,,,,,,,,,,,,,,,,,,,,,,,,,,,,,,,,,,,,,,,,,,,,,,,,,,,,,,,,,,,,,,
Daedalus,,,,,,,,,,,,,,,,,,,,,,,,,26.0,,,,,,,,,,,,,,,,,,,,,,,,10.0,,,,,,,,,,,,,,,,,,,,,,,,,,,,,,,,,,,,,,,,,,,,,,,,,,,,,0.0,,,,,,,,,,,,,,,,
Daimonelix,,,,,,,,,,,,,,,,,,,,,,,,,,,,,,,,,,,,,,,,,,,,,,,,,,,,,,,,,,,,,,,,,,,,,,,,,,,,,,,,,,,,,,,,,,,,,,,,,,,,,,,,,,,,,,,,,,,,,,
Daimoniobarax,,,,,,,,,,,,,,,,,,,,,,,,,,,,,,,,,,,,,,,,,,,,,,,,,,,,,,,,,,,,,,,,,,,,,,,,,,,,,,,,,,,,,,,,,,,,,,,,,,,,,,,,,,,,,,,,,,,,,,
Dendrotichnium,,,,,,,,,,,,,,,,,,,,,,,,,,,,,,,,,,,,,,,,,,,,,,,,,,,,,,,,,,,,,,,,,,,,,,,,,,,,,,,,,,,,,,,,,,,,,,,,,,,,,,,,,,,,,,,,,,,,,,
Desmograpton,,,,,,,,,,182.0,219.0,,,,,70.0,241.0,83.0,,,,13.0,,,,230.0,,111.0,39.0,,,,,,38.0,,,,0.0,,,,,,,,,,,,63.0,,192.0,,,170.0,,29.0,297.0,,25.0,,,14.0,,143.0,257.0,,,,124.0,,,,106.0,,133.0,,,156.0,,205.0,51.0,,,,,,90.0,,,,281.0,,,,,,,,53.0,,,,,,,,,,,,268.0,,311.0,,,
Dictyodora,,,,,,,,,,,,,,,,,,18.0,,,,,,,16.0,,,,,,,,,,,,,,,,,,,,,,,,0.0,,,,,,,,,,29.0,,,,,,,,,,,,,,,,,,,,,,,,,,,,,,,,,,,,,,,,,,,10.0,,,,,,,,,,,,,,,,
Didymaulichnus,,,,,,,,,,,,,,,,,,,,,,,,,,,,,,,,,,,,,,,,,,,,,,,,,,,,,,,,,,,,,,,,,,,,,,,,,,,,,,,,,,,,,,,,,,,,,,,,,,,,,,,,,,,,,,,,,,,,,,
Didymaulyponomos,,,,,,,,,,,,,,,,,,,,,,,,,,,,,,,,,,,,,,,,,,,,,,,,,,,,,,,,,,,,,,,,,,,,,,,,,,,,,,,,,,,,,,,,,,,,,,,,,,,,,,,,,,,,,,,,,,,,,,
Dimorphichnus,,,,,,,,,,,,,,,,,,,,,,,,,,,,,,,,,,,,,,,,,,,,,,,,,,,,,,,,,,,,,,,,,,,,,,,,,,,,,,,,,,,,,,,,,,,,,,,,,,,,,,,,,,,,,,,,,,,,,,
Diplichnites,,,,,,,,,,,,,,,,,,,,,,,,,,,,,,,,,,,,,,,,,,,,,,,,,,,,,,,,,,,,,,,,,,,,,,,,,,,,,,,,,,,,,,,,,,,,,,,,,,,0.0,,,,,,,,,,,,,,,,,,,
Diplocraterion,,79.0,,16.0,2.7142857142857144,,,,,,,,,18.0,,,,,,,,,,,,,,,,,,,,12.2,8.0,,15.0,11.0,,,32.0,,,,,,,0.0,,,,15.333333333333334,,87.0,,4.8,,,52.0,,5.75,,,,,7.5,,,,,,,,,16.5,,,,,12.5,101.0,,35.0,,,15.666666666666666,,31.0,,,,,13.6,,,,,,,,,,,,,,,,,,,,18.333333333333332,,,,5.5,42.0
Dolopichnus,,,,,,,,,,,,,,,,,,,,,,,,,,,,,,,,,,,,,,,,,,,,,,,,,,,,,,,,,,,,,,,,,,,,,,,,,,,,,,,,,,,,,,,,,,,,,,,,,,,,,,,,,,,,,,,,,,,,,,
Dreginozoum,,,,,,,,,,,,,,,,,,,,,,,,,,,,,,,,,,,,,,,,,,,,,,,,,,,,,,,,,,,,,,,,,,,,,,,,,,,,,,,,,,,,,,,,,,,,,,,,,,,,,,,,,,,,,,,,,,,,,,
Echinospira,,,,,,,,,,,,,,,,,,,,,,,,,,,,,,,,,,,,,,,,,,,,,,,,,,,,,,,,,,,,,,,,,,,,,,,,,,,,,,,,,,,,,,,,,,,,,,,,,,,,,,,,,,,,,,,,,,,,,,
Edaphichnium,,,,,,,,,,,,,,,,,,,,,,,,,,,,,,,,,,,,,,,,,,,,,,,,,,,,,,,,,,,,,,,,,,,,,,,,,,,,,,,,,,,,,,,,,,,,,,,,,,,,,,,,,,,,,,,,,,,,,,
Ellipsoideichnus,,,,,,,,,171.0,,,,,,,,,,,,,,,,,,,,,,,,,,,,,,,,,,,,,,,,,,,,,,95.0,,,,,,,,,,110.0,,,,,0.0,,185.0,,,,,,158.0,,,,,,,,,,,,,,,,,,,,,,,,,,,,,,,,,,,,,,,,
Entradichnus,,,,,,,,,,,,,,,,,,,,,,,,,,,,,,,,,,,,,,188.0,,,,,,,,,,,,,,,,,,,,,,,,,,,,,,,,,,,,,,,,,,,,,,,,,,,,,,0.0,,,,,,,,,,,,,,,,174.0,,,,,,,,,,
Ereipichnus,,,,,,,,,,,,,,,,,,,,,,,,,,,,,,,,,,,,,,,,,,,,,,,,,,,,,,,,,,,,,,,,,,382.0,,,,,,,,,,,,,,,,,,,,,,,,,,,89.0,,0.0,,,,,,,,,,,,,,,,,,,,,,,
Estrellichnus,,,,,,,,,,,,,,,,,,,,,,,,,,,,,,,,,,,,,,,,,,,,,,,,,,,,,,,,,,,,,,,,,,,,,,,,,,,,,,,,,,,,,,,,,,,,,,,,,,,,,,,,,,,,,,,,,,,,,,
Fictovichnus,,,,,,,,24.0,,,,0.0,,,,,,,,,,,,,,,,,,,,,,,,,,,,,,,,,,,,,,,,,,,,,,,,,,,,,,,,,,,,,,,,,,,,,,,,,,,,,,,,,,,,,,,,,,,,,,,,,,,,,,,,,,
Fontanai,,,,,,,,,0.0,,,,,,,,,,,,,,,,,,,,,,,,,,,,,,,,,,,,,,,,,,,,,,76.0,,,,,,,,,,61.0,,,,,171.0,,14.0,,,,,,13.0,,,,,,,,,,,,,,,,,,,,,,,,,,,,,,,,,,,,,,,,
Fucusopsis,,,,,,,,,,,,,,,,,,,,,,,,,,,,,,,,,,,,,,,,,,,,,,,,,,,,,,,,,,,,,,,,,,,,,,,,,,,,,,,,,,,,,,,,,,,,,,,,,,,,,,,,,,,,,,,,,,,,,,
Fuersichnus,,,,,,,,,,,,,,,,,,,,,,,,,,,,,,,,,,,,,,,,,,,,,,,,,,,,,,,,,,,,,,,,,,,,,,,,,,,,,,,,,,,,,,,,,,,,,,,,,,,,,,,,,,,,,,,,,,,,,,
Furculosus,,,,,,,,,,,,,,,,,,,,,,,,,,,,,,,,,,,,,,,,,,,,,,,,,,,,,,,,,,,,,,,,,,,,,,,,,,,,,,,,,,,,,,,,,,,,,,,,,,,,,,,,,,,,,,,,,,,,,,
Furnasichnus,,,,,,,,,,,,,,,,,,,,,,,,,,,,,,,,,,,,,,,,,,,,,,,,,,,,,,,,,,,,,,,,,,,,,,,,,,,,,,,,,,,,,,,,,,,,,,,,,,,,,,,,,,,,,,,,,,,,,,
Glockerichnus,,,,,,,,,,,,,,,,,,,,,,,,,,,,,,,,,,,,,,,,,,,,,,,,,,,,,,,,,,,,,,,,,,,,,,,,,,,,,,,,,,,,,,,,,,,,,,,,,,,,,,,,,,,,,,,,,,,,,,
Gyrochorte,,63.0,,0.0,162.0,,,,,27.75,,,,178.0,,12.0,,,222.0,,,,,,,22.25,,34.0,,,,,,61.0,37.25,,7.5,211.0,,,,,,,,,,16.0,,,,47.0,120.0,,,16.833333333333332,,32.0,,57.0,42.25,,,,,27.666666666666668,19.75,,,,,,,145.0,,,47.0,,,25.0,,,35.5,,,41.5,,,,,,,5.777777777777778,,,,,,,,,,,,,,19.142857142857142,,50.5,,,198.0,11.333333333333334,,,,,26.0
Gyrolithes,,,,,1.375,,,,,,,,,50.0,,,,,,,,,,,,,,,,,,,,19.0,5.666666666666667,,,2.7,,,,,,,,,,,,,,1.7142857142857142,7.25,,,6.222222222222222,,,11.0,,13.714285714285714,,,,,12.333333333333334,40.0,,0.0,,,,,,,,,,,11.0,43.333333333333336,,,,,15.5,,,,,,,18.666666666666668,31.0,,,,,,,,,,,,,42.0,,56.0,,,,2.142857142857143,9.0,,,,
Gyrophyllites,,,,,,,,,,168.0,205.0,,,,,56.0,227.0,69.0,,,,27.0,,,,216.0,,97.0,53.0,,,,,,24.0,,,,14.0,,,,,,,,,,,,77.0,,178.0,,,156.0,,15.0,283.0,,39.0,,,0.0,,129.0,243.0,,,,110.0,,,,120.0,,119.0,,,142.0,,191.0,65.0,,,,,,104.0,,,,267.0,,,,,,,,39.0,,,,,,,,,,,,254.0,,297.0,,,
Haentzschelinia,,,,,,,,,,,,,,,,,,,,,,,,,,,,,,,,,,,,,80.0,,,,,,,,,0.0,,,,,,,,,,,,,,,,,,,,,,,,,,,,,,,,,,,,,,,,,,,,,,,,,,,,,,,,,,,,,,,,,,,,,,,,
Halimedides,,,,,23.666666666666668,0.0,,,,,,,,,,,,,1.8571428571428572,,,,,,,,,,,42.0,,,,,,,,,,,,,,,,,,,,,,,,,,18.333333333333332,,,3.3,,15.0,,,,,,30.333333333333332,,,,,,,,,49.333333333333336,,,,5.666666666666667,,,,,,,,,,12.0,,,35.333333333333336,,,,,,,,,,,,,,,,,,,,,,,,,
Halopoa,,,,32.0,194.0,,,,,71.0,190.0,,,210.0,,22.0,212.0,54.0,254.0,,,42.0,,,,110.0,,33.0,68.0,,,,,,4.5,,,243.0,29.0,,,,,,,,,,,,92.0,15.0,76.0,,,82.5,,0.0,268.0,89.0,13.5,,,15.0,,57.5,135.5,,,,95.0,,,177.0,135.0,,39.5,,,64.0,,176.0,19.5,,,51.0,,,119.0,,,,149.5,,,,,,,,24.0,,,,,,57.0,,,,,230.0,141.0,,282.0,,,
Hartsellea,,,,,,,,,,,,,,,,,,,,,,,,,,,,,,,,,,,,,,,,,,,,,,,,,,,,,,,,,,,,,,,,,,,,,,,,,,,,,,,,,,,,,,,,,,,,,,,,,,,,,,,,,,,,,,,,,,,,,,
Heimdallia,,,,,,,,,,,,,,,,,,,,,,,,,0.0,,,,,,,,,,,,,,,,,,,,,,,,16.0,,,,,,,,,,,,,,,,,,,,,,,,,,,,,,,,,,,,,,,,,,,,,,,,,,,,,26.0,,,,,,,,,,,,,,,,
Helicodromites,,,,,22.0,,,,,14.666666666666666,,,,,,,,,,,,,,,,,,,,13.333333333333334,,,,18.666666666666668,,,5.0,27.333333333333332,,,,0.0,,,,,,,,,,10.0,9.0,,,9.0,,,4.666666666666667,,14.0,,,,,10.333333333333334,,5.333333333333333,,,,,,,,,,,,23.333333333333332,,,,,,,,,,,,,18.166666666666668,,,,,,,,,,,,,,,,21.666666666666668,,,,31.0,,,,,
Helicolithus,,,,,,,,,,,,,,,,,,,,,,,,,,,,,,,,,,,,,,,,,,,,,,,,,,,,,,,,,,,,,,,,,,,,,,,,,,,,,,,,,,,,,,,,,,,,,,,,,,,,,,,,,,,,,,,,,,,,,,
Helminthopsis,,,,37.25,7.166666666666667,,,,,7.6,181.0,,,33.0,,13.0,4.2,45.0,245.0,,,15.75,,,,8.444444444444445,,16.5,77.0,,,12.25,,15.4,0.0,,,13.8,38.0,,48.0,,,309.0,,,,8.0,,,101.0,24.0,1.1428571428571428,71.0,,5.3125,,4.5,17.5,80.0,7.428571428571429,,,24.0,,1.9333333333333333,28.25,,5.666666666666667,,86.0,,,168.0,144.0,,35.0,,140.0,4.6923076923076925,8.5,167.0,12.75,,,7.0,,15.0,128.0,,,,10.695652173913043,,,,,,,,7.5,,,,,184.0,3.75,,,74.0,,221.0,5.875,,273.0,25.5,13.5,
Helminthorhaphe,,,,,88.0,,,,,129.0,166.0,,,78.0,,17.0,188.0,30.0,,,,8.5,,,,5.5,,58.0,92.0,,,,,,7.5,,,,53.0,,,,,,,,,,,,116.0,,33.75,,,37.666666666666664,,24.0,21.5,,37.75,,,39.0,,18.0,204.0,,,,71.0,,,,159.0,,80.0,,,103.0,116.0,152.0,52.0,,,66.0,,,32.333333333333336,,,,24.666666666666668,,,,,,,,0.0,,,,,,,,,,,,215.0,,258.0,,151.0,
Hillichnus,,,,,,,,,,,,,,,,,,,,,,,,,,,,,,,,,,,,,,,,,,,,,,,,,,,,,,,,,,,,,,,,,,,,,,,,,,116.0,,,,,,,,,,,,,,,,,,,,,,0.0,,,,,,,,,,,135.0,,,,,,,,,,,
Hormosiroidea,,,,,,,,,,,,,,,,,,,,,,,,,,,,,,,,,,,,,,,,,,,,,,,,,,,,,,,,4.0,,,11.666666666666666,,8.0,,,,,,,,,,,,,,,,,,,6.0,,,,,0.0,,,,,,,,,,,,,,,,,,,,,,,,,,,,,,,,,
Hydrancylus,,,,,,,,,,,,,,,,,,,,,,,,,,,,,,,,,,,,,,,,,,,,,,,,,,,,,,,,,,,,,,,,,,,,,,,,,,,,,,,,,,,,,,,,,,,,,,,,,,,,,,,,,,,,,,,,,,,,,,
Ilmenichnus,,,,,,,,,,,,,,,,,,,,,,,,,,181.0,,,,,,,,,,,,,,,,,,,,,,,,,,,,,,,,,,,,,,,,278.0,,,,,,,,,,,77.0,,,,,,,,,,,,,,,,,,,,,,,,,,,,,,,,,,0.0,,,,,,,
Imponoglyphus,,,,,,,,,,,,,,,,,,,,,,,,,,,,,,,,,,,,,,,,,,,,,,,,,,,,,,,,,,,,,,,,,,,,,,,,,,,,,,,,,,,,,,,,,,,,,,,,,,,,,,,,,,,,,,,,,,,,,,
Isopodichnus,,,,,,,,,,,,,,,,,,,,,,,,,,,,,,,,,,,,,,,,,,,,,,,,,,,,,,,,,,,,,,,,,,,,,,,,,,,,,,,,,,,,,,,,,,,,,,,,,,,,,,,,,,,,,,,,,,,,,,
Jamesonichnites,,,,,,,,,,,,,,,,,,,,0.0,,,,,,,,,,,,,,,,,,,,,,,,,,,,,,,,,,,,,,,,,,,,,,,,,,,,,,,,,,,,,,,,,,,,,,,,,,,,,,,,,,,,,,,,,,,,,,,,,,
Katarrhedrites,,,,,,,,,,,,,,,,,,,,,,,,,,,,,,,,,,,,,,,,,,,,,,,,,,,,,,,,,,,,,,,,,,,,,,,,,,,,,,,,,,,,,,,,,,,,,,,,,,,,,,,,,,,,,,,,,,,,,,
Katbergia,,,,,,,,,,,,,,,,,,,,,,,,,,,,,,,,,,,,,,,,,,,,,,,,,,,,,,,,,,,,,,,,,,,,,,,,,,,,,,,,,,,,,,,,,,,,,,,,,,,,,,,,,,,,,,,,,,,,,,
Keilorites,,,,,,,,,,,,,,,,,,,,,,,,,,,,,,,,,,,,,,,,,,,,,,,,,,,,,,,,,,,,,,,,,,,,,,,,,,,,,,,,,,,,,,,,,,,,,,,,,,,,,,,,,,,,,,,,,,,,,,
Kladosystemites,,,,,,,,,,,,,,,,,,,,,,,,,,,,,,,,,,,,,,,,,,,,,,,,,,,,,,,,,,,,,,,,,,,,,,,,,,,,,,,,,,,,,,,,,,,,,,,,,,,,,,,,,,,,,,,,,,,,,,
Kulindrichnus,,,,,,,,,,,,,,,,,,,,,,,,,,,,,,,,,,,,,,,,,,,,,,,,,,,,,,,,,,,,,,,,,,,,,,,,,,,,,,,,,,,,,,,,,,,,,,,,,,,,,,,,,,,,,,,,,,,,,,
Labyrintichnus,,,,,,,,,,,,,,,,,,,,,,,,,,,,,,,,,,,,,,,,,,,,,,,,,,,,,,,,,,,,,,,,,,,,,,,,,,,,,,,,,,,,,,,,,,,,,,,,,,,,,,,,,,,,,,,,,,,,,,
Laevicyclus,,,,12.0,150.0,,,,,49.0,149.0,,,166.0,,0.0,171.0,13.0,210.0,,,83.0,,,,88.0,,11.0,109.0,,,,,,13.0,,,49.5,70.0,,,,,270.0,,,,,,,133.0,59.0,54.0,,,15.333333333333334,,22.0,227.0,45.0,47.666666666666664,,,56.0,,35.5,62.333333333333336,,,,54.0,,,133.0,176.0,,17.5,,179.0,7.333333333333333,,135.0,41.5,,,95.0,,,160.0,,,,69.0,,,,,,,,17.0,,,,,145.0,13.0,,,113.0,,186.0,119.0,,241.0,90.0,,
Lanicoidichna,,,,,,,,,,,,,,,,,,,,,,,,,,,,,,,,,,,,,,,,,,,,,,,,,,,,,,,,,,,,,,,,,,,,,,,,,,,,,,,,,,,,,,,,,,,,,,,,,,,,,,,,,,,,,,,,,,,,,,
Lapispira,,,,,,,,,,,,,,,,,,,,,,,,,,,,,,,,,,,,,,,,,,,,,,,,,,,,,,,,,,,,,,,,,,,,,,,,,,,,,,,,,,,,,,,,,,,0.0,,,,,,,,,,,,,,,,,,,,,,,,,,,
Lennea,,,,,,,,,,,,,,,,,,,,,,,,,,,,,,,,,,,,,,,,,,,,,,,,,,,,,,,,,,,,,,,,,,,,,,,,,,,,,,,,,,,,,,,,,,,,,,,,,,,,,,,,,,,,,,,,,,,,,,
Lingulichnus,,,,,,,,,,,,,,,,,,,,,,,,,,,,,,,,,,,,,,4.666666666666667,,,,,,,,,,,,,,5.0,,,,8.333333333333334,,,,,14.0,,,,,,,,9.0,,,,,,,,,,,36.0,,,,,,,,,,,,,16.0,,,,,,,,,,,,,,54.0,,,,,,48.5,0.0,,,,
Lockeia,,,,19.142857142857142,21.8,,,,,4.6,,,,8.5,,13.0,,,197.0,,,,,,,11.25,,9.0,,,,,,16.333333333333332,3.75,,,17.0,,,,,,,,,,,,,,22.0,13.75,,,4.125,13.0,57.0,73.0,32.0,5.833333333333333,,177.0,,,29.0,11.0,,42.0,,,,,4.75,,,22.0,,,2.25,,,16.333333333333332,,,5.5,,,,,,,13.666666666666666,,,135.0,,,,,,,,159.0,,,0.0,,,,,173.0,13.2,54.0,,37.0,24.0,
Loloichnus,,,,,,,,,,,,,,,,,,,,,,,,0.0,,,,,,,,,,16.0,,,,,,,,,,,,,,,,,,,,,,34.0,,,,,,,,,,,37.0,,,,,,,,,,,,,54.0,,,,,,,,,,,,,,,,,,,,,,,,,,,,,,,,,,,,,,
Lophoctenium,,,,,,,,,,99.0,136.0,,,,,13.0,158.0,0.0,,,,96.0,13.0,,,147.0,,28.0,122.0,,,,,,45.0,,,,83.0,,,,,,,,,,18.0,,146.0,,109.0,,,30.5,,54.0,3.6666666666666665,,45.0,,,69.0,,60.0,174.0,,,,41.0,,,,189.0,,50.0,,,73.0,,122.0,134.0,,,,,,173.0,,,,198.0,,,,,,,,30.0,,,,,,,,,,,,185.0,,228.0,,,
Lorenzinia,,,,,,,,,,,,,,,,,,,,,,,,,,,,,,,,,,,,,,,,,,,,,,,,,,,,,,,,,,,,,,,,,,,,,,,,,,,,,,,,,,,,,,,,,,,,,,,,,,,,,,,,,,,,,,,,,,,,,,
Lunulichnus,,,,,,,,,,,,,,,,,,,,,,,,,,,,,,,,,,,,,,,,,,,,,,,,,,,,,,,,,,,,,,,,,,,,,,,,,,,,,,,,,,,,,,,,,,,,,,,,,,,,,,,,,,,,,,,,,,,,,,
Macanopsis,,,,,,,,,,,,,,,,,,,,,,,,,,,,,,,,,,,,,,,,,,,0.0,,,,,,,,,,,,,,,,,,,,,,,,,,,,,,,,,,,,,,,,,,,,,,,,,,,,,,,,,,,,,,,,,,,,,,,,,,,
Macaronichnus,,,,,28.0,,,,,,,,,15.0,,,,,,,,,14.333333333333334,,,,,,,43.0,,,,,15.0,,,26.0,,5.666666666666667,63.0,,,,,,,31.0,,,,99.0,,56.0,,18.0,,,180.0,,31.0,,,,,5.0,15.0,,,,,,,,,,,,,9.0,70.0,,68.0,,,14.5,,0.0,,,,,9.5,,,,,,,,,,,,,10.0,,,124.0,,,,91.0,,,,14.0,
Mammillichnis,,,,,,,,,,,,,,,,,,,,,,,,,,,,,,,,,,,,,,,,,,,,,,,,,,,,,,,,,,,,,,,,,,,,,,,,,,,,,,,,,,,,,,,,,,,,,,,,,,,,,,,,,,,,,,,,,,,,,,
Margaritichnus,,,,,,,,,,,,,,,,,,,,,,,,,,,,,,,,,,,,,,,,,,,,,,,,,,,,,,,,,,,,,,,,,,,,,,,,,,,,,,,,,,,,,,,,,,,,,,,,,,,,,,,,,,,,,,,,,,,,,,
Megagrapton,,,,34.0,128.0,,,,,38.0,108.0,,,144.0,,11.0,24.0,28.0,188.0,,,124.0,,,,77.0,,0.0,150.0,,,37.0,,,16.5,,,177.0,111.0,,,,,,,,,,,,174.0,81.0,43.0,,,49.5,,33.0,186.0,23.0,46.5,,,97.0,,24.5,102.5,,,,13.0,,,111.0,217.0,,6.5,,,4.333333333333333,,94.0,52.5,,,117.0,,,201.0,,,,116.5,,,,,,,,58.0,,,,,,9.0,,,,,164.0,108.0,,200.0,,,
Megaplanolites,,,,,,,,,,,,,,,,,,,,,,,,,,,,,,,,,,,,,,,,,,,,,,,,,,,,,,,,,,,,,,,,,,,,,,,,,,,,,,,,,,,,,,,,,,,,,,,,,,,,,,,,,,,,,,,,,,,,,,
Mixoteichichnus,,,,,,,,,,,,,,,,,,,,,,,,,,,,,,,,,,,,,,,,,,,,,,,,,,30.0,,,,,,,,,,,,,,,,,,,,,,,,,,,,,,,,,,,,,0.0,,,,,,,,,,,,,,,,,,,,,,,,,,,,,,,
Monesichnus,,,,,,,,,13.0,,,,,,,,,,,,,,,,,,,,,,,,,,,,,,,,,,,,,,,,,,,,,,63.0,,,,,,,,,,48.0,,,,,158.0,,27.0,,,,,,0.0,,,,,,,,,,,,,,,,,,,,,,,,,,,,,,,,,,,,,,,,
Monocraterion,,,,,16.666666666666668,,,,,9.333333333333334,,,,,,,,,,,,,,,,,,,,,,,,24.0,,,10.333333333333334,22.0,,,,5.333333333333333,,,,,,,,,,15.333333333333334,,,,9.5,,,,,14.5,,,,,5.0,41.0,0.0,,,,,,,,,,,,15.0,,,,,,,,,,,,,31.0,,,,,,,,,,,,,,,,,,,,25.666666666666668,,,,,
Multina,,,,,,,,,,58.0,95.0,,,,,54.0,117.0,41.0,,,,137.0,,,,106.0,,13.0,163.0,,,,,,86.0,,,,124.0,,,,,,,,,,,,187.0,,68.0,,,46.0,,95.0,173.0,,149.0,,,110.0,,19.0,133.0,,,,0.0,,,,230.0,,9.0,,,32.0,,81.0,175.0,,,,,,214.0,,,,157.0,,,,,,,,71.0,,,,,,,,,,,,144.0,,187.0,,,
Naktodemasis,,,,,,,,,,,,,,,,,,,,,,,,,,,,,,,,,,,,,,7.0,,,,,,,0.0,,,,,,,,,,,19.0,,,,,,,,,,,,,,,,,,,,,,,,,,,,,,,,,,,,,,,,,,,,,,,,,,,,,,,,,,,,,,
Nenoxites,,,,,,,,,,,,,,,,,,,,,,,,,,,,,,,,,,,,,,,,,,,,,,,,,,,,,,,,,,,,,,,,,,,,,,,,,,,,,,,,,,,,,,,,,,,,,,,,,,,,,,,,,,,,,,,,,,,,,,
Neonereites,,,,57.0,105.0,,,,,53.0,,,,121.0,,45.0,,,165.0,,,,,,,131.0,,23.0,,,,,,,80.0,,,154.0,,,,,,,,,,,,,,104.0,63.0,,,76.0,,89.0,,0.0,116.0,,,,,26.0,182.0,,,,,,,88.0,,,10.0,,,39.0,,,128.0,,,140.0,,,,,,,210.0,,,,,,,,,,,,,,32.0,,,,,141.0,193.0,,,,,
Nereites,,,,47.0,115.0,,,,,31.5,86.0,,,131.0,,17.5,108.0,50.0,175.0,,,146.0,,,,25.428571428571427,,6.5,172.0,,,,,13.0,35.0,,,34.0,133.0,,,,,,,,,,,,196.0,94.0,36.5,,,43.0,,39.5,6.6875,10.0,7.2,,,119.0,,3.076923076923077,96.0,,,,9.0,,,98.0,239.0,,0.0,,,24.5,,1.625,59.0,,,130.0,,,223.0,,,,110.0,,,,,,,,80.0,,,,,,22.0,,81.0,,77.0,151.0,101.5,,178.0,,,
Nummipera,,,,,,,,,,,,,,,,,,,,,,,,,,,,,,,,,,,,,,,,,,,,,,,,,,,,,,,,,,,,,,,,,,,,,,,,,,,,,,,,,,,,,,,,,,,,,,,,,,,,,,,,,,,,,,,,,,,,,,
Oikobesalon,,,,,,,,,,,,,,,,,,,,,,,,,,,,,,,,,,,,,,,,,,,,,,,,,,,,,,,,,,,,,,,,,,,,,,,,,,,,,,,,,,,,,,,,,,,,,,,,,,,,,,,,,,,,,,,,,,,,,,
Oldhamia,,,,,,,,,,,,,,,,,,,,,,,,,,,,,,,,,,,,,,,,,,,,,,,,,,,,,,,,,,,,,,,,,,,,,,,,,,,,,,,,,,,,,,,,,,,,,,,,,,,,,,,,,,,,,,,,,,,,,,
Ophiomorpha,,,,27.666666666666668,3.466666666666667,,,,,1.625,76.0,,,5.0,,35.5,98.0,60.0,4.0,,,12.0,,,,4.454545454545454,,24.5,182.0,44.0,,,,10.6,1.9333333333333333,,15.333333333333334,1.4210526315789473,143.0,,78.0,10.333333333333334,,,,,,7.5,,,206.0,1.0,3.4210526315789473,41.0,,2.3777777777777778,,57.5,6.157894736842105,26.0,2.306122448979592,28.333333333333332,,129.0,,0.0,5.4,5.0,12.333333333333334,,19.0,,,62.0,249.0,,3.076923076923077,,,0.375,7.857142857142857,19.8,16.0,,,5.111111111111111,,5.0,14.333333333333334,,,,0.2835820895522388,,382.0,,,,,,18.0,,,,,,29.0,,13.428571428571429,,278.0,115.0,1.0625,,168.0,,18.666666666666668,
Oravaichnium,,,,,,,,,,,,,,,,,,,,,,,,,,,,,,,,,,,,,,,,,,,,,,,,,,,,,,,,,,,,,,,,,,,,,,,,,,,,,,,,,,,,,,,,,,,,,,,,,,,,,,,,,,,,,,,,,,,,,,
Osculichnus,,,,,,,,,,,,,,,,,,,,,,,,,,,,,,,,,,,,,,,,,,,,,,,,,,,,,,,,,,,,,,,,,,,,,,,,,,,,,,,,,,,,,,,,,,,,,,,,,,,,,,,,,,,,,,,,,,,,,,
Palaeophycus,,51.0,,25.0,1.4545454545454546,5.666666666666667,,,,1.4,63.0,,,7.0,,7.333333333333333,18.8,73.0,126.0,,,169.0,,54.0,,3.888888888888889,,4.333333333333333,195.0,8.75,,30.5,,1.1666666666666667,4.6923076923076925,,43.0,2.9615384615384617,156.0,,,23.333333333333332,,248.0,,,,12.5,,,219.0,1.75,0.9333333333333333,,,0.4444444444444444,,64.0,8.6,39.0,3.6666666666666665,,,142.0,,0.375,8.25,15.0,11.0,,32.0,,,49.0,262.0,43.666666666666664,24.5,,201.0,0.0,23.5,49.0,11.666666666666666,,6.0,2.857142857142857,,9.0,246.0,6.333333333333333,,,3.7,21.0,,,,,,100.0,103.0,,,,,123.0,2.25,161.0,12.666666666666666,135.0,,102.0,2.918918918918919,36.0,155.0,56.0,19.0,14.0
Paleodictyon,,,,,,,,,,23.0,14.0,,,,,135.0,36.0,122.0,,,,7.25,10.0,,,25.0,,94.0,244.0,,,,,190.0,167.0,,,,205.0,,,,,,,,,,,,268.0,,13.0,,,35.0,,176.0,16.666666666666668,,10.666666666666666,,,191.0,,19.8,52.0,,,,81.0,,,,311.0,,1.625,,,49.0,,0.0,256.0,,,,,,295.0,,,,76.0,,,,,,,,152.0,,,,,,,,,,,,63.0,,106.0,,,
Paleomeandron,,,,,,,,,,,,,,,,,,,,,,,,,,,,,,,,,,,,,,,,,,,,,,,,,,,,,,,,,,,,,,,,,,,,,,,,,,,,,,,,,,,,,,,,,,,,,,,,,,,,,,,,,,,,,,,,,,,,,,
Paradictyodora,,,,,,,,,,,,,,,,,,,,,,,,,,,,,,,,,,,,,,,,,,,,,,,,,,,,,,,,,,,,,,,,,,,,,,,,,,,,,,,,,,,,0.0,,,,,,,,,,,,,,,,,,,,,,,,,,,,,,,,,,
Parahaentzschelinia,,,,,,,,,,,,,,,,,,,,,,,,,,,,,,,,,,,,,,,,,,,,,,,,,,,,,,,,,,,,,,,,,,,,,,,,,,,,,,,,,,,,,,,,,,,,,,,,,,,,,,,,,,,,,,,,,,,,,,
Parataenidium,,,,,,,,,,,,,,,,,,,,,,,,,,,,,,,,,,,,,,,,,,,,,,,,,,,,,,,,,,,,,,,,,,,,,,,,,,,,,,,,,,,,,,,,,,,,,,,,,,,,,,,,,,,,,,,,,,,,,,
Parmaichnus,,,,,,,,,,,,,,,,,,,,,,,,,,,,,,,,,,,,,,,,,,,,,,,,,,,,,,,,,,,,,,,,,,,,,,,,,,,,,,,,,,,,,,,,,,,,,,,,,,,,,,,,,,,,,,,,,,,,,,
Parowanichnus,,,,,,,,,61.0,,,,,,,,,,,,,,,,,,,,,,,,,,,,,,,,,,,,,,,,,,,,,,15.0,,,,,,,,,,0.0,,,,,110.0,,75.0,,,,,,48.0,,,,,,,,,,,,,,,,,,,,,,,,,,,,,,,,,,,,,,,,
Patagonichnus,,,,,11.666666666666666,12.0,,,,,,,,,,,,,,,,,,,,,,,,30.0,,,,,,,,,,,,,,,,,,,,,,,,,,6.333333333333333,,,39.666666666666664,,27.0,,,,,,18.333333333333332,,,,,,,,,37.333333333333336,,,,6.333333333333333,,,,,,,,,,0.0,,,23.333333333333332,,,,,,,,,,,,,,,,,,,,,,,,,
Pennatulites,,,,,,,,,,,,,,,,,,,,,,,,,,,,,,,,,,,,,,,,,,,,,,,,,,,,,,,,,,,,,,,,,,,,,,,,,,,,,,,,,,,,,,,,,,,,,,,,,,,,,,,,,,,,,,,,,,,,,,
Pentichnus,,,,,,,,,,,,,,,,,,,,,,,,,,,,,,,,,,,,,,,,,,,,,,,,,,,,,,,,,,,,,,,,,,,,,,,,,,,,,,,,,,,,,,,,,,,,,,,,,,,,,,,,,,,,,,,,,,,,,,
Phoebichnus,,,,,,,,,,,,,,,,,,,,,,,,,,,,,,,,,,,,,,,,,,,,,,,,,,,,,,,,,,,,,,,,,,,,,,,,,,,,,,,,,,,,,,,,,,,,,,,,,,,,,,,,,,,,,,,,,,,,,,
Pholeus,,,,,70.5,,,,,168.0,,,,,,,,,,,,,,,,,,,,,,,,,,,,,,,,,,,,,,,,17.0,,,,,,,190.0,,,,,,0.0,,,,,,,,,,,158.0,,,,,,,,,226.0,,,,,,,,,,121.0,,,,,,,,,,,18.0,,,177.0,,,,,,,,,214.0,201.0,
Phycodes,,,,27.75,4.4,,,,,0.0,37.0,,,5.75,,49.0,59.0,99.0,112.0,,,4.333333333333333,,,,4.4,,38.0,221.0,,,,,7.2,7.6,,19.666666666666668,5.428571428571429,182.0,,,14.666666666666666,,,,,,,,,245.0,10.571428571428571,2.0,,,0.8333333333333334,22.0,71.0,115.0,53.0,4.833333333333333,,168.0,168.0,,1.625,5.333333333333333,9.333333333333334,,,58.0,,,5.0,288.0,,31.5,,,1.4,9.0,23.0,19.333333333333332,,,31.5,,,272.0,,,,3.933333333333333,,,,,,,,129.0,,,150.0,,,4.6,,,,,88.0,3.909090909090909,,129.0,46.0,33.0,
Phycosiphon,,,,120.0,1.0833333333333333,,,,,2.0,27.0,,,2.625,,54.0,49.0,109.0,102.0,,,6.5,,,,18.833333333333332,,43.0,231.0,12.0,,,,29.25,1.1428571428571428,,,13.25,192.0,,,9.0,,,,,,,,,255.0,5.25,0.0,,,0.65,,76.0,2.25,63.0,12.466666666666667,,,178.0,,3.4210526315789473,4.166666666666667,,7.25,,68.0,,,25.0,298.0,,36.5,,,0.9333333333333333,1.0833333333333333,13.0,24.666666666666668,,,3.176470588235294,,,12.666666666666666,,,,0.7037037037037037,,,,,,,,33.75,,,,,,13.75,,30.666666666666668,,,78.0,2.25,,119.0,,121.0,
Phymatoderma,,,,,,,,,,,,,,,,,,,,,,,,,,,,,,,,,,,,,,,,,,,,,,,,,,,,,,,,,,,,,,,,,,,,,,,,,,,,,,,,,,,,,,,,,,,,,,,,,0.0,,,,,,,,,,,,,,,,,,,,,
Pilichnus,,,0.0,,,,,,,,,,,,,,,,,,,,,,,,,,,23.0,,,,,,,,,,,,,,,,,,,,,,,,,,5.0,,,37.333333333333336,,19.666666666666668,,,,,,,,,,,,,,,,,,,,,,,,,,,,,,,,16.333333333333332,,,,,,,,,,,,,,,,,,,,10.666666666666666,,,,,
Piscichnus,,,,,,,,,,,,,,,,,,,,,,,,,,,,,,,,,,,,,,,,,,,,,,,,,,,,,,,,,,,,,,,,,,,,,,,,,,,,,,,,,,,,,,,,,,,,,,,,,,,,,,,,,,,,,,,,,,,,,,
Planolites,,,5.0,16.833333333333332,1.0666666666666667,18.333333333333332,,,,0.8333333333333334,49.0,,,1.3333333333333333,,15.333333333333334,71.0,30.5,89.0,,,38.333333333333336,48.0,34.0,,9.1875,,49.5,209.0,3.1666666666666665,,,,0.9,5.3125,,23.0,1.7096774193548387,170.0,,,9.0,,224.0,19.0,,,4.8,,,233.0,0.9565217391304348,0.65,,,0.0,,82.5,0.1694915254237288,76.0,1.8,,,156.0,,2.3777777777777778,4.862068965517241,9.5,6.222222222222222,,46.0,,,12.0,9.75,31.0,43.0,,225.0,0.4444444444444444,10.142857142857142,35.0,21.2,,4.0,6.2105263157894735,,18.0,5.333333333333333,6.333333333333333,,,0.24509803921568626,,,,,,,,37.666666666666664,,,,,99.0,4.125,7.0,8.916666666666666,159.0,,65.0,0.21568627450980393,8.333333333333334,141.0,68.0,41.0,
Platicytes,,,,,,,,,,,,,,,,,,,,,,,,,,,,,,,,,,,,,,,,,,,,,,,,,,,,,,,,,,,,,,,,,,,,,,,,,,,,,,,,,,,,,,,,,,,,,,,,,,,,,,,,,,,,,,,,,,,,,,
Polarichnus,,,,,,,,,,,,,,,,,,,,,,,,,,,,,,,,,,,,,,,,,,,,,,,,,,,,,,,,,,,,,,,,,,,,,,,,,,,,,,,,,,,,,,,,,,,,,,,,,,,,,,,,,,,,,,,,,,,,,,
Polychoredrites,,,,,,,,,,,,,,,,,,,,,,,,,,,,,,,,,,,,,,,,,,,,,,,,,,,,,,,,,,,,,,,,,,,,,,,,,,,,,,,,,,,,,,,,,,,,,,,,,,,,,,,,,,,,,,,,,,,,,,
Polykampton,,,,,,,,,,,,,,,,,,,,,,,,,,,,,,,,,,,,,,,,,,,,,,,,,,,,,,,,,,,,,,,,,,,,,,,,,,,,,,,,,,,,,,,,,,,,,,,,,,,,,,,,,0.0,,,,,,,,,,,,,
Polykladichnus,,37.0,,26.0,,,,,,,,,,,,,,,,,,,,,,,,,,,,,,,,,57.0,,,,,,,,,,,42.0,,,,,,,,,,,,,,,,,,,,,,,,,,,,,,,,14.0,,,,,,83.0,,,,,,,51.0,,,,,,,,,,,,,,,,,,,,67.0,,,,,0.0
Pramollichnus,,,,,,,,,,,,,,,,,,,,,,,,,,,,,,,,,,,,,,,,,,,,,,,,,,,,,,,,,,,,,,,,,,,,,,,,,,,,,,,,,,,,,,,,,,,,,,,,,,,,,,,,,,,,,,,,,,,,,,
Protopaleodictyon,,,,,,,,,,,,,,,,,7.0,,,,,,,,,,,37.0,,,,0.0,,,12.25,,,,,,,,,,,,,,,,,,,,,,,,,,,,,,,,,,,,,,,,,,,,,30.5,,,,,,,,,,,,,,,,,,,,,,,,,,,,,,,,,,,,,,
Protovirgularia,,,,145.0,8.5,,,,,5.0,,,,33.0,,133.0,,,77.0,,,,,,,43.0,,111.0,,,,,,,168.0,,,66.0,,,,,,,,,,,,,,192.0,25.0,,,12.0,32.0,177.0,,88.0,204.0,,158.0,,,62.0,94.0,,,,,,,0.0,,,98.0,,,49.0,,,34.0,,,228.0,,,,,,,18.5,,,116.0,,,,,,,,140.0,,,4.75,,,,,53.0,105.0,,,56.0,43.0,
Psammichnites,,,,,,,,,,,,,,,,,,,,,,,,,,,,,,,,,,,,,,,,,,,,,,,,,,,,,,,,,,,,,,,,,,,,,,,,,,,,,,,,,,,,,,,,,,,,,,,,,,,,,,,,,,,,,,,,,,,,,,
Psilonichnus,,,,,33.75,,,,,,,,,,,,,,,,,,,,,,,,,,,,,16.333333333333332,,,,5.833333333333333,,,,,,,,,,,,,,,,,,,,,,,,,,,,,,,31.0,,,,,,,,,,,21.0,,,,,,,,,,,,,,0.0,,,,,,,,,,,,,,,,,,,,,,,,
Ptychoplasma,,,,,,,,,,,,,,,,,,,,,,,,,,,,,,,,,,,,,,,,,,,,,,,,,,,,,,,,,,,,,,,,,,,,,,,,,,,,,,,,,,,,,,,,,,,,,,,,,,,,,,,,,,,,,,,,,,,,,,
Rebuffoichnus,,,,,,,,0.0,,,,24.0,,,,,,,,,,,,,,,,,,,,,,,,,,,,,,,,,,,,,,,,,,,,,,,,,,,,,,,,,,,,,,,,,,,,,,,,,,,,,,,,,,,,,,,,,,,,,,,,,,,,,,,,,,
Rhizocorallium,,,,162.0,0.0,23.666666666666668,,,,4.4,,,,15.0,,150.0,,,60.0,,,71.0,,,,9.8,,128.0,,18.333333333333332,,,,30.5,7.166666666666667,,27.0,3.0,,,91.0,22.0,,,,,,2.7142857142857144,,28.0,,16.0,1.0833333333333333,28.0,,1.0666666666666667,49.0,194.0,2.3333333333333335,105.0,9.0,,70.5,,,3.466666666666667,13.0,16.666666666666668,1.375,,,,,8.5,,25.666666666666668,115.0,,,1.4545454545454546,8.4,,28.333333333333332,,,8.7,,28.0,,11.666666666666666,,,1.3225806451612903,33.75,,,,,,,88.0,,,123.0,,,21.8,,,,,36.0,1.9285714285714286,,,73.0,30.0,
Rosselia,,,,178.0,15.0,,,,,5.75,,,,0.0,,166.0,,,44.0,,,61.0,,,,29.5,,144.0,,,,,,2.8,33.0,,,7.363636363636363,,,,,,,,,,18.0,,,,1.1111111111111112,2.625,,,1.3333333333333333,,210.0,16.714285714285715,121.0,7.666666666666667,,,,,5.0,5.0,,50.0,,,,,33.0,,,131.0,,,7.0,9.5,,8.666666666666666,,,2.3333333333333335,,15.0,,,,,6.333333333333333,,,,,,,,78.0,,,,,,8.5,,,,,20.0,4.1,,,,73.0,
Rusophycus,,,,,,,,,,,,,,,,,,,,,,,,,,,,,,,,,,,,,,,,,,,,,,,,,,,,,,,,,,,,,,,,,,,,,,,,,,,,,,,,,,,,,,,,,,,,,,,,,,,,,,,,,,,,,,,,,,,,,,
Rutichnus,,,,,,,,,,37.0,0.0,,,,,149.0,22.0,136.0,,,,232.0,,,,11.0,,108.0,258.0,,,,,,181.0,,,,219.0,,,,,,,,,,,,282.0,,27.0,,,49.0,,190.0,78.0,,244.0,,,205.0,,76.0,38.0,,,,95.0,,,,325.0,,86.0,,,63.0,,14.0,270.0,,,,,,309.0,,,,62.0,,,,,,,,166.0,,,,,,,,,,,,49.0,,92.0,,,
Sagittichnus,,,,,28.0,,,,,,,,,,,,,,,,,,,,,,,,,,,,,,71.0,,,,,,119.0,,,,,,,87.0,,,,,,0.0,,,,,,,,,,,,41.0,,,,,,,,,,,,,,,14.0,,,,,,,56.0,,,,,,,,,,,,,,,,,,,,,,,,,35.0,,,,,
Saronichnus,,,,,,,,,,,,,,,,,,,,,,,,,,,,,,,,,,,,,,,,,,,,,,,,,,,,,,,,,,,,,,,,,,,,,,,,,,,,,,,,,,,,,,,,,,,,,,,,,,,,,,,,,,,,,,,,,,,,,,
Scalarituba,,,,,,,,,,,,,,,,,,,,,,,,,,,,,,,,,,,,,,,,,,,,,,,,,,,,,,,,,,,,,,,,,,,,,,,,,,,,,,,,,,,,,,,,,,,,,,,,,,,,,,,,,,,,,,,,,,,,,,
Scalichnus,,,,,,,,,,,,,,,,,,,,,,,,,,,,,,,,,,,,,,,,,,,,,,,,,,,,,,,,,,,,,,,,,,,,,,,,,,,,,,,,,,,,,,,,,,,,,,,,,,,,,,,,,,,,,,,,,,,,,,
Scaphichnium,,,,,,,,,,,,,,,,,,,,,,,,,,,,,,,,,,,,,,,,,,,,,,,,,,,,,,,,,,,,,,,,,,,,,,,,,,,,,,,,,,,,,,,,,,,,,,,,,,,,,,,,,,,,,,,,,,,,,,
Schaubcylindrichnus,,,,,8.4,,,,,9.0,,,,9.5,,,,,,,,99.0,,,,24.0,,,,,,,,14.5,8.5,,,19.166666666666668,,,133.0,,,,,,,101.0,,,,26.333333333333332,1.0833333333333333,14.0,,10.142857142857142,,,50.0,,11.0,,,,,7.857142857142857,,,43.333333333333336,,,,,,,,,,,23.5,0.0,,12.0,,,1.5,,70.0,,,,,4.636363636363637,,,,,,,,116.0,,,,,,,,,,,,1.9090909090909092,,,,35.0,
Scolicia,,,,22.25,9.8,,,,,4.4,11.0,,,29.5,13.0,88.0,11.0,147.0,34.0,,,3.25,,,,0.0,,77.0,269.0,,,,,23.5,8.444444444444445,,,12.25,230.0,,,,,,,,,,,,293.0,235.0,18.833333333333332,,,9.1875,,110.0,38.2,131.0,5.6875,,,216.0,,4.454545454545454,13.6,,,,106.0,,,43.0,336.0,,25.428571428571427,,,3.888888888888889,24.0,25.0,11.0,,,20.0,,,25.0,,,,9.6,,,,,,,,5.5,,,,,,11.25,126.0,,,181.0,10.0,2.625,,81.0,177.0,14.0,
Scoyenia,,,,,,,,,,,,,,,,,,,,,,,,,,126.0,,,,,,,,12.0,,,,14.428571428571429,,,,,,,,,,,,,,,,,,7.0,,,,,,,,,,,5.0,,,,,,,,,,,,,161.0,,,,,,,,,,,,174.0,,,,,,,,,,,,,,,,0.0,27.0,,,,,,,51.0,,
Sinusichnus,,,,198.0,36.0,,,,,88.0,,,,20.0,,186.0,,,24.0,,,,,,,10.0,,164.0,,,,,,,221.0,,,13.0,,,,,,,,,,,,,,245.0,78.0,,,65.0,,230.0,,141.0,257.0,,,,,115.0,41.0,,,,,,,53.0,,,151.0,,,102.0,,,269.0,,,281.0,,,,,,,69.0,,,,,,,,,,,,,,173.0,,,,,0.0,52.0,,,,,
Siphonichnus,,0.0,,63.0,,,,,,,,,,,,,,,,,,,,,,,,,,,,,,,,,94.0,26.0,,,,,,,,,,79.0,,,,15.0,,,,,,,,,,,,,,,,,,,,,,,,,,,,51.0,,,,,,120.0,,,,,,,14.0,,,,,,,,,,,,,,,,,,,,30.0,,,,18.0,37.0
Skolichnus,,,,,,,,,,,,,0.0,,,,,,,,,,,,,,,,,,,,,,,,,,,,,,,,,,,,,,,,,,,,,,,,13.5,,,,,,,,,,,,,,,,,,,,,,,,,,,,,,,,,,,,,,,,,,,,,,,,,,,,,,,,,
Skolithos,,26.0,,211.0,3.0,,,,,5.428571428571429,,,,7.363636363636363,,49.5,,,5.5,,,5.5,,,,12.25,,177.0,,,,,,0.5789473684210527,13.8,,32.333333333333336,0.0,,,,27.333333333333332,,171.0,7.0,,,11.0,,,,0.6818181818181818,13.25,,,1.7096774193548387,,243.0,3.8,154.0,9.68,,,,,1.4210526315789473,7.333333333333333,22.0,2.7,,,,,66.0,,,34.0,,278.0,2.9615384615384617,19.166666666666668,,44.666666666666664,,,11.23076923076923,,26.0,,,,188.0,3.085714285714286,5.833333333333333,,,,,,111.5,,,,,,46.0,17.0,14.428571428571429,0.12658227848101267,212.0,,13.0,0.44,4.666666666666667,,94.5,11.0,
Socialites,,,,,,,,,,,,,,,,,,,,,0.0,,,,,,,,,,,,,,,,,,,,,,,,,,,,,,,,,,,,,,,,,,,,,,,,,,,,,,,,,,,,,,,,,,,,,,,,,,,,,,,,,,,,,,,,,,,,,,,,,
Spirodesmos,,,,,,,,,,,,,,,,145.0,,,,,,,4.333333333333333,,,,,,,,,,,,184.0,,,46.0,,4.333333333333333,,,,125.0,,,,,,,,,,,,99.0,,,,,288.0,,,,,,42.0,,,,,,,,,,,,324.0,123.0,,,,,,,,10.0,,,,,62.0,,,,,,,,,,,,,0.0,,,,258.0,,,,,,235.0,,
Spirographites,,,,,,,,,,,,,,,,,,,,,,,,,,,,,,,,,,,,,,,,,,,,,,,,,,,,,,,,,,,,,,,,,,,,,,,,,0.0,,,,,,,,,,,,,,,,,,,,,,,,,,,,,,,,,,,,,,,,,,,,,
Spirophycus,,,,,,,,,,,,,,,,,,,,,,,8.666666666666666,,,,,,,,,,,,,,,,,0.0,,,,,,,,,,,,,,,,,,,,,,,,,,,,,,,,,,,,,,,,,,,,,,,,5.666666666666667,,,,,,,,,,,,,,,,,,4.333333333333333,,,,,,,,,,,,
Spirophyton,,,,,,,,,,,,,,,,,,,,,,,,,,,0.0,,,,,,,,,,,,,,,,,,,,,,,,,,,,,,,,17.0,,,,,,,,,,,,,,,,,,,,,,,,,,,,,,,,,,,,,,,,,,,,,,,,,,,,,,,,,,,
Spirorhaphe,,,,,,,,,,,,,,,,,,13.0,,,,19.666666666666668,0.0,,,,,,,,,,,,,,,,,8.666666666666666,,,,,,,,,,,,,,,,48.0,,,88.0,,77.0,,,,,,,,,,,,,,,,,,,,,10.0,,,,,,14.333333333333334,,,,,,,,,,,,,,,,,,4.333333333333333,,,,,,,,,,,,
Spongeliomorpha,,,,222.0,60.0,1.8571428571428572,,,,112.0,,,,44.0,,210.0,,,0.0,,,,,,,34.0,,188.0,,9.666666666666666,,,,38.0,245.0,,,5.5,,,,,,,,,,,,,,269.0,102.0,,,89.0,,254.0,7.6,165.0,10.25,21.666666666666668,,,,4.0,17.0,,,,,,,77.0,,,175.0,,,126.0,,,293.0,,,305.0,,,,,,,3.2,,,,,,,,,,,,,,197.0,,,,,24.0,28.0,,,,,
Steinichnus,0.0,,,,,,,,,,,,,,,,,,,,,,,,,,,,,,,,,,,,,,,,,,,,,,,,,,,,,,,,,,,,,,,,,,,,,,,,,,,,,,,,,,,,,,,,,,,,,,,,,,,,,,,,,,,,,,,,,,,32.0,,
Stelloglyphus,,,,,,,,,,,,,,,,,,,,,,,,,,,,,,,,,,,,,,,,,,,,,,,,,,,,,,,,,,,,,,,,,,,,,,,,,,,,,,,,,,,,,,,,,,,,,,,,,,,,,,,,,,,,,,,,,,,,,,
Streptichnus,,,,,,,,,,,,,,,,,,,,,,,,,,,,,,,,,,,,,,,,,,,,,,,,,,,,,,,,,,,,,,,,,,,,,,,,,,,,,,,,,,,,,,,,,,,,,,,,,,,,,,,,,,,,,,,,,,,,,,
Strobilorhaphe,,,,,,,,,,59.0,22.0,,,,,171.0,0.0,158.0,,,,254.0,,,,11.0,,24.0,280.0,,,7.0,,,4.2,,,,241.0,,,,,,,,,,,,304.0,,49.0,,,71.0,,212.0,56.0,,266.0,,,227.0,,98.0,16.0,,,,117.0,,,,347.0,,108.0,,,18.8,,36.0,292.0,,,,,,331.0,,,,40.0,,,,,,,,188.0,,,,,,,,,,,,27.0,,70.0,,,
Syringomorpha,,,,,,,,,,,,,,,,,,,,,,,,,,,,,,,,,,,,,,,,,,,,,,,,,,,,,,,,,,,,,,,,,,,,,,,,,,,,,,,,,,,,,,,,,,,,,,,,,,,,,,,,,,,,,,,,,,,,,,
Taenidium,,,,19.75,13.0,30.333333333333332,,,,5.333333333333333,38.0,,,5.0,,62.333333333333336,16.0,174.0,17.0,,,28.666666666666668,,37.0,,13.6,,102.5,296.0,8.285714285714286,,,,14.857142857142858,28.25,,,7.333333333333333,257.0,,,,,83.0,,,,,,,320.0,13.4,4.166666666666667,,,4.862068965517241,,135.5,7.666666666666667,182.0,15.0,,,243.0,,5.4,0.0,41.0,40.0,,133.0,,,94.0,363.0,19.0,96.0,,183.0,8.25,,52.0,155.0,,,13.166666666666666,,15.0,347.0,18.333333333333332,,,0.8333333333333334,,,,,,,,204.0,,,,,42.0,11.0,5.0,,300.0,,41.0,1.0,,54.0,138.5,,
Tasselia,,,,,,,,,,,,,,,,,,,,,,,,,,,,,,,,,,,,0.0,,,,,,,,,,,,,,,,,,,,,,,,,,,,,,,,,,,,,,,,,,,,,,,,,,,,,,,,,,,,,,,,,,,,,,,,,,,,,,,,,,
Teichichnus,,30.0,10.666666666666666,11.333333333333334,1.9285714285714286,,,,,3.909090909090909,49.0,,,4.1,,119.0,27.0,185.0,28.0,,,281.0,,,,2.625,,108.0,307.0,12.333333333333334,,,,13.153846153846153,5.875,,27.0,0.44,268.0,,154.0,31.0,,,,,,18.333333333333332,,,331.0,1.3636363636363635,2.25,35.0,,0.21568627450980393,,141.0,1.1666666666666667,193.0,0.9696969696969697,,,254.0,,1.0625,1.0,25.666666666666668,2.142857142857143,,144.0,,,105.0,374.0,,101.5,,,2.918918918918919,1.9090909090909092,63.0,36.25,,,8.722222222222221,,91.0,358.0,,,,1.528301886792453,,,,,,,,215.0,,,,,,13.2,,35.5,,,52.0,0.0,48.5,43.0,,60.5,67.0
Teisseirei,,,,,,,,,14.0,,,,,,,,,,,,,,,,,,,,,,,,,,,,,,,,,,,,,,,,,,,,,,90.0,,,,,,,,,,75.0,,,,,185.0,,0.0,,,,,,27.0,,,,,,,,,,,,,,,,,,,,,,,,,,,,,,,,,,,,,,,,
Termitichnus,,,,,,,,,,,,,,,,,,,,,,,,,,,,,,,0.0,,,,,,,,,,,,,,,,,,,,,,,,,,,,,,,,,,,,,,,,,,,,,,,,,,,,,,,,,,,,,,,,,,,,,,,,,,,,,,,,,,,,,,,
Thalassinoides,,14.0,16.333333333333332,5.777777777777778,1.3225806451612903,35.333333333333336,,,,3.933333333333333,62.0,,,6.333333333333333,,69.0,40.0,198.0,3.2,,,26.2,,,,9.6,,116.5,320.0,0.7666666666666667,,,,11.588235294117647,10.695652173913043,,24.8,3.085714285714286,281.0,,,18.166666666666668,,63.0,,,,13.6,,,344.0,5.277777777777778,0.7037037037037037,,,0.24509803921568626,69.0,149.5,1.728813559322034,210.0,3.932584269662921,16.333333333333332,121.0,267.0,,0.2835820895522388,0.8333333333333334,31.0,18.666666666666668,,157.0,,,18.5,5.25,14.0,110.0,,386.0,3.7,4.636363636363637,76.0,28.5,,,9.631578947368421,,9.5,7.666666666666667,23.333333333333332,,,0.0,,89.0,,,,,,24.666666666666668,,,103.0,,62.0,13.666666666666666,,3.230769230769231,320.0,,69.0,1.528301886792453,16.0,30.0,148.5,73.5,51.0
Tisoa,,,,,,,,,,,,,,,,,,,,,,,,,,,,,,,,,,,,,,,,,,,,,,,,,,,,,,,,,,,,,,,,,,,,,,,,,,,,,,,,,,,,,,,,,,,,,,,,,,,,,,,,,,,,,,,,,,,,,,
Torrowangea,,,,,,,,,,,,,,,,270.0,,,,,,,,,,,,,,,,,,,309.0,,,171.0,,,,,,0.0,,,,,,,,,,,,224.0,,,,,413.0,,,,,,83.0,,,,,,,,,,,,449.0,248.0,,,,,,,,,,,,,63.0,,,,,,,,,,,,,125.0,,,,383.0,,,,,,360.0,,
Treptichnus,,,,,,,,,,,,,,,,,,,,,,,,,,,,,,,,,,,,,,,,,,,,,,,,,,,,,,,,,,,,,,,,,,,,,,,,,,,,,,,,,,,,,,,,,,,,,,,,,,,,,,,,,,,,,,,,,,,,,,
Trichichnus,,,23.0,,18.333333333333332,42.0,,,,,,,,,,,,,9.666666666666666,,,,,,,,,,,0.0,,,,,,,,,,,,13.333333333333334,,,,,,,,,,,12.0,,,3.1666666666666665,,,0.88,,8.517241379310345,12.0,,,,44.0,8.285714285714286,,,,,,,,,7.333333333333333,,,,8.75,,,,,,,,43.0,,30.0,,,0.7666666666666667,,,,,,,,,,,,,,,,35.0,,,,12.333333333333334,,,,,
Trichophycus,,,,,,,,,,,,,,,,,,,,,,,,,,,,,,,,,,,,,,,,,,,,,,,,,,,,,,,,,,,,,,,,,,,,,,,,,,,,,,,,,,,,,,,,,,,,,,,,,,,,,,,,,,,,,,,,,,,,,,
Tuberculichnus,,,,,,,,,,,,,,,,,,,,,,,,,,,,,,,,,,,,,,,,,,,,,,,,,,,,,,,,,,,,,,,,,,,,,,,,,,,,,,,,,,,,,,,,,,,,,,,,,,,,,,,,,,,,,,,,,,,,,,
Unisulcus,,,,,,,,,,,,,,,,,,,,,,,,,,,,,,,,,,,,,,,,,,,,,,,,,,,,,,,,,,,,,,,,,,,,,,,,,,,,,,,,,,,,,,,,,,,,,,,,,,,,,,,,,,,,,,,,,,,,,,
Urohelminthoida,,,,,,,,,,129.0,92.0,,,,,241.0,70.0,228.0,,,,324.0,,,,81.0,,200.0,350.0,,,,,,273.0,,,,311.0,,,,,,,,,,,,374.0,,119.0,,,141.0,,282.0,14.0,,336.0,,,297.0,,168.0,54.0,,,,187.0,,,,417.0,,178.0,,,155.0,,106.0,362.0,,,,,,401.0,,,,30.0,,,,,,,,258.0,,,,,,,,,,,,43.0,,0.0,,,
Vagorichnus,,,,,,,,,,,,,,,,,,,,,,,,,,,,,,,,,,,,,,,,,,,,,,,0.0,,,,,,,,,,,,,,,,,,,,,,,,,,,,,,,,,,,,,,,,,,,,,,,,,,,,,,,,,,,,,,,,,,,,,,,
Virgaichnus,,,,,,,,,,,,,,,,,,,,,,,,,,,,,,,,,,,,,,,,,,,,,,,,,,,,,,,,,,,,,,,,,,,,,,,,,,,,,,,,,,,,,,,,,,,,,,,,,,,,,,,,,,,,,,,,,,,,,,
Volkichnium,,,,,,,,,,,,,,,,,,,,,,,,,,,,,,,,,,,,,,,,,,,,,,,,,,,,,,,,,,,,,,,,,,,,,,,,,,,,,,,,,,,,,,,,,,,,,,,,,,,,,,,,,,,,,,,,,,,,,,
Walpia,,,,,,,,,,,,,,,,,,,,,,,,,,,,,,,,,,,,,,,,,,,,,,,,,,,,,,,,,,,,,,,,,,,,,,,,,,,,,,,,,,,,,,,,,,,,,,,,,,,,,,,,,,,,,,,,,,,,,,
Yangziichnus,,,,,,,,,,,,,,,,,,,,,,,,,,,,,,,,,,,,,,,,,,,,,,,,,,,,,,,,,,,,,,,,,,,,,,,,,,,,,,,,,,,,,,,,,,,,,,,,,,,,,,,,,,,,,,,,,,,,,,
Zavitokichnus,,,,,25.666666666666668,49.333333333333336,,,,,,,,,,,,,,,,,,,,,,,,7.333333333333333,,,,,,,,,,,,,,,,,,,,,,,,,,31.0,,,77.0,,64.33333333333333,,,,,,19.0,,,,,,,,,0.0,,,,43.666666666666664,,,,,,,,,,37.333333333333336,,,14.0,,,,,,,,,,,,,,,,,,,,,,,,,
Zoophycos,,,37.333333333333336,,2.3333333333333335,3.3,,,,115.0,78.0,,,16.714285714285715,,227.0,56.0,3.6666666666666665,7.6,,,44.5,88.0,,,38.2,17.0,186.0,336.0,0.88,,,,108.5,17.5,,,3.8,297.0,,,4.666666666666667,,,,,,52.0,29.0,,360.0,69.5,2.25,,,0.1694915254237288,,268.0,0.0,,0.1134020618556701,3.6666666666666665,,283.0,,6.157894736842105,7.666666666666667,,11.0,,173.0,,,,11.625,77.0,6.6875,,,8.6,50.0,16.666666666666668,63.666666666666664,,11.666666666666666,33.833333333333336,,180.0,387.0,39.666666666666664,,,1.728813559322034,,,,,,,,21.5,,,,,,73.0,,6.615384615384615,,,,1.1666666666666667,,14.0,,83.5,
