,Steinichnus,Siphonichnus,Pilichnus,Gyrochorte,Rhizocorallium,Camborygma,Rebuffoichnus,Phycodes,Rutichnus,Fictovichnus,Rosselia,Bichordites,Laevicyclus,Lophoctenium,Spongeliomorpha,Jamesonichnites,Cosmorhaphe,Rusophycus,Spirorhaphe,Loloichnus,Scolicia,Parahaentzschelinia,Spirophyton,Megagrapton,Ptychoplasma,Trichichnus,Termitichnus,Coprinisphaera,Arenicolites,Helminthopsis,Tasselia,Dactyloidites,Skolithos,Spirophycus,Treptichnus,Helicodromites,Macanopsis,Megaplanolites,Naktodemasis,Haentzschelinia,Vagorichnus,Diplocraterion,Balanoglossites,Cylindrichnus,Phycosiphon,Dactylophycus,Planolites,Curvolithus,Zoophycos,Neonereites,Chondrites,Pholeus,Gyrophyllites,Ophiomorpha,Taenidium,Monocraterion,Gyrolithes,Scalarituba,Protovirgularia,Alcyonidiopsis,Nereites,Beaconites,Palaeophycus,Schaubcylindrichnus,Paleodictyon,Bergaueria,Bornichnus,Phoebichnus,Asterosoma,Mixoteichichnus,Macaronichnus,Arthrophycus,Lapispira,Entradichnus,Thalassinoides,Psilonichnus,Bolonia,Hillichnus,Imponoglyphus,Phymatoderma,Diplichnites,Cylindricum,Helminthorhaphe,Daedalus,Fuersichnus,Arachnostega,Tisoa,Didymaulichnus,Lockeia,Scoyenia,Cruziana,Walpia,Teichichnus,Scalichnus,Ancorichnus,Compaginatichnus,Calceoformites,Margaritichnus,Cochlichnus,Conichnus,Polykladichnus
Aglaspidichnus,,,,,,,,,,,,,,,,,,,,,,,,,,,,,,,,,,,,,,,,,,,,,,,,,,,,,,,,,,,,,,,,,,,,,,,,,,,,,,,,,,,,,,,,,,,,,,,,,,,,,
Alcyonidiopsis,,,,,,,,,,,,,,,,,,,,,,,,,,64.5,,,,,,,,,,,,,,,,,,,,,25.0,,11.0,,10.0,,,,,,,,,0.0,18.0,,20.0,,,,,,,,,,,,52.5,,,,,,,,,,,,,,,,,,14.333333333333334,,,16.0,,,,,
Alectorurus,,,,,,,,,,,,,,,,,,,,,,,,,,,,,,,,,,,,,,,,,,,,,,,,,,,,,,,,,,,,,,,,,,,,,,,,,,,,,,,,,,,,,,,,,,,,,,,,,,,,,
Altichnus,,,,,,,,,,,,,,,,,,,,,,,,,,,,,,,,,,,,,,,,,,,,,,,,,,,,,,,,,,,,,,,,,,,,,,,,,,,,,,,,,,,,,,,,,,,,,,,,,,,,,
Amanitichnus,,,,,,,,,,,,,,,,,,,,,,,,,,,,,,,,,,,,,,,,,,,,,,,,,,,,,,,,,,,,,,,,,,,,,,,,,,,,,,,,,,,,,,,,,,,,,,,,,,,,,
Ancorichnus,,,,14.666666666666666,,,,,,,4.0,,,,,,,,,,,,,,,,,,,,,,,,,,,,30.0,,,,,,,,,,,,,,,,,,,,,,,16.0,,,,,,,,,,,,,,,,,,,,,,,,,,,,,,,33.333333333333336,,0.0,,,,,8.333333333333334,
Arachnostega,,,,,123.0,,,150.0,,,,,,,,,,,,,,,,,,,,,,,,,,,,,,,,,,,,,,,,172.0,,,,18.0,,,,,,,140.0,,,,,,,208.0,,,,,,,,,103.0,,,,,,,,,,,0.0,,,159.0,,,,,,,,,,196.0,183.0,
Archaeonassa,,,,,,,,,,,,,,,,,,,,,,,,,,,,,,,,,,,,,,,,,,,,,,,,,,,,,,,,,,,,,,,,,,,,,,,,,,,,,,,,,,,,,,,,,,,,,,,,,,,,,
Arenicolites,,277.0,291.0,8.944444444444445,6.777777777777778,,,4.5,,,78.66666666666667,,178.0,,,,,,,,11.75,140.0,,,,,,,0.0,5.666666666666667,,5.857142857142857,1.3636363636363635,,,9.333333333333334,,,,72.0,,6.333333333333333,,4.333333333333333,,75.0,7.392857142857143,,,,6.777777777777778,,,6.214285714285714,12.5,10.285714285714286,152.0,43.0,50.75,,231.0,22.5,9.5,246.0,,38.0,,268.0,2.8,,112.0,,,,6.090909090909091,,,,,,,,95.0,90.0,,,,20.5,18.1,,117.5,,7.1875,,,,,200.0,62.0,,93.5
Arenituba,,,,,,,,,,,,,,,,,,,,,,,,,,,,,,,,,,,,,,,,,,,,,,,,,,,,,,,,,,,,,,,,,,,,,,,,,,,,,,,,,,,,,,,,,,,,,,,,,,,,,
Arthrophycus,,,,,,,,,,,,,,,,,,,,,,,,,,,,,,,,,,,,,,,,,,,,,,,,,,,,,,,69.5,,,,,,,,54.0,,,,,,,,,0.0,,,,,,,,,,,,,,,,37.5,,,,,,,,,,,,,
Artichnus,,,,,,,,,,,,,,,,,,,,,,,,,,,,,,,,,,,,,,,,,,,,,,,,,,,,,,,,,,,,,,,,,,,,,,,,,,,,,,,,,,,,,,,,,,,,,,,,,,,,,
Astacimorphichnus,,,,,,,,,,,,,,,,,,,,,,,,,,,,,,,,,,,,,,,,,,,,,,,,,,,,,,,,,,,,,,,,,,,,,,,,,,,,,,,,,,,,,,,,,,,,,,,,,,,,,
Asterosoma,,87.66666666666667,277.0,1.3333333333333333,6.666666666666667,,,7.75,,,55.5,,164.0,,,,,,,,126.5,126.0,,,,,,,2.8,81.0,,6.0,7.333333333333333,,,,,,,,,6.142857142857143,,8.333333333333334,,61.0,2.8461538461538463,,,,19.666666666666668,,,1.8461538461538463,92.33333333333333,202.0,138.0,,94.5,,217.0,12.0,3.4285714285714284,232.0,,24.0,,254.0,0.0,,49.0,,,,7.071428571428571,,,,,,,,81.0,76.0,,,,13.5,177.0,,71.0,,1.4545454545454546,,,,,186.0,48.0,,86.5
Asthenopodichnium,,,,,,,,,,,,,,,,,,,,,,,,,,,,,,,,,,,,,,,,,,,,,,,,,,,,,,,,,,,,,,,,,,,,,,,,,,,,,,,,,,,,,,,,,,,,,,,,,,,,,
Astropolichnus,,,,,,,,,,,,,,,,,,,,,,,,,,,,,,,,,,,,,,,,,,,,,,,,,,,,,,,,,,,,,,,,,,,,,,,,,,,,,,,,,,,,,,,,,,,,,,,,,,,,,
Atollites,,,,,,,,,,,,,,,,,,,,,,,,,,,,,,,,,,,,,,,,,,,,,,,,,,,,,,,,,,,,,,,,,,,,,,,,,,,,,,,,,,,,,,,,,,,,,,,,,,,,,
Attaichnus,,,,,,,,,,,,,,,,,,,,,,,,,,,,,,,,,,,,,,,,,,,,,,,,,,,,,,,,,,,,,,,,,,,,,,,,,,,,,,,,,,,,,,,,,,,,,,,,,,,,,
Augerinoichnus,,,,,,,,,,,,,,,,,,,,,,,,,,,,,,,,,,,,,,,,,,,,,,,,,,,,,,,,,,,,,,,,,,,,,,,,,,,,,,,,,,,,,,,,,,,,,,,,,,,,,
Avetoichnus,,,,,,,,,,,,,,,,,,,,,,,,,,,,,,,,,,,,,,,,,,,,,,,,,,,,,,,,,,,,,,,,,,,,,,,,,,,,,,,,,,,,,,,,,,,,,,,,,,,,,
Balanoglossites,,,,,28.0,,,,,,,,,,,,,,,,,,,,,,,,,,,,,,,,,,,,,,0.0,,,,,,,,,17.0,,,,,,,,,,,,,,,,,,30.0,,,,,,,,,,,,,,,,,,,,,,,,,,,,,,,
Bathichnus,,,,,,,,,,,,,,,,,,,,,,,,,,,,,,,,,,,,,,,,,,,,,,,,,,,,,,,,,,,,,,,,,,,,,,,,,,,,,,,,,,,,,,,,,,,,,,,,,,,,,
Beaconites,,,265.0,114.0,323.0,,,255.0,,,,,152.0,,,,,,,,339.0,,,,,,,,22.5,,,,349.0,,,,,,14.0,,,90.0,,,,49.0,276.0,,,,24.0,,,215.0,22.0,190.0,126.0,,306.0,,205.0,0.0,228.0,,,12.0,,242.0,12.0,,,,,26.0,384.0,,,,,,,,,64.0,,,,74.0,165.0,,,,371.0,,16.0,,,174.0,36.0,,
Belorhaphe,,,,,,,,,,,,,,,,,,,,,,,,,,,,,,,,,,,,,,,,,,,,,,,,,,,,,,,,,,,,,,,,,,,,,,,,,,,,,,,,,,,,,,,,,,,,,,,,,,,,,
Bergaueria,,,253.0,23.5,28.333333333333332,,,29.0,,,,,140.0,,,,,,,,327.0,,,38.0,,,,,38.0,,,,337.0,,,,,,,,,78.0,,,,37.0,264.0,36.0,,51.0,6.0,226.0,,8.666666666666666,174.0,178.0,114.0,,34.0,,96.5,12.0,108.0,,,0.0,,230.0,24.0,,,,,,35.0,,,,,,7.5,,,52.0,,208.0,,62.0,16.333333333333332,,,,359.0,,,,,162.0,6.0,25.0,
Bichordites,,,,12.0,,,,,,,,0.0,,,,,,,,,22.0,,,,,,,,,,,,,,,,,,,,,,,,,,,,,,,,,,,,,,47.0,,,,,,,,,,,,,,,,,,80.0,,,,,,,,,,,,,,,,,,,,,,,,
Biformites,,,,,,,,,,,,,,,,,,,,,,,,,,,,,,,,,,,,,,,,,,,,,,,,,,,,,,,,,,,,,,,,,,,,,,,,,,,,,,,,,,,,,,,,,,,,,,,,,,,,,
Bifungites,,,,,,,,,,,,,,,,,,,,,,,,,,,,,,,,,,,,,,,,,,,,,,,,,,,,,,,,,,,,,,,,,,,,,,,,,,,,,,,,,,,,,,,,,,,,,,,,,,,,,
Bolonia,,,,68.0,,,,,,,,80.0,,,,,,,,,58.0,,,,,,,,,,,,,,,,,,,,,,,,,,,,,,,,,,,,,,127.0,,,,,,,,,,,,,,,,,,0.0,,,,,,,,,,,,,,,,,,,,,,,,
Bornichnus,,,,,,,,,,,,,,,,,,,,,,,,,,,,,,,,,,,,,,,,,,,,,,,,,,,,,,,,,,,,,,,,,,,0.0,,,,,,,,,,,,,,,,,,,,,,,,,,,,,,,,,,
Brooksella,,,,,,,,,,,,,,,,,,,,,,,,,,,,,,,,,,,,,,,,,,,,,,,,,,,,,,,,,,,,,,,,,,,,,,,,,,,,,,,,,,,,,,,,,,,,,,,,,,,,,
Calceoformites,,,,,,,,,,,,,,,,,,,,,,,,,,,,,,,,,,,,,,,,,,,,,,,,,,,,,,,,,,,,,,,,,,,,,,,,,,,,,,,,,,,,,,,,,,,,,,,,,0.0,,,,
Camborygma,,,,,,0.0,,,,,,,,,,,,,,,,,,,,,,,,,,,,,,,,,,,,,,,,,,,,,,,,,,,,,,,,,,,,,,,,,,,,,,,,,,,,,,,,,,,,,,,,,,,,,,,
Capodistria,,,,,,,,,,,,,,,,,,,,,,,,,,,,,,,,,,,,,,,,,,,,,,,,,,,,,,,,,,,,,,,,,,,,,,,,,,,,,,,,,,,,,,,,,,,,,,,,,,,,,
Cardioichnus,,,,,,,,,,,,,,,,,,,,,,,,,,,,,,,,,,,,,,,,,,,,,,,,,,,,,,,,,,,,,,,,,,,,,,,,,,,,,,,,,,,,,,,,,,,,,,,,,,,,,
Castrichnus,,,,,,,,,,,,,,,,,,,,,,,,,,,,,,,,,,,,,,,,,,,,,,,,,,,,,,,,,,,,,,,,,,,,,,,,,,,,,,,,,,,,,,,,,,,,,,,,,,,,,
Catenichnus,,,,,,,,,,,,,,,,,,,,,,,,,,,,,,,,,,,,,,,,,,,,,,,,,,,,,,,,,,,,,,,,,,,,,,,,,,,,,,,,,,,,,,,,,,,,,,,,,,,,,
Chagrinichnites,,,,,,,,,,,,,,,,,,,,,,,,,,,,,,,,,,,,,,,,,,,,,,,,,,,,,,,,,,,,,,,,,,,,,,,,,,,,,,,,,,,,,,,,,,,,,,,,,,,,,
Chondrites,,102.0,241.0,3.0,6.352941176470588,,,4.461538461538462,17.0,,11.5,,128.0,90.0,25.0,,12.0,,77.0,,3.909090909090909,67.0,,26.0,,2.4,,,6.777777777777778,2.857142857142857,,3.857142857142857,6.08,,,7.0,,,,,,23.5,,2.0,6.6,25.0,0.5087719298245614,,1.1,39.0,0.0,,,13.05,1.8666666666666667,8.285714285714286,102.0,36.0,8.5,10.0,44.2,24.0,3.090909090909091,19.75,,6.0,,218.0,19.666666666666668,,19.5,,,,0.30612244897959184,,,,,,12.0,,22.0,40.0,,,,16.0,4.916666666666667,,18.833333333333332,,0.6666666666666666,,,,,150.0,12.0,,114.0
Circulichnis,,,,,,,,,,,,,,,,,,,,,,,,,,,,,,,,,,,,,,,,,,,,,,,,,,,,,,,,,,,,,,,,,,,,,,,,,,,,,,,,,,,,,,,,,,,,,,,,,,,,,
Cladichnus,,,,,,,,,,,,,,,,,,,,,,,,,,,,,,,,,,,,,,,,,,,,,,,,,,,,,,,,,,,,,,,,,,,,,,,,,,,,,,,,,,,,,,,,,,,,,,,,,,,,,
Climactichnites,,,,,,,,,,,,,,,,,,,,,,,,,,,,,,,,,,,,,,,,,,,,,,,,,,,,,,,,,,,,,,,,,,,,,,,,,,,,,,,,,,,,,,,,,,,,,,,,,,,,,
Cochlichnus,,,229.0,78.0,36.5,,,23.0,,,,,116.0,,,,,,,,303.0,,,,,,,,62.0,13.0,,,313.0,,,,,,,,,54.0,,,,13.0,11.333333333333334,24.0,,,12.0,214.0,,179.0,324.0,154.0,90.0,,28.0,,169.0,36.0,6.0,,,6.0,,206.0,48.0,,,,,,46.5,,,,,,,,,28.0,,196.0,,38.0,18.5,,,,335.0,,,,,138.0,0.0,13.0,
Compaginatichnus,,,,,,,,,,,,,,,,,,,,,,,,,,,,,,,,,,,,,,,,,,,,,,,91.0,,27.0,,,,,,,,,,,16.0,,,76.0,,,,,,,,,,,,,,,,,,,,,,,,,,,,,,27.0,,,0.0,,,,,
Conichnus,,,,6.333333333333333,60.0,,,33.0,,,,,,,,,,,,,,,,,,,,,,,,,,,,,,,,,,,,,,,,11.0,,,,201.0,,,,,,,43.0,,,,,,,25.0,,,,,,,,,80.0,,,,,,,,,,,183.0,,,24.0,,,,,,8.333333333333334,,,,13.0,0.0,
Conostichus,,,,,,,,,,,,,,,,,,,,,,,,,,,,,,,,,,,,,,,,,,,,,,,,,,,,,,,,,,,,,,,,,,,,,,,,,,,,,,,,,,,,,,,,,,,,,,,,,,,,,
Coprinisphaera,,,,,,,,,,,,,,,,,,,,,,,,,,,,0.0,,,,,,,,,,,,,,,,,,,,,,,,,,,,,,,,,,,,,,,,,,,,,,,,,,,,,,,,,,,,,,13.0,,,,,,,,,,,
Cornulatichnus,,,,,,,,,,,,,,,,,,,,,,,,,,,,,,,,,,,,,,,,,,,,,,,,,,,,,,,,,,,,,,,,,,,,,,,,,,,,,,,,,,,,,,,,,,,,,,,,,,,,,
Cosmorhaphe,,,,,,,,,,,,,,,,,0.0,,,,,,,,,,,,,,,,,,,,,,,,,,,,45.0,,13.0,,,,12.0,,,,,,,,,,,,,,,,,,,,,,,,28.0,,,,,,,,,,,,,,,,,,,,,,,,,,
Cruziana,,192.0,,74.0,135.0,,,,,,75.5,,,,38.5,,,7.0,,,182.0,55.0,,,,,,,117.5,,,59.0,0.56,,,,,,,,,127.0,,,92.0,,2.8,30.0,4.333333333333333,,18.833333333333332,,,23.333333333333332,42.5,,,,118.0,,,,9.0,161.0,,,,,71.0,,27.0,,,,25.25,,,,,,15.0,,10.0,,,,,44.0,18.0,45.5,0.0,,217.0,53.5,,,,,,,102.0
Ctenopholeus,,,,,,,,,,,,,,,,,,,,,,,,,,,,,,,,,,,,,,,,,,,,,,,,,,,,,,,,,,,,,,,,,,,,,,,,,,,,,,,,,,,,,,,,,,,,,,,,,,,,,
Curvolithus,,,,,8.333333333333334,,,22.0,,,,,,,,,,,,,,,,,,,,,,,,,,,,,,,,,,108.0,,,,,,0.0,,,,190.0,,63.0,,,,,32.0,,,,,,,36.0,,20.5,,,,,,,69.0,,,,,,,,,,,172.0,,,13.0,,30.0,,,,,,,,24.0,11.0,
Cylindrichnus,,,,,16.0,,,12.333333333333334,,,5.0,,,,,,,,,,,,,,,,,,4.333333333333333,,,2.5,11.2,,,5.0,,,,,,9.25,,0.0,,,8.4,,,,2.0,,,6.777777777777778,,7.666666666666667,,,,,,,3.5,,,,,,8.333333333333334,,,,,,19.857142857142858,,,,,,,,,,,,,,,,,,17.571428571428573,,,,,,,,
Cylindricum,,,,,,,,,,,,,,,,,,,,,,,,,,,,,,,,,49.0,,,,,,,,,,,,,,29.0,,,,,,,,74.0,,,,,,,,,,,,,,,,,,,,,,,,,,,0.0,,,,,,,,,,,,,,,,,,,
Dactyloidites,,125.5,,7.5,11.571428571428571,,,9.833333333333334,,,210.0,,,,,,,,,,241.0,114.0,,,,,,,5.857142857142857,,,0.0,16.166666666666668,,,2.5,,,,160.0,,15.5,,2.5,,,9.857142857142858,,,,3.857142857142857,,,6.571428571428571,265.0,5.166666666666667,,,177.0,,,,67.5,220.0,,,,,6.0,,86.0,,,,13.777777777777779,,,,,,,,69.0,,,,,15.0,,,59.0,,13.5,,,,,,,,80.5
Dactylophycus,,,216.0,65.0,274.0,,,206.0,,,,,103.0,,,,,,,,290.0,,,,,,,,75.0,,,,300.0,,,,,,,,,41.0,,,,0.0,227.0,,,,25.0,,,166.0,311.0,141.0,77.0,,257.0,,156.0,49.0,179.0,,,37.0,,193.0,61.0,,,,,,335.0,,,,,,,,,15.0,,,,25.0,116.0,,,,322.0,,,,,125.0,13.0,,
Daedalus,,,201.0,50.0,259.0,,,191.0,,,,,88.0,,,,,,,,275.0,,,,,,,,90.0,,,,285.0,,,,,,,,,26.0,,,,15.0,212.0,,,,40.0,,,151.0,296.0,126.0,62.0,,242.0,,141.0,64.0,164.0,,,52.0,,178.0,76.0,,,,,,320.0,,,,,,,,,0.0,,,,10.0,101.0,,,,307.0,,,,,110.0,28.0,,
Daimonelix,,,,,,,,,,,,,,,,,,,,,,,,,,,,,,,,,,,,,,,,,,,,,,,,,,,,,,,,,,,,,,,,,,,,,,,,,,,,,,,,,,,,,,,,,,,,,,,,,,,,,
Daimoniobarax,,,,,,,,,,,,,,,,,,,,,,,,,,,,,,,,,,,,,,,,,,,,,,,,,,,,,,,,,,,,,,,,,,,,,,,,,,,,,,,,,,,,,,,,,,,,,,,,,,,,,
Dendrotichnium,,,,,,,,,,,,,,,,,,,,,,,,,,,,,,,,,,,,,,,,,,,,,,,,,,,,,,,,,,,,,,,,,,,,,,,,,,,,,,,,,,,,,,,,,,,,,,,,,,,,,
Desmograpton,,,,,,,,,,,,,,,,,,,,,,,,,,,,,,,,,,,,,,,,,,,,,,,,,,,,,,,,,,,,,,,,,,,,,,,,,,,,,,,,,,,,,,,,,,,,,,,,,,,,,
Dictyodora,,,,,,,,,,,,,,,,,,,,,,,,,,,,,,,,,,,,,,,,,,,,,,,,,,,,,,,,,,,,,,,,,,,,,,,,,,,,,,,,,,,,,,,,,,,,,,,,,,,,,
Didymaulichnus,,236.0,191.0,40.0,89.5,,,181.0,,,195.0,,78.0,,,,,,,,113.0,99.0,,,,,,,20.5,,,15.0,275.0,,,,,,,,,8.0,,,,25.0,67.0,,,,16.0,,,43.0,16.0,116.0,52.0,,81.0,,131.0,74.0,8.25,205.0,,62.0,,168.0,13.5,,71.0,37.5,,,139.0,,,,,,,,54.0,10.0,,,,0.0,91.0,,44.0,,130.5,,,,,100.0,38.0,,146.0
Didymaulyponomos,,,,,,,,,,,,,,,,,,,,,,,,,,,,,,,,,,,,,,,,,,,,,,,,,,,,,,,,,,,,,,,,,,,,,,,,,,,,,,,,,,,,,,,,,,,,,,,,,,,,,
Dimorphichnus,,,,,,,,,,,,,,,,,,,,,,,,,,,,,,,,,,,,,,,,,,,,,,,,,,,,,,,,,,,,,,,,,,,,,,,,,,,,,,,,,,,,,,,,,,,,,,,,,,,,,
Diplichnites,,,,,77.0,,,,,,,,,,,,,8.0,,,,,,14.0,,,,,,,,,,,,,,,,,,,,,,,,,,27.0,12.0,,,50.0,93.0,,,,,,40.0,,63.0,,,7.5,,,,,,,,,107.0,,,,,,0.0,,,,,,,,,,15.0,,,,,,,,,,
Diplocraterion,,73.33333333333333,175.0,60.0,27.285714285714285,,,165.0,,,7.166666666666667,,62.0,,,,,,,,105.0,83.0,,,,,,,6.333333333333333,54.0,,15.5,1.5714285714285714,,,,,,,,,0.0,,9.25,61.0,41.0,22.6,108.0,,,23.5,,,11.25,42.25,100.0,36.0,,73.0,,115.0,90.0,19.0,20.666666666666668,,78.0,,58.333333333333336,6.142857142857143,,27.5,,,,11.76923076923077,,,,,,,,38.0,26.0,,,,8.0,66.66666666666667,,127.0,,11.571428571428571,,,,,84.0,54.0,,65.0
Dolopichnus,,,,,,,,,,,,,,,,,,,,,,,,,,,,,,,,,,,,,,,,,,,,,,,,,,,,,,,,,,,,,,,,,,,,,,,,,,,,,,,,,,,,,,,,,,,,,,,,,,,,,
Dreginozoum,,,,,,,,,,,,,,,,,,,,,,,,,,,,,,,,,,,,,,,,,,,,,,,,,,,,,,,,,,,,,,,,,,,,,,,,,,,,,,,,,,,,,,,,,,,,,,,,,,,,,
Echinospira,,,,,,,,,,,,,,,,,,,,,,,,,,,,,,,,,,,,,,,,,,,,,,,,,,,,,,,,,,,,,,,,,,,,,,,,,,,,,,,,,,,,,,,,,,,,,,,,,,,,,
Edaphichnium,,,,,,,,,,,,,,,,,,,,,,,,,,,,,,,,,,,,,,,,,,,,,,,,,,,,,,,,,,,,,,,,,,,,,,,,,,,,,,,,,,,,,,,,,,,,,,,,,,,,,
Ellipsoideichnus,,,,,,,,,,,,,,,,,,,,,,,,,,,,,,,,,,,,,,,,,,,,,,,,,,,,,,,,,,,,,,,,,,,,,,,,,,,,,,,,,,,,,,,,,,,,,,,,,,,,,
Entradichnus,,,,,,,,,,,,,,,,,,,,,,,,,,,,,,,,,52.5,,,,,,,,,,,,,,20.5,,,,,,,,16.75,,,,,,,26.0,,,,,,,,,,,,0.0,,,,,,,,,,,,,,,,,,,,,,,,,,,
Ereipichnus,,,,,,,,,,,,,,,,,,,,,,,,,,,,,,,,,,,,,,,,,,,,,,,,,,,,,,,,,,,,,,,,,,,,,,,,,,,,,,,,,,,,,,,,,,,,,,,,,,,,,
Estrellichnus,,,,,,,,,,,,,,,,,,,,,,,,,,,,,,,,,,,,,,,,,,,,,,,,,,,,,,,,,,,,,,,,,,,,,,,,,,,,,,,,,,,,,,,,,,,,,,,,,,,,,
Fictovichnus,,,,,,,,,,0.0,,,,,,,,,,,,,,,,,,,,,,,,,,,,,,,,,,,,,,,,,,,,,,,,,,,,,,,,,,,,,,,,,,,,,,,,,,,,,,,,,,,,,,,,,,,
Fontanai,,,,,,,,,,,,,,,,,,,,,,,,,,,,,,,,,,,,,,,,,,,,,,,,,,,,,,,,,,,,,,,,,,,,,,,,,,,,,,,,,,,,,,,,,,,,,,,,,,,,,
Fucusopsis,,,,,,,,,,,,,,,,,,,,,,,,,,,,,,,,,,,,,,,,,,,,,,,,,,,,,,,,,,,,,,,,,,,,,,,,,,,,,,,,,,,,,,,,,,,,,,,,,,,,,
Fuersichnus,,,,,,,,,,,,,,,,,,,,,,,,,,,,,,,,,,,,,80.0,,112.0,,,,,,,,,,,,,,,,,,,,,,,,174.0,,,,,,,,,,,,,,,,,,,,,,0.0,,,,44.0,,,,,,,,,,,,
Furculosus,,,,,,,,,,,,,,,,,,,,,,,,,,,,,,,,,,,,,,,,,,,,,,,,,,,,,,,,,,,,,,,,,,,,,,,,,,,,,,,,,,,,,,,,,,,,,,,,,,,,,
Furnasichnus,,,,,,,,,,,,,,,,,,,,,,,,,,,,,,,,,,,,,,,,,,,,,,,,,,,,,,,,,,,,,,,,,,,,,,,,,,,,,,,,,,,,,,,,,,,,,,,,,,,,,
Glockerichnus,,,,,,,,,,,,,,,,,,,,,,,,,,,,,,,,,,,,,,,,,,,,,,,,,,,,,,,,,,,,,,,,,,,,,,,,,,,,,,,,,,,,,,,,,,,,,,,,,,,,,
Gyrochorte,,63.0,151.0,0.0,4.285714285714286,,,7.928571428571429,27.0,,25.0,12.0,38.0,,10.666666666666666,,,,,,8.090909090909092,,,,,,,,8.944444444444445,21.285714285714285,,7.5,15.916666666666666,,,,,,,,,60.0,,,,65.0,1.84,,,,3.0,,,1.0,1.0,76.0,12.0,30.0,9.833333333333334,,91.0,114.0,1.3181818181818181,,,23.5,,128.0,1.3333333333333333,,,,,,1.2857142857142858,,68.0,,,,,,,50.0,,,,40.0,1.8181818181818181,,74.0,,6.181818181818182,,14.666666666666666,,,60.0,78.0,6.333333333333333,26.0
Gyrolithes,,,139.0,12.0,197.0,,,129.0,,,,,26.0,,,,,,,,213.0,,,,,,,,152.0,,,,223.0,,,,,,,,,36.0,,,,77.0,150.0,,,,102.0,,,89.0,234.0,64.0,0.0,,180.0,,79.0,126.0,102.0,,,114.0,,116.0,138.0,,,,,,258.0,,,,,,,,,62.0,,,,52.0,39.0,,,,245.0,,,,,48.0,90.0,,
Gyrophyllites,,,,,,,,,,,,,,,,,,,,,,,,,,,,,,,,,,,,,,,,,,,,,,,,,,,,,0.0,,,,,,,,,,,,,,,,,,,,,,,,,,,,,,,,,,,,,,,,,,,,,,,,
Haentzschelinia,,,,,,,,,,,,,,,,,,,,,,,,,,,,,72.0,,,160.0,57.0,,,,,,,0.0,,,,,,,,,,,,,,16.0,,,,,,,,,,,,,,,,,,,,,,,,,,,,,,,,,,,,,,,,,,,,,,,41.0
Halimedides,,,,,,,,,,,,,,,,,,,,,,,,,,,,,,,,,,,,,,,,,,,,,,,,,,,,,,,,,,,,,,,,,,,,,,,,,,,,,,,,,,,,,,,,,,,,,,,,,,,,,
Halopoa,,,,,,,,,,,,,,,,,,,,,,,,,,,,,,,,,,,,,,,,,,,,,,,,,,,,,,,,,,,,,,,,,,,,,,,,,,,,,,,,,,,,,,,,,,,,,,,,,,,,,
Hartsellea,,,,,,,,,,,,,,,,,,,,,,,,,,,,,,,,,,,,,,,,,,,,,,,,,,,,,,,,,,,,,,,,,,,,,,,,,,,,,,,,,,,,,,,,,,,,,,,,,,,,,
Heimdallia,,,,,,,,,,,,,,,,,,,,,,,,,,,,,,,,,,,,,,,,,,,,,,,,,,,,,,,,,,,,,,,,,,,,,,,,,,,,,,,,,,,,,,,,,,,,,,,,,,,,,
Helicodromites,,,,,11.0,,,7.333333333333333,,,,,,,,,,,,,,,,,,,,,9.333333333333334,,,2.5,13.666666666666666,,,0.0,,,,,,,,5.0,,,9.0,,,,7.0,,,5.166666666666667,,2.6666666666666665,,,,,,,,,,,,,,,,,,,18.166666666666668,,,,,,,,,,,,,,,,,,15.5,,,,,,,,
Helicolithus,,,,,,,,,,,,,,,,,,,,,,,,,,,,,,,,,,,,,,,,,,,,,,,,,,,,,,,,,,,,,,,,,,,,,,,,,,,,,,,,,,,,,,,,,,,,,,,,,,,,,
Helminthopsis,,40.0,,21.285714285714285,,,,6.333333333333333,,,,,,,47.0,,,,,,10.0,,,,,,,,5.666666666666667,0.0,,,70.0,,,,,,,,,54.0,,,,,6.0,,,,2.857142857142857,,,40.0,10.0,,,,27.0,,,,3.0,,,,,,81.0,,27.0,,,,13.857142857142858,,,,,,,,,,,,,,2.5,,,,11.571428571428571,,,,,,13.0,,
Helminthorhaphe,,182.0,,,125.0,,,,,,141.0,,,,,,,,,,172.0,45.0,,,,,,,95.0,,,69.0,,,,,,,,,,38.0,,,,,80.0,,,,22.0,,,32.0,196.0,,,,108.0,,,,66.0,151.0,,,,,81.0,,17.0,,,,224.0,,,,,,,,0.0,,,,,54.0,,,10.0,,207.0,,,,,,,,92.0
Hillichnus,,,,,,,,,,,,,,,,,,,,,,,,,,,,,,,,,,,,,,,,,,,,,,,,,,,,,,,,,,,,,,,,,,,,,,,,,,,,,,0.0,,,,,,,,,,,,,,,,,,,,,,,
Hormosiroidea,,,,,,,,,,,,,,,,,,,,,,,,,,,,,,,,,,,,,,,,,,,,,,,,,,,,,,,,,,,,,,,,,,,,,,,,,,,,,,,,,,,,,,,,,,,,,,,,,,,,,
Hydrancylus,,,,,,,,,,,,,,,,,,,,,,,,,,,,,,,,,,,,,,,,,,,,,,,,,,,,,,,,,,,,,,,,,,,,,,,,,,,,,,,,,,,,,,,,,,,,,,,,,,,,,
Ilmenichnus,,,,,,,,,,,,,,,,,,,,,,,,,,,,,,,,,,,,,,,,,,,,,,,,,,,,,,,,,,,,,,,,,,,,,,,,,,,,,,,,,,,,,,,,,,,,,,,,,,,,,
Imponoglyphus,,,,,62.333333333333336,,,47.333333333333336,,,69.0,,9.0,,,9.0,,,,,,,,,,,,,,,,,,,,,,,,,,,,,,,53.666666666666664,,,,,,,26.666666666666668,,17.333333333333332,,,,,,,33.333333333333336,,,,,,,,,,,,,,,,0.0,,,,,,,,,,,,,,80.66666666666667,,,,,,,,
Isopodichnus,,,,,,,,,,,,,,,,,,,,,,,,,,,,,,,,,,,,,,,,,,,,,,,,,,,,,,,,,,,,,,,,,,,,,,,,,,,,,,,,,,,,,,,,,,,,,,,,,,,,,
Jamesonichnites,,,,,71.33333333333333,,,56.333333333333336,,,78.0,,18.0,,,0.0,,,,,,,,,,,,,,,,,,,,,,,,,,,,,,,62.666666666666664,,,,,,,35.666666666666664,,26.333333333333332,,,,,,,42.333333333333336,,,,,,,,,,,,,,,,9.0,,,,,,,,,,,,,,89.66666666666667,,,,,,,,
Katarrhedrites,,,,,,,,,,,,,,,,,,,,,,,,,,,,,,,,,,,,,,,,,,,,,,,,,,,,,,,,,,,,,,,,,,,,,,,,,,,,,,,,,,,,,,,,,,,,,,,,,,,,,
Katbergia,,,,,,,,,,,,,,,,,,,,,,,,,,,,,,,,,,,,,,,,,,,,,,,,,,,,,,,,,,,,,,,,,,,,,,,,,,,,,,,,,,,,,,,,,,,,,,,,,,,,,
Keilorites,,,,,,,,,,,,,,,,,,,,,,,,,,,,,,,,,,,,,,,,,,,,,,,,,,,,,,,,,,,,,,,,,,,,,,,,,,,,,,,,,,,,,,,,,,,,,,,,,,,,,
Kladosystemites,,,,,,,,,,,,,,,,,,,,,,,,,,,,,,,,,,,,,,,,,,,,,,,,,,,,,,,,,,,,,,,,,,,,,,,,,,,,,,,,,,,,,,,,,,,,,,,,,,,,,
Kulindrichnus,,,,,,,,,,,,,,,,,,,,,,,,,,,,,,,,,,,,,,,,,,,,,,,,,,,,,,,,,,,,,,,,,,,,,,,,,,,,,,,,,,,,,,,,,,,,,,,,,,,,,
Labyrintichnus,,,,,,,,,,,,,,,,,,,,,,,,,,,,,,,,,,,,,,,,,,,,,,,,,,,,,,,,,,,,,,,,,,,,,,,,,,,,,,,,,,,,,,,,,,,,,,,,,,,,,
Laevicyclus,,,113.0,38.0,40.0,,,28.75,,,60.0,,0.0,,,18.0,,,,,187.0,,,,,,,,178.0,,,,197.0,,,,,,,,,62.0,,,,103.0,33.5,,,,128.0,,,13.25,208.0,6.25,26.0,,154.0,,53.0,152.0,18.25,,,140.0,,90.0,164.0,,,,,,232.0,,,,9.0,,,,,88.0,,,,78.0,13.0,,,,53.75,,,,,22.0,116.0,,
Lanicoidichna,,,,,,,,,,,,,,,,,,,,,,,,,,,,,,,,,,,,,,,,,,,,,,,,,,,,,,,,,,,,,,,,,,,,,,,,,,,,,,,,,,,,,,,,,,,,,,,,,,,,,
Lapispira,,,,,,,,,,,,,,,,,,,,,,,,,,,,,,,,,,,,,,,,,,,,,,,,,,,,,,,,,,,,,,,,,,,,,,,,,0.0,,,,,,,,,,,,,,,,,,,,,,,,,,,,
Lennea,,,,,,,,,,,,,,,,,,,,,,,,,,,,,,,,,,,,,,,,,,,,,,,,,,,,,,,,,,,,,,,,,,,,,,,,,,,,,,,,,,,,,,,,,,,,,,,,,,,,,
Lingulichnus,,,,,,,,,,,,,,,,,,,,,,,,,,,,,,,,,,,,,,,,,,,,,,,,,,,,,,,,,,,,,,,,,,,,,,,,,,,,,,,,,,,,,,,,,,,,,,,,,,,,,
Lockeia,,,100.0,1.8181818181818181,18.0,,,2.875,,,19.0,,13.0,,66.0,,,,,,6.428571428571429,,,,,,,,18.1,2.5,,,52.75,,,,36.0,,68.0,,,66.66666666666667,,,,116.0,2.6,13.0,,,4.916666666666667,177.0,,4.5,3.1,25.0,39.0,24.0,4.75,,40.0,165.0,1.0,,,16.333333333333332,,77.0,177.0,,,,,,5.222222222222222,,,,,,,,,101.0,44.0,159.0,,91.0,0.0,59.0,18.0,,7.333333333333333,51.0,,,,9.0,18.5,24.0,
Loloichnus,,,,,,,,,,,,,,,,,,,,0.0,,,,,,,,,,,,,,,,,,,,,,,,,,,,,,,,,,,,,,,,,,,,,,,,,,,,,,,,,,,,,,,,,,,,,,,,,,,,,,,,,
Lophoctenium,,,,,,,,,,,,,,0.0,,,,,13.0,,,,,,,,,,,,,,,,,,,,,,,,,,,,61.0,,101.0,,90.0,,,,,,,,,,,,,,,,,,,,,,,,,,,,,,,,,,,,,,,,,,,,,,,,,,
Lorenzinia,,,,,,,,,,,,,,,,,,,,,,,,,,,,,,,,,,,,,,,,,,,,,,,,,,,,,,,,,,,,,,,,,,,,,,,,,,,,,,,,,,,,,,,,,,,,,,,,,,,,,
Lunulichnus,,,,,,,,,,,,,,,,,,,,,,,,,,,,,,,,,,,,,,,,,,,,,,,,,,,,,,,,,,,,,,,,,,,,,,,,,,,,,,,,,,,,,,,,,,,,,,,,,,,,,
Macanopsis,,,,,,,,,,,,,,,,,,,,,,,,,,,,,,,,,14.0,,,,0.0,,32.0,,,,,,,,,,,,,,,,,,,,,,,,94.0,,,,,,,,,,,,,,,,,,,,,,80.0,,,,36.0,,,,,,,,,,,,
Macaronichnus,,82.5,,,108.0,,,,,,124.0,,,,,,,,,,155.0,28.0,,,,,,,112.0,27.0,,86.0,10.4,,,,,,,,,27.5,,,,,31.5,,,,19.5,,,7.5,89.5,,,,91.0,,,,24.5,134.0,,,,,49.0,,0.0,,,,103.5,,,,,,,,17.0,,,,,71.0,,,27.0,,95.0,,,,,,,,75.0
Mammillichnis,,,,,,,,,,,,,,,,,,,,,,,,,,,,,,,,,,,,,,,,,,,,,,,,,,,,,,,,,,,,,,,,,,,,,,,,,,,,,,,,,,,,,,,,,,,,,,,,,,,,,
Margaritichnus,,,91.0,60.0,149.0,,,81.0,,,,,22.0,,,,,,,,165.0,,,,,,,,200.0,,,,175.0,,,,,,,,,84.0,,,,125.0,102.0,,,,150.0,,,41.0,186.0,16.0,48.0,,132.0,,31.0,174.0,54.0,,,162.0,,68.0,186.0,,,,,,210.0,,,,,,,,,110.0,,,,100.0,9.0,,,,197.0,,,,,0.0,138.0,,
Megagrapton,,,,,63.0,,,,,,,,,,,,,,,,,,,0.0,,,,,,,,,,,,,,,,,,,,,,,,,,13.0,26.0,,,36.0,79.0,,,,,,26.0,,49.0,,,38.0,,,,,,,,,93.0,,,,,,14.0,,,,,,,,,,,,,,,,,,,,
Megaplanolites,,,,,,,,,,,,,,,,,,,,,,,,,,,,,,,,,,,,,,0.0,,,,,,,,,,,,,,,,,,,,,,,,,,,,,,,,,,,,,,,,,,,,,,,,,,,,,,,,,,,,,,,
Mixoteichichnus,,,,,,,,,,,,,,,,,,,,,,,,,,,,,,,,,,,,,,,,,,,30.0,,,,,,,,,,,,,,,,,,,,,,,,,,,0.0,,,,,,,,,,,,,,,,,,,,,,,,,,,,,,,
Monesichnus,,,,,,,,,,,,,,,,,,,,,,,,,,,,,,,,,,,,,,,,,,,,,,,,,,,,,,,,,,,,,,,,,,,,,,,,,,,,,,,,,,,,,,,,,,,,,,,,,,,,,
Monocraterion,,,75.0,76.0,5.0,,,2.8,,,51.666666666666664,,6.25,,,26.333333333333332,,,,,149.0,,,,,,,,10.285714285714286,,,5.166666666666667,9.428571428571429,,,2.6666666666666665,,,,,,100.0,,7.666666666666667,,141.0,3.8,,,,8.285714285714286,,,1.5,170.0,0.0,64.0,,116.0,,15.0,190.0,12.0,,,178.0,,52.0,202.0,,,,,,13.285714285714286,,,,17.333333333333332,,,,,126.0,,,,116.0,25.0,,,,7.7,,,,,16.0,154.0,,
Multina,,,,,,,,,,,,,,,,,,,,,,,,,,,,,,,,,,,,,,,,,,,,,,,,,,,,,,,,,,,,,,,,,,,,,,,,,,,,,,,,,,,,,,,,,,,,,,,,,,,,,
Naktodemasis,,,,,,,,,,,,,,,,,,,,,,,,,,,,,,,,,,,,,32.0,,0.0,,,,,,,,,,,,,,,,,,,,,,,14.0,62.0,,,,,,,,,,,,,,,,,,,,,,112.0,,,,68.0,,,,,,30.0,,,,,,
Nenoxites,,,,,,,,,,,,,,,,,,,,,,,,,,,,,,,,,,,,,,,,,,,,,,,,,,,,,,,,,,,,,,,,,,,,,,,,,,,,,,,,,,,,,,,,,,,,,,,,,,,,,
Neonereites,,,,,50.0,,,,,,,,,,,,,,,,,,,13.0,,,,,,,,,,,,,,,,,,,,,,,,,,0.0,39.0,,,23.0,66.0,,,,,,13.0,,36.0,,,51.0,,,,,,,,,80.0,,,,,,27.0,,,,,,,,,,,,,,,,,,,,
Nereites,,,60.0,91.0,59.0,,,50.0,,,,,53.0,,,,,,,,89.0,,,26.0,,46.5,,,231.0,,,,144.0,13.0,,,,,,,,115.0,,,,156.0,12.0,,,13.0,44.2,,,13.333333333333334,77.5,15.0,79.0,,101.0,18.0,0.0,205.0,3.5,,4.333333333333333,96.5,,37.0,217.0,,,,,,17.25,,,,,,40.0,,,141.0,,,,131.0,40.0,,,,17.333333333333332,,,,,31.0,169.0,,
Nummipera,,,,,,,,,,,,,,,,,,,,,,,,,,,,,,,,,,,,,,,,,,,,,,,,,,,,,,,,,,,,,,,,,,,,,,,,,,,,,,,,,,,,,,,,,,,,,,,,,,,,,
Oikobesalon,,,,,,,,,,,,,,,,,,,,,,,,,,,,,,,,,,,,,,,,,,,,,,,,,,,,,,,,,,,,,,,,,,,,,,,,,,,,,,,,,,,,,,,,,,,,,,,,,,,,,
Oldhamia,,,,,,,,,,,,,,,,,,,,,,,,,,,,,,,,,,,,,,,,,,,,,,,,,,,,,,,,,,,,,,,,,,,,,,,,,,,,,,,,,,,,,,,,,,,,,,,,,,,,,
Ophiomorpha,,50.0,50.0,1.0,1.4583333333333333,,,0.7647058823529411,58.0,,18.142857142857142,,13.25,,16.0,35.666666666666664,,,,,43.6,13.0,,36.0,,,,,6.214285714285714,40.0,,6.571428571428571,0.9142857142857143,,,5.166666666666667,,,,16.0,,11.25,,6.777777777777778,61.0,166.0,0.8518518518518519,63.0,,23.0,13.05,,,0.0,41.0,1.5,89.0,,38.0,,13.333333333333334,215.0,0.6086956521739131,119.0,,8.666666666666666,,28.333333333333332,1.8461538461538463,,7.5,,,,3.25,,,,26.666666666666668,,50.0,,32.0,151.0,,,,43.0,4.5,,23.333333333333332,,3.1,,,,,41.0,179.0,,30.0
Oravaichnium,,,,,,,,,,,,,,,,,,,,,,,,,,,,,,,,,,,,,,,,,,,,,,,,,,,,,,,,,,,,,,,,,,,,,,,,,,,,,,,,,,,,,,,,,,,,,,,,,,,,,
Osculichnus,,,,,,,,,,,,,,,,,,,,,,,,,,,,,,,,,,,,,,,,,,,,,,,,,,,,,,,,,,,,,,,,,,,,,,,,,,,,,,,,,,,,,,,,,,,,,,,,,,,,,
Palaeophycus,,38.666666666666664,37.0,1.3181818181818181,3.869565217391304,,,0.8235294117647058,,,4.4,,18.25,,61.0,42.333333333333336,,,,,4.0,21.0,,49.0,,2.6,,,9.5,3.0,,67.5,1.25,,,,94.0,,62.0,,,19.0,,3.5,72.0,179.0,0.3695652173913043,,49.0,36.0,3.090909090909091,,,0.6086956521739131,2.6666666666666665,12.0,102.0,,5.2,20.0,3.5,228.0,0.0,13.5,,108.0,,14.0,3.4285714285714284,,24.5,54.0,,,1.6470588235294117,,,,33.333333333333336,,63.0,,66.0,164.0,174.0,,,8.25,1.0,17.0,9.0,,2.7142857142857144,,,76.0,,54.0,6.0,,13.0
Paleodictyon,,,,,,,,,,,,,,,,,,,,,,,,,,,,,,,,,,,,,,,,,,,,,,,,,,,,,,,,,,,,,4.333333333333333,,,,0.0,,,,,,,,,,,,,,,,,,,,,,,,,,,,,,,,,,,,
Paleomeandron,,,,,,,,,,,,,,,,,,,,,,,,,,,,,,,,,,,,,,,,,,,,,,,,,,,,,,,,,,,,,,,,,,,,,,,,,,,,,,,,,,,,,,,,,,,,,,,,,,,,,
Paradictyodora,,,,,,,,,,,,,,,,,,,,,,,,,,,,,,,,,,,,,,,,,,,,,,,,,,,,,,,,,,,,,,,,,,,,,,,,,,,,,,,,,,,,,,,,,,,,,,,,,,,,,
Parahaentzschelinia,,137.0,,,80.0,,,,,,96.0,,,,,,,,,,127.0,0.0,,,,,,,140.0,,,114.0,,,,,,,,,,83.0,,,,,35.0,,,,67.0,,,13.0,151.0,,,,63.0,,,,21.0,106.0,,,,,126.0,,28.0,,,,179.0,,,,,,,,45.0,,,,,99.0,,,55.0,,162.0,,,,,,,,47.0
Parataenidium,,,,,,,,,,,,,,,,,,,,,,,,,,,,,,,,,,,,,,,,,,,,,,,,,,,,,,,,,,,,,,,,,,,,,,,,,,,,,,,,,,,,,,,,,,,,,,,,,,,,,
Parmaichnus,,,,,,,,,,,,,,,,,,,,,,,,,,,,,,,,,,,,,,,,,,,,,,,,,,,,,,,,,,,,,,,,,,,,,,,,,,,,,,,,,,,,,,,,,,,,,,,,,,,,,
Parowanichnus,,,,,,,,,,,,,,,,,,,,,,,,,,,,,,,,,,,,,,,,,,,,,,,,,,,,,,,,,,,,,,,,,,,,,,,,,,,,,,,,,,,,,,,,,,,,,,,,,,,,,
Patagonichnus,,,,,,,,,,,,,,,,,,,,,,,,,,,,,,,,,,,,,,,,,,,,,,,,,,,,,,,,,,,,,,,,,,,,,,,,,,,,,,,,,,,,,,,,,,,,,,,,,,,,,
Pennatulites,,,,,,,,,,,,,,,,,,,,,,,,,,,,,,,,,,,,,,,,,,,,,,,,,,,,,,,,,,,,,,,,,,,,,,,,,,,,,,,,,,,,,,,,,,,,,,,,,,,,,
Pentichnus,,,,,,,,,,,,,,,,,,,,,,,,,,,,,,,,,,,,,,,,,,,,,,,,,,,,,,,,,,,,,,,,,,,,,,,,,,,,,,,,,,,,,,,,,,,,,,,,,,,,,
Phoebichnus,,,23.0,128.0,5.333333333333333,,,13.0,,,,,90.0,,,,,,,,97.0,,,,,,,,268.0,,,,107.0,,,,,,,,,58.333333333333336,,,,193.0,34.0,20.5,,,218.0,,,28.333333333333332,118.0,52.0,116.0,,64.0,,37.0,242.0,14.0,,,230.0,,0.0,254.0,,,,,,142.0,,,,,,,,,178.0,,,,168.0,77.0,,,,129.0,,,,,68.0,206.0,,
Pholeus,,,,,70.5,,,168.0,,,,,,,,,,,,,,,,,,,,,,,,,,,,,,,,,,,17.0,,,,,190.0,,,,0.0,,,,,,,158.0,,,,,,,226.0,,,,,,,,,121.0,,,,,,,,,,,18.0,,,177.0,,,,,,,,,,214.0,201.0,
Phycodes,,,10.0,7.928571428571429,1.2222222222222223,,,0.0,,,21.666666666666668,,28.75,,,56.333333333333336,,,,,3.142857142857143,,,,,,,,4.5,6.333333333333333,,9.833333333333334,2.7142857142857144,,,7.333333333333333,,,,,,165.0,,12.333333333333334,,206.0,0.43478260869565216,22.0,,,4.461538461538462,168.0,,0.7647058823529411,4.571428571428571,2.8,129.0,,5.0,,50.0,255.0,0.8235294117647058,,,29.0,,13.0,7.75,,,,,,2.8095238095238093,,,,47.333333333333336,,,,,191.0,,150.0,,181.0,2.875,,,,2.6875,,,,,81.0,23.0,33.0,
Phycosiphon,,,,,31.666666666666668,,,,,,26.333333333333332,,,,,,45.0,,,,,,,,,,,,,,,,41.0,,,,,,,,,61.0,,,0.0,,14.5,,72.0,,6.6,,,61.0,,,,,,,,,72.0,30.0,,,,,,,,,,,24.333333333333332,,,,,,,,,,,,,,,,92.0,,4.0,,,,,,,,
Phymatoderma,,,,,,,,,,,,,,,,,,,,,,,,,,,,,,,,,,,,,,,,,,,,,,,,,,,,,,,,,,,,,,,,,,,,,,,,,,,,,,,,0.0,,,,,,,,,,,,,,,,,,,,,
Pilichnus,,,0.0,151.0,58.0,,,10.0,,,,,113.0,,,,,,,,74.0,,,,,,,,291.0,,,,84.0,,,,,,,,,175.0,,,,216.0,11.0,,,,241.0,,,50.0,95.0,75.0,139.0,,41.0,,60.0,265.0,37.0,,,253.0,,23.0,277.0,,,,,,119.0,,,,,,,,,201.0,,,,191.0,100.0,,,,106.0,,,,,91.0,229.0,,
Piscichnus,,,,,,,,,,,,,,,,,,,,,,,,,,,,,,,,,,,,,,,,,,,,,,,,,,,,,,,,,,,,,,,,,,,,,,,,,,,,,,,,,,,,,,,,,,,,,,,,,,,,,
Planolites,,51.0,11.0,1.84,0.375,,,0.43478260869565216,5.5,,2.3076923076923075,,33.5,61.0,24.333333333333332,62.666666666666664,13.0,,48.0,,1.0909090909090908,35.0,,,,9.0,,,7.392857142857143,6.0,,9.857142857142858,5.386363636363637,,,9.0,,,,,,22.6,,8.4,14.5,227.0,0.0,,5.0,,0.5087719298245614,,,0.8518518518518519,3.1666666666666665,3.8,150.0,19.5,2.0,25.0,12.0,276.0,0.3695652173913043,10.0,,264.0,,34.0,2.8461538461538463,,31.5,,,20.5,1.2166666666666666,,,,53.666666666666664,,,29.0,80.0,212.0,,,,67.0,2.6,,2.8,,1.9333333333333333,,,91.0,,102.0,11.333333333333334,,12.0
Platicytes,,,,,,,,,,,,,,,,,,,,,,,,,,,,,,,,,,,,,,,,,,,,,,,,,,,,,,,,,,,,,,,,,,,,,,,,,,,,,,,,,,,,,,,,,,,,,,,,,,,,,
Polarichnus,,,,,,,,,,,,,,,,,,,,,,,,,,,,,,,,,,,,,,,,,,,,,,,,,,,,,,,,,,,,,,,,,,,,,,,,,,,,,,,,,,,,,,,,,,,,,,,,,,,,,
Polychoredrites,,,,,,,,,,,,,,,,,,,,,,,,,,,,,,,,,,,,,,,,,,,,,,,,,,,,,,,,,,,,,,,,,,,,,,,,,,,,,,,,,,,,,,,,,,,,,,,,,,,,,
Polykampton,,,,,,,,,,,,,,,,,,,,,,,,,,,,,,,,,,,,,,,,,,,,,,,,,,,,,,,,,,,,,,,,,,,,,,,,,,,,,,,,,,,,,,,,,,,,,,,,,,,,,
Polykladichnus,,45.0,,26.0,33.0,,,,,,49.0,,,,,,,,,,80.0,47.0,,,,,,,93.5,,,80.5,7.0,,,,,,,41.0,,65.0,,,,,12.0,,,,114.0,,,30.0,104.0,,,,16.0,,,,13.0,59.0,,,,,86.5,,75.0,,,,66.0,,,,,,,,92.0,,,,,146.0,,,102.0,,57.5,,,,,,,,0.0
Pramollichnus,,,,,,,,,,,,,,,,,,,,,,,,,,,,,,,,,,,,,,,,,,,,,,,,,,,,,,,,,,,,,,,,,,,,,,,,,,,,,,,,,,,,,,,,,,,,,,,,,,,,,
Protopaleodictyon,,,,,,,,,,,,,,,,,,,,,,,,,,,,,,,,,,,,,,,,,,,,,,,,,,,,,,,,,,,,,,,,,,,,,,,,,,,,,,,,,,,,,,,,,,,,,,,,,,,,,
Protovirgularia,,74.0,41.0,9.833333333333334,5.666666666666667,,,5.0,,,4.5,47.0,154.0,,20.0,,,,,,17.25,63.0,,,,19.5,,,50.75,27.0,,177.0,13.333333333333334,,,,,,,,,73.0,,,,257.0,2.0,32.0,,,8.5,158.0,,38.0,9.8,116.0,180.0,13.5,0.0,,101.0,306.0,5.2,14.0,,34.0,,64.0,94.5,,91.0,,,,38.666666666666664,,127.0,,,,,,108.0,242.0,,140.0,,81.0,4.75,,118.0,,24.75,,,,,132.0,28.0,43.0,16.0
Psammichnites,,,,,,,,,,,,,,,,,,,,,,,,,,,,,,,,,,,,,,,,,,,,,,,,,,,,,,,,,,,,,,,,,,,,,,,,,,,,,,,,,,,,,,,,,,,,,,,,,,,,,
Psilonichnus,,,,,,,,,,,,,,,,,,,,,,,,,,,,,,,,,,,,,,,,,,,,,,,,,,,,,,,,,,,,,,,,,,,,,,,,,,,,0.0,,,,,,,,,,,,,,,,,,,,,,,,,
Ptychoplasma,,,,,,,,,,,,,,,,,,,,,,,,,0.0,,,,,,,,,,,,,,,,,,,,,,,,,,,,,,,,,,,,,,,,,,,,,,,,,,,,,,,,,,,,,,,,,,,,,,,,,,,,
Rebuffoichnus,,,,,,,0.0,,,,,,,,,,,,,,,,,,,,,,,,,,,,,,,,,,,,,,,,,,,,,,,,,,,,,,,,,,,,,,,,,,,,,,,,,,,,,,,,,,,,,,,,,,,,,,
Rhizocorallium,,57.0,58.0,4.285714285714286,0.0,,,1.2222222222222223,25.0,,3.3333333333333335,,40.0,,17.0,71.33333333333333,,,,,9.4,80.0,,63.0,,,,,6.777777777777778,,,11.571428571428571,0.8,,,11.0,,,,,,27.285714285714285,28.0,16.0,31.666666666666668,274.0,0.375,8.333333333333334,,50.0,6.352941176470588,70.5,,1.4583333333333333,23.666666666666668,5.0,197.0,,5.666666666666667,,59.0,323.0,3.869565217391304,11.666666666666666,,28.333333333333332,,5.333333333333333,6.666666666666667,,108.0,,,,0.4634146341463415,,,,62.333333333333336,,77.0,,125.0,259.0,,123.0,,89.5,18.0,,135.0,,5.277777777777778,,,,,149.0,36.5,60.0,33.0
Rosselia,,41.0,,25.0,3.3333333333333335,,,21.666666666666668,,,0.0,,60.0,,,78.0,,,,,31.0,96.0,,,,57.0,,,78.66666666666667,,,210.0,12.6,,,,,,,,,7.166666666666667,,5.0,26.333333333333332,,2.3076923076923075,,56.0,,11.5,,,18.142857142857142,7.75,51.666666666666664,,5.0,4.5,,,,4.4,2.5,,,,,55.5,,124.0,,,,28.333333333333332,,,,69.0,,,,141.0,,,,,195.0,19.0,,75.5,,8.0,,4.0,,,,,,49.0
Rusophycus,,,,,,,,,,,,,,,,,,0.0,,,,,,,,,,,,,,,,,,,,,,,,,,,,,,,,,,,,,,,,,,,,,,,,,,,,,,,,,,,,,,,8.0,,,,,,,,,,7.0,,,,,,,,,,
Rutichnus,,,,27.0,25.0,,,,0.0,,,,,,42.0,,,,,,22.0,,,,,,,,,,,,,,,,,,,,,,,,,,5.5,,,,17.0,,,58.0,,,,,,,,,,,,,,,,,,,,,51.5,,,,,,,,,,,,,,,,,,,,,,,,,,
Sagittichnus,,,,,,,,,,,,,,,,,,,,,,,,,,,,,,,,,,,,,,,,,,,,,,,,,,,,,,,,,,,,,,,,,,,,,,,,,,,,,,,,,,,,,,,,,,,,,,,,,,,,,
Saronichnus,,,,,,,,,,,,,,,,,,,,,,,,,,,,,,,,,,,,,,,,,,,,,,,,,,,,,,,,,,,,,,,,,,,,,,,,,,,,,,,,,,,,,,,,,,,,,,,,,,,,,
Scalarituba,,,,30.0,,,,,,,5.0,,,,,,,,,,,,,,,,,,43.0,,,,6.5,,,,,,,,,,,,,,19.5,,,,36.0,,,,12.0,,,0.0,13.5,,,,,,,,,,,,,,,,,,,,,,,,,,,,,,24.0,,,,19.5,,,,,,,,
Scalichnus,,,,,,,,,,,,,,,15.0,,,,,,,,,,,,,,,,,,,,,,,,,,,,,,,,,,,,,,,,,,,,,,,,,,,,,,,,,,,,,,,,,,,,,,,,,,51.0,8.0,53.5,,,0.0,,,,,,,
Scaphichnium,,,,,,,,,,,,,,,,,,,,,,,,,,,,,,,,,,,,,,,,,,,,,,,,,,,,,,,,,,,,,,,,,,,,,,,,,,,,,,,,,,,,,,,,,,,,,,,,,,,,,
Schaubcylindrichnus,,31.0,,,11.666666666666666,,,,,,2.5,,,,,,,,,,21.0,106.0,,,,67.0,,,246.0,,,220.0,,,,,,,,,,20.666666666666668,,,30.0,,10.0,,,,19.75,,,119.0,10.5,,,,14.0,,,,13.5,0.0,,,,,232.0,,134.0,,,,34.666666666666664,,,,,,,,151.0,,,,,205.0,,,161.0,,47.666666666666664,,,,,,,,59.0
Scolicia,,10.0,74.0,8.090909090909092,9.4,,,3.142857142857143,22.0,,31.0,22.0,187.0,,64.0,,,,,,0.0,127.0,,,,,,,11.75,10.0,,241.0,43.5,,,,,,,,,105.0,,,,290.0,1.0909090909090908,,,,3.909090909090909,,,43.6,1.25,149.0,213.0,,17.25,,89.0,339.0,4.0,21.0,,327.0,,97.0,126.5,,155.0,,,,3.3636363636363638,,58.0,,,,,,172.0,275.0,,,,113.0,6.428571428571429,40.0,182.0,,2.3333333333333335,,,,,165.0,303.0,,80.0
Scoyenia,,,,,,,,,,,,,,,7.0,,,,,,40.0,,,,,,,13.0,,,,,14.5,,,,,,,,,,,,,,,,,,,,,,,,,,,,,,17.0,,,,,,,,,,,,,,,,,,,,,,,,,,59.0,0.0,45.5,40.5,,8.0,,,,,,,
Sinusichnus,,,,,,,,,,,,,,,,,,,,,,,,,,,,,,,,,,,,,,,,,,,,,,,,,,,,,,,,,,,,,,,,,,,,,,,,,,,,,,,,,,,,,,,,,,,,,,,,,,,,,
Siphonichnus,,0.0,,63.0,57.0,,,,,,41.0,,,,,,,,,,10.0,137.0,,,,,,,277.0,40.0,,125.5,15.0,,,,,,,,,73.33333333333333,,,,,51.0,,,,102.0,,,50.0,7.0,,,,74.0,,,,38.666666666666664,31.0,,,,,87.66666666666667,,82.5,,,,14.0,,,,,,,,182.0,,,,,236.0,,,192.0,,8.333333333333334,,,,,,,,45.0
Skolichnus,,,,,,,,,,,,,,,,,,,,,,,,,,,,,,,,,,,,,,,,,,,,,,,,,,,,,,,,,,,,,,,,,,,,,,,,,,,,,,,,,,,,,,,,,,,,,,,,,,,,,
Skolithos,,15.0,84.0,15.916666666666666,0.8,,,2.7142857142857144,,,12.6,,197.0,,,,,,,,43.5,,,,,,,,1.3636363636363635,70.0,,16.166666666666668,0.0,,,13.666666666666666,14.0,,,57.0,,1.5714285714285714,,11.2,41.0,300.0,5.386363636363637,,24.0,,6.08,,,0.9142857142857143,1.1,9.428571428571429,223.0,6.5,13.333333333333334,,144.0,349.0,1.25,,,337.0,,107.0,7.333333333333333,,10.4,,,52.5,4.96969696969697,,,,,,,49.0,,285.0,,,,275.0,52.75,14.5,0.56,,0.7857142857142857,,,,,175.0,313.0,,7.0
Socialites,,,,,,,,,,,,,,,,,,,,,,,,,,,,,,,,,,,,,,,,,,,,,,,,,,,,,,,,,,,,,,,,,,,,,,,,,,,,,,,,,,,,,,,,,,,,,,,,,,,,,
Spirodesmos,,,,,,,,,,,,,,,,,,,,,,,,,,,,,,,,,,,,,,,,,,,,,,,,,,,,,,,,,,,,,,,,,,,,,,,,,,,,,,,,,,,,,,,,,,,,,,,,,,,,,
Spirographites,,,,,,,,,,,,,,,,,,,,,,,,,,,,,,,,,,,,,,,,,,,,,,,,,,,,,,,,,,,,,,,,,,,,,,,,,,,,,,,,,,,,,,,,,,,,,,,,,,,,,
Spirophycus,,,,,,,,,,,,,,,,,,,,,,,,,,,,,,,,,,0.0,,,,,,,,,,,,,,,,,,,,,,,,,,,13.0,,,,,,,,,,,,,,,,,,,,,,,,,,,,,,,,,,,,,,,,
Spirophyton,,,,,,,,,,,,,,,,,,,,,,,0.0,,,,,,,,,,,,,,,,,,,,,,,,,,11.333333333333334,,,,,,,,,,,,,,,,,,,,,,,,,,,,,,,,,,,,,,,,,,,,,,,,,,,,
Spirorhaphe,,,,,,,,,,,,,,13.0,,,,,0.0,,,,,,,,,,,,,,,,,,,,,,,,,,,,48.0,,88.0,,77.0,,,,,,,,,,,,,,,,,,,,,,,,,,,,,,,,,,,,,,,,,,,,,,,,,,
Spongeliomorpha,,,,10.666666666666666,17.0,,,,42.0,,,,,,0.0,,,,,,64.0,,,,,,,,,47.0,,,,,,,,,,,,,,,,,24.333333333333332,,,,25.0,,,16.0,,,,,20.0,,,,61.0,,,,,,,,,,,,9.5,,,,,,,,,,,,,,66.0,7.0,38.5,,,15.0,,,,,,,
Steinichnus,0.0,,,,,,,,,,,,,,,,,,,,,,,,,,,,,,,,,,45.0,,,,,,,,,,,,,,,,,,,,,,,,,,,,,,,,,,,,,,,,,,,,,,,,,,,,,,,,,,,,,,,,,,
Stelloglyphus,,,,,,,,,,,,,,,,,,,,,,,,,,,,,,,,,,,,,,,,,,,,,,,,,,,,,,,,,,,,,,,,,,,,,,,,,,,,,,,,,,,,,,,,,,,,,,,,,,,,,
Streptichnus,,,,,,,,,,,,,,,,,,,,,,,,,,,,,,,,,,,,,,,,,,,,,,,,,,,,,,,,,,,,,,,,,,,,,,,,,,,,,,,,,,,,,,,,,,,,,,,,,,,,,
Strobilorhaphe,,,,,,,,,,,,,,,,,,,,,,,,,,,,,,,,,,,,,,,,,,,,,,,,,,,,,,,,,,,,,,,,,,,,,,,,,,,,,,,,,,,,,,,,,,,,,,,,,,,,,
Syringomorpha,,,,,,,,,,,,,,,,,,,,,,,,,,,,,,,,,,,,,,,,,,,,,,,,,,,,,,,,,,,,,,,,,,,,,,,,,,,,,,,,,,,,,,,,,,,,,,,,,,,,,
Taenidium,,7.0,95.0,1.0,23.666666666666668,,,4.571428571428571,,,7.75,,208.0,,,,,,,,1.25,151.0,,79.0,,88.0,,,12.5,10.0,,265.0,1.1,,,,,,,,,42.25,,,,311.0,3.1666666666666665,,,66.0,1.8666666666666667,,,41.0,0.0,170.0,234.0,12.0,9.8,,77.5,22.0,2.6666666666666665,10.5,,174.0,,118.0,92.33333333333333,,89.5,69.5,,16.75,1.1428571428571428,,,,,,93.0,74.0,196.0,296.0,,,,16.0,3.1,,42.5,,1.0,,,,,186.0,324.0,,104.0
Tasselia,,,,,,,,,,,,,,,,,,,,,,,,,,,,,,,0.0,,,,,,,,,,,,,,,,,,,,,,,,,,,,,,,,,,,,,,,,,,,,10.0,,,,,,,,,,,,,,,,,,,,,,,,,,
Teichichnus,,8.333333333333334,106.0,6.181818181818182,5.277777777777778,,,2.6875,,,8.0,,53.75,,,89.66666666666667,,,,,2.3333333333333335,162.0,,,,20.5,,,7.1875,11.571428571428571,,13.5,0.7857142857142857,,,15.5,,,,,,11.571428571428571,,17.571428571428573,4.0,322.0,1.9333333333333333,,10.333333333333334,,0.6666666666666666,,,3.1,1.0,7.7,245.0,19.5,24.75,14.333333333333334,17.333333333333332,371.0,2.7142857142857144,47.666666666666664,,359.0,,129.0,1.4545454545454546,,95.0,,,,3.8,,,,80.66666666666667,,,,207.0,307.0,,,,130.5,7.333333333333333,,217.0,,0.0,,33.333333333333336,27.0,,197.0,335.0,,57.5
Teisseirei,,,,,,,,,,,,,,,,,,,,,,,,,,,,,,,,,,,,,,,,,,,,,,,,,,,,,,,,,,,,,,,,,,,,,,,,,,,,,,,,,,,,,,,,,,,,,,,,,,,,,
Termitichnus,,,,,,,,,,,,,,,,,,,,,,,,,,,0.0,,,,,,,,,,,,,,,,,,,,,,,,,,,,,,,,,,,,,,,,,,,,,,,,,,,,,,,,,,,,,,,,,,,,,,,,,,
Thalassinoides,,14.0,119.0,1.2857142857142858,0.4634146341463415,,,2.8095238095238093,51.5,,28.333333333333332,,232.0,,9.5,,28.0,,,,3.3636363636363638,179.0,,93.0,,12.0,,,6.090909090909091,13.857142857142858,10.0,13.777777777777779,4.96969696969697,,,18.166666666666668,,,,,,11.76923076923077,,19.857142857142858,24.333333333333332,335.0,1.2166666666666666,69.0,8.75,80.0,0.30612244897959184,121.0,,3.25,1.1428571428571428,13.285714285714286,258.0,,38.666666666666664,52.5,17.25,384.0,1.6470588235294117,34.666666666666664,,35.0,,142.0,7.071428571428571,,103.5,,,,0.0,,,,,,107.0,,224.0,320.0,,103.0,,139.0,5.222222222222222,,25.25,,3.8,,,,,210.0,46.5,80.0,66.0
Tisoa,,,,,,,,,,,,,,,,,,,,,,,,,,,,,,,,,,,,,,,,,,,,,,,,,,,,,,,,,,,,,,,,,,,,,,,,,,,,,,,,,,,,,,,0.0,,,,,,,,,,,,,,
Torrowangea,,,,,,,,,,,,,,,,,,,,,,,,,,,,,,,,,,,,,,,,,,,,,,,,,,,,,,,,,,,,,,,,,,,,,,,,,,,,,,,,,,,,,,,,,,,,,,,,,,,,,
Treptichnus,45.0,,,,,,,,,,,,,,,,,,,,,,,,,,,,,,,,,,0.0,,,,,,,,,,,,,,,,,,,,,,,,,,,,,,,,,,,,,,,,,,,,,,,,,,,,,,,,,,,,,,,,,,
Trichichnus,,,,,,,,,,,57.0,,,,,,,,,,,,,,,0.0,,,,,,,,,,,,,,,,,,,,,9.0,,,,2.4,,,,88.0,,,,19.5,64.5,46.5,,2.6,67.0,,,,,,,,,,,12.0,,,,,,,,,,,,,,,,,,20.5,,,,,,,,
Trichophycus,,,,,,,,,,,,,,,,,,,,,,,,,,,,,,,,,,,,,,,,,,,,,,,,,,,,,,,,,,,,,,,,,,,,,,,,,,,,,,,,,,,,,,,,,,,,,,,,,,,,,
Tuberculichnus,,,,,,,,,,,,,,,,,,,,,,,,,,,,,,,,,,,,,,,,,,,,,,,,,,,,,,,,,,,,,,,,,,,,,,,,,,,,,,,,,,,,,,,,,,,,,,,,,,,,,
Unisulcus,,,,,,,,,,,,,,,,,,,,,,,,,,,,,,,,,,,,,,,,,,,,,,,,,,,,,,,,,,,,,,,,,,,,,,,,,,,,,,,,,,,,,,,,,,,,,,,,,,,,,
Urohelminthoida,,,,,,,,,,,,,,,,,,,,,,,,,,,,,,,,,,,,,,,,,,,,,,,,,,,,,,,,,,,,,,,,,,,,,,,,,,,,,,,,,,,,,,,,,,,,,,,,,,,,,
Vagorichnus,,,,,,,,,,,,,,,,,,,,,,,,,,,,,,,,,,,,,,,,,0.0,,,,,,,,,,,,,,,,,,,,,,,,,,,,,,,,,,,,,,,,,,,,,,,,,,,,,,,,,,,,
Virgaichnus,,,,,,,,,,,,,,,,,,,,,,,,,,,,,,,,,,,,,,,,,,,,,,,,,,,,,,,,,,,,,,,,,,,,,,,,,,,,,,,,,,,,,,,,,,,,,,,,,,,,,
Volkichnium,,,,,,,,,,,,,,,,,,,,,,,,,,,,,,,,,,,,,,,,,,,,,,,,,,,,,,,,,,,,,,,,,,,,,,,,,,,,,,,,,,,,,,,,,,,,,,,,,,,,,
Walpia,,,,,,,,,,,,,,,,,,,,,,,,,,,,,,,,,,,,,,,,,,,,,,,,,,,,,,,,,,,,,,,,,,,,,,,,,,,,,,,,,,,,,,,,,,40.5,,0.0,,,,,,,,,
Yangziichnus,,,,,,,,,,,,,,,,,,,,,,,,,,,,,,,,,,,,,,,,,,,,,,,,,,,,,,,,,,,,,,,,,,,,,,,,,,,,,,,,,,,,,,,,,,,,,,,,,,,,,
Zavitokichnus,,,,,,,,,,,,,,,,,,,,,,,,,,,,,,,,,,,,,,,,,,,,,,,,,,,,,,,,,,,,,,,,,,,,,,,,,,,,,,,,,,,,,,,,,,,,,,,,,,,,,
Zoophycos,,,,,,,,,,,56.0,,,101.0,,,,,88.0,,,,11.333333333333334,,,,,,,,,,24.0,,,,,,,,,,,,72.0,,5.0,,0.0,,1.1,,,,,,,,,11.0,,,49.0,,,,,,,,,,,,8.75,,,,,,,,,,,,,,,,4.333333333333333,,10.333333333333334,,,27.0,,,,,
