,Siphonichnus,Rhizocorallium,Halimedides,Rebuffoichnus,Saronichnus,Phycodes,Fictovichnus,Katbergia,Rosselia,Bichordites,Lorenzinia,Laevicyclus,Spongeliomorpha,Cosmorhaphe,Rusophycus,Spirorhaphe,Scolicia,Cardioichnus,Trichichnus,Protopaleodictyon,Coprinisphaera,Arenicolites,Helminthopsis,Tasselia,Dactyloidites,Skolithos,Desmograpton,Spirophycus,Treptichnus,Lanicoidichna,Piscichnus,Helicodromites,Macanopsis,Kulindrichnus,Daimonelix,Naktodemasis,Haentzschelinia,Vagorichnus,Castrichnus,Diplocraterion,Balanoglossites,Cylindrichnus,Phycosiphon,Attaichnus,Polychoredrites,Planolites,Halopoa,Zoophycos,Neonereites,Chondrites,Bathichnus,Gyrophyllites,Parowanichnus,Ophiomorpha,Taenidium,Gyrolithes,Daimoniobarax,Kladosystemites,Multina,Teisseirei,Scalarituba,Protovirgularia,Alcyonidiopsis,Nereites,Beaconites,Palaeophycus,Schaubcylindrichnus,Paleodictyon,Paradictyodora,Phoebichnus,Asterosoma,Macaronichnus,Patagonichnus,Katarrhedrites,Thalassinoides,Psilonichnus,Phymatoderma,Helminthorhaphe,Arachnostega,Spirodesmos,Didymaulichnus,Lockeia,Scoyenia,Cruziana,Labyrintichnus,Sinusichnus,Teichichnus,Scalichnus,Cochlichnus,Conichnus,Oldhamia,Polykladichnus
Aglaspidichnus,,,,,,,,,,,,,,,,,,,,,,,,,,,,,,,,,,,,,,,,,,,,,,,,,,,,,,,,,,,,,,,,,,,,,,,,,,,,,,,,,,,,,,,,,,,,
Alcyonidiopsis,181.0,,,,,,,,,,,,,,,,171.0,,,,,,,,,,,,,,,,,,,,,,,66.0,,51.0,109.0,,,122.0,,239.0,,28.0,,,,82.0,,,,,,,,,0.0,,,95.0,150.0,,,,16.0,,,,219.0,,,,,,,,,,,,206.0,,,40.0,,
Alectorurus,,,,,,,,,,,,,,,,,,,,,,,,,,,,,,,,,,,,,,,,,,,,,,,,,,,,,,,,,,,,,,,,,,,,,,,,,,,,,,,,,,,,,,,,,,,,
Altichnus,,,,,,,,,,,,,,,,,,,,,,,,,,,,,,,,,,,,,,,,,,,,,,,,,,,,,,,,,,,,,,,,,,,,,,,,,,,,,,,,,,,,,,,,,,,,
Amanitichnus,,,,,,,,,,,,,,,,,,,,,,,,,,,,,,,,,,,,,,,,,,,,,,,,,,,,,,,,,,,,,,,,,,,,,,,,,,,,,,,,,,,,,,,,,,,,
Ancorichnus,,,,,,,,,,,,,,,,,,,,,,,,,,,,,,,,,,,,,,,,,,,,,,,,,,,,,,,,,,,,,,,,,,,,,,,,,,,,,,,,,,,,,,,,,,,,
Arachnostega,,,,,,,,,,,,,,,,,,,,,,,,,,,,,,,,,,,,,,,,,,,,,,,,,,,,,,,,,,,,,,,,,,,,,,,,,,,,,,,0.0,,,,,,,,,,,,,
Archaeonassa,,,,,,,,,,,,,,,,,,,,,,,,,,,,,,,,,,,,,,,,,,,,,,,,,,,,,,,,,,,,,,,,,,,,,,,,,,,,,,,,,,,,,,,,,,,,
Arenicolites,,46.0,,,,,,158.0,4.25,21.2,82.6,28.833333333333332,,,,,22.3,,,,,0.0,29.2,,,1.9090909090909092,70.8,,,198.0,45.666666666666664,,,,,,,,,50.0,,13.0,16.333333333333332,,,3.4166666666666665,,,,4.333333333333333,,,,3.6,24.0,4.666666666666667,,,,,,,,85.2,18.0,1.2727272727272727,,89.8,,,,,,,11.833333333333334,39.0,,76.6,,,77.0,222.0,,41.0,,,4.0,,,58.0,,65.83333333333333
Arenituba,,,,,,,,,,,,,,,,,,,,,,,,,,,,,,,,,,,,,,,,,,,,,,,,,,,,,,,,,,,,,,,,,,,,,,,,,,,,,,,,,,,,,,,,,,,,
Arthrophycus,,,,,,,,,,,,,,,,,,,,,,,,,,,,,,,,,,,,,,,,,,,,,,,,,,,,,,,,,,,,,,,,,,,,,,,,,,,,,,,,,,,,,,,,,,,,
Artichnus,,,,,,,,,,,,,,,,,,,,,,,,,,,,,,,,,,,,,,,,,,,,,,,,,,,,,,,,,,,,,,,,,,,,,,,,,,,,,,,,,,,,,,,,,,,,
Astacimorphichnus,,,,,,,,,,,,,,,,,,,,,,,,,,,,,,,,,,,,,,,,,,,,,,,,,,,,,,,,,,,,,,,,,,,,,,,,,,,,,,,,,,,,,,,,,,,,
Asterosoma,165.0,,,,,,,,21.0,,,,,,,,18.0,,,,,,,,,,,,,,,92.0,,,,,,,,14.666666666666666,,19.0,30.666666666666668,,,26.0,,34.333333333333336,,19.75,,,,66.0,,9.333333333333334,,,,,,,16.0,,,79.0,134.0,,,,0.0,,97.0,,5.333333333333333,,,,,,,,,,,,22.333333333333332,,,24.0,,
Asthenopodichnium,,,,,,,,,,,,,,,,,,,,,,,,,,,,,,,,,,,,,,,,,,,,,,,,,,,,,,,,,,,,,,,,,,,,,,,,,,,,,,,,,,,,,,,,,,,,
Astropolichnus,,,,,,,,,,,,,,,,,,,,,,,,,,,,,,,,,,,,,,,,,,,,,,,,,,,,,,,,,,,,,,,,,,,,,,,,,,,,,,,,,,,,,,,,,,,,
Atollites,,,,,,,,,,,,,,,,,,,,,,,,,,,,,,,,,,,,,,,,,,,,,,,,,,,,,,,,,,,,,,,,,,,,,,,,,,,,,,,,,,,,,,,,,,,,
Attaichnus,,,,,,,,,,,,,,,,,,,,,,,,,,,,,,,,,,,,,,,,,,,,0.0,,,,,,,,,,,,,,,,,,,,,,,,,,,,,,,,,,,,,,,,,,,,,,,,
Augerinoichnus,,,,,,,,,,,,,,,,,,,,,,,,,,,,,,,,,,,,,,,,,,,,,,,,,,,,,,,,,,,,,,,,,,,,,,,,,,,,,,,,,,,,,,,,,,,,
Avetoichnus,,,,,,,,,,,,,,,,,,,,,,,,,,,,,,,,,,,,,,,,,,,,,,,,,,,,,,,,,,,,,,,,,,,,,,,,,,,,,,,,,,,,,,,,,,,,
Balanoglossites,113.0,85.0,,,,,,,93.0,,,,125.5,,,,108.0,,,,,,,,,120.0,,,,,,30.0,,,,,,,,,0.0,,64.0,,,70.5,,,,8.5,,,,50.5,134.0,24.0,,,,,,76.5,,45.5,,57.0,,,,,,38.0,,,148.0,,,,,,,,,,,,,,,,,
Bathichnus,,,,,,,,,,,,,,,,,,,,,,,,,,,,,,,,,,,,,,,,,,,,,,,,,,,0.0,,,,,,,,,,,,,,,,,,,,,,,,,,,,,,,,,,,,,,,,,
Beaconites,,,,,,,,,,,,,,,,,,,,,,18.0,,,,,,,,,,,,,14.333333333333334,,,,,,,,,,,,,,,21.0,,,,,13.0,,,,,,,,,,0.0,,,,,,,,,4.5,,60.0,,,,,,,,,,,,,,,,
Belorhaphe,,,,,,,,,,,,,,,,,,,,,,,,,,,,,,,,,,,,,,,,,,,,,,,,,,,,,,,,,,,,,,,,,,,,,,,,,,,,,,,,,,,,,,,,,,,,
Bergaueria,,,,,,,,,,,,,,,,,,,,,,,,,,,,,,,,,,,,,,,,,,,,,,,,,,,,,,,,,,,,,,,,,,,,,,,,,,,,,,,,,,,,,,,,,,,,
Bichordites,,,,,,4.5,,,6.0,0.0,61.4,58.8,,,,,1.625,2.1666666666666665,,,,21.2,8.0,,2.5,,49.6,,,,,,,,,,,,,,,,71.4,,,16.4,,,,2.6,,,,11.0,,,,,,,,,,64.0,,13.6,,68.6,,,,8.0,,,18.8,,,55.4,,,,,,11.833333333333334,,,6.166666666666667,,,,,18.4
Biformites,,,,,,,,,,,,,,,,,,,,,,,,,,,,,,,,,,,,,,,,,,,,,,,,,,,,,,,,,,,,,,,,,,,,,,,,,,,,,,,,,,,,,,,,,,,,
Bifungites,,,,,,,,,,,,,,,,,,,,,,,,,,,,,,,,,,,,,,,,,,,,,,,,,,,,,,,,,,,,,,,,,,,,,,,,,,,,,,,,,,,,,,,,,,,,
Bolonia,,,,,,,,,,,,,,,,,,,,,,,,,,,,,,,,,,,,,,,,,,,,,,,,,,,,,,,,,,,,,,,,,,,,,,,,,,,,,,,,,,,,,,,,,,,,
Bornichnus,,,,,,,,,,,,,,,,,,,,,,,,,,,,,,,,,,,,,,,,,,,,,,,,,,,,,,,,,,,,,,,,,,,,,,,,,,,,,,,,,,,,,,,,,,,,
Brooksella,,,,,,,,,,,,,,,,,,,,,,,,,,,,,,,,,,,,,,,,,,,,,,,,,,,,,,,,,,,,,,,,,,,,,,,,,,,,,,,,,,,,,,,,,,,,
Calceoformites,,,,,,,,,,,,,,,,,,,,,,,,,,,,,,,,,,,,,,,,,,,,,,,,,,,,,,,,,,,,,,,,,,,,,,,,,,,,,,,,,,,,,,,,,,,,
Camborygma,,,,,,,,,,,,,,,,,,,,,,,,,,,,,,,,,,,,,,,,,,,,,,,,,,,,,,,,,,,,,,,,,,,,,,,,,,,,,,,,,,,,,,,,,,,,
Capodistria,,,,,,,,,,,,,,,,,,,,,,,,,,,,,,,,,,,,,,,,,,,,,,,,,,,,,,,,,,,,,,,,,,,,,,,,,,,,,,,,,,,,,,,,,,,,
Cardioichnus,,,,,,2.3333333333333335,,,,2.1666666666666665,,,,,,,,0.0,,,,,,,4.666666666666667,,,,,,,,,,,,,,,,,,,,,12.0,,,93.0,,,,,9.0,,,,,,,,,,,,,,,,,,,,,131.0,,,,,,,,,14.0,,,4.0,,,,,
Castrichnus,,,,,,,,,,,,,,,,,,,,,,,,,,,,,,,,,,,,,,,0.0,,,,,,,,,,,,,,,,,,,,,,,,,,,,,,,,,,,,,,,,,,,,,,,,,,,,,
Catenichnus,,,,,,,,,,,,,,,,,,,,,,,,,,,,,,,,,,,,,,,,,,,,,,,,,,,,,,,,,,,,,,,,,,,,,,,,,,,,,,,,,,,,,,,,,,,,
Chagrinichnites,,,,,,,,,,,,,,,,,,,,,,,,,,,,,,,,,,,,,,,,,,,,,,,,,,,,,,,,,,,,,,,,,,,,,,,,,,,,,,,,,,,,,,,,,,,,
Chondrites,69.66666666666667,9.0,,,,,,,32.333333333333336,2.6,16.666666666666668,56.2,117.0,38.0,,,2.8666666666666667,,,,,4.333333333333333,9.166666666666666,,,55.75,47.0,,,,,8.666666666666666,,,,,,,,11.666666666666666,8.5,32.666666666666664,1.7058823529411764,,,0.5769230769230769,,0.4230769230769231,,0.0,,,,18.642857142857142,26.363636363636363,12.166666666666666,,,,,,68.0,28.0,24.555555555555557,21.0,3.7857142857142856,122.0,66.0,,,19.75,29.5,,,4.178571428571429,39.0,,12.333333333333334,,,,,,48.0,,,2.857142857142857,,,12.0,,21.0
Circulichnis,,,,,,,,,,,,,,,,,,,,,,,,,,,,,,,,,,,,,,,,,,,,,,,,,,,,,,,,,,,,,,,,,,,,,,,,,,,,,,,,,,,,,,,,,,,,
Cladichnus,,,,,,,,,,,,,,,,,,,,,,,,,,,,,,,,,,,,,,,,,,,,,,,,,,,,,,,,,,,,,,,,,,,,,,,,,,,,,,,,,,,,,,,,,,,,
Climactichnites,,,,,,,,,,,,,,,,,,,,,,,,,,,,,,,,,,,,,,,,,,,,,,,,,,,,,,,,,,,,,,,,,,,,,,,,,,,,,,,,,,,,,,,,,,,,
Cochlichnus,,,,,,,,,,,,,,,,,,,,,,,,,,,,,,,,,,,,,,,,,,,,,,,,,,,,,,,,,,,,,,,,,,,,,,,,,,,,,,,,,,,,,,,,,0.0,,,
Compaginatichnus,,,,,,,,,,,,,,,,,,,,,,,,,,,,,,,,,,,,,,,,,,,,,,,,,,,,,,,,,,,,,,,,,,,,,,,,,,,,,,,,,,,,,,,,,,,,
Conichnus,141.0,,,,,,,100.0,,,,115.0,,,,,131.0,,,,,58.0,,,,36.63636363636363,,,,140.0,,,,,,,,,,21.0,,11.0,69.0,,,77.75,,199.0,,12.0,,,,16.307692307692307,,84.0,,,,,,,40.0,,,124.0,110.0,,,,24.0,2.5,,,179.0,365.0,,,,,19.0,164.0,,,,,219.0,,,0.0,,337.0
Conostichus,,,,,,,,,,,,,,,,,,,,,,,,,,,,,,,,,,,,,,,,,,,,,,,,,,,,,,,,,,,,,,,,,,,,,,,,,,,,,,,,,,,,,,,,,,,,
Coprinisphaera,,,,,,,27.0,,,,,,,,,,,,,,0.0,,,,,53.0,,,,,,,,,,,,,,,,,,,,41.0,,,,,,,,,16.0,,,,,,,,,,,,,,,,,,,64.0,,,,,,,,,,,,,,,,,,
Cornulatichnus,,,,,,,,,,,,,,,,,,,,,,,,,,,,,,,,,,,,,,,,,,,,,,,,,,,,,,,,,,,,,,,,,,,,,,,,,,,,,,,,,,,,,,,,,,,,
Cosmorhaphe,,,,,,,,,,,62.0,,,0.0,,2.5714285714285716,5.285714285714286,,,,,,17.0,,,,,,,,,,,,,,,,,,,,140.0,,,162.0,2.857142857142857,,,38.0,,,,120.0,,,,,,,,,,11.375,,,,7.857142857142857,,,,,,,,,,36.0,,,,,,,,,,,,,,
Cruziana,,,,,,16.333333333333332,,,91.0,11.833333333333334,,,,,,,39.666666666666664,14.0,,,,41.0,,,7.916666666666667,1.7333333333333334,,,,,,,,,,,,,,,,82.0,23.0,,,23.333333333333332,,3.6666666666666665,,48.0,,,,83.75,9.25,40.0,,,,,,93.0,,,,,15.0,,,,,50.0,,,13.25,,,,,,,,,0.0,,,12.0,,,,,
Ctenopholeus,,,,,,,,,,,,,,,,,,,,,,,,,,,,,,,,,,,,,,,,,,,,,,,,,,,,,,,,,,,,,,,,,,,,,,,,,,,,,,,,,,,,,,,,,,,,
Curvolithus,,,,,,,,,,,,,,,,,,,,,,,,,,,,,,,,,,,,,,,,,,,,,,,,,,,,,,,,,,,,,,,,,,,,,,,,,,,,,,,,,,,,,,,,,,,,
Cylindrichnus,6.5,59.0,,,,,,,1.5,,,,,,,,120.0,,,,,13.0,,,,1.5555555555555556,,,,,,54.0,,,,,,,,34.0,,0.0,56.5,,,4.7272727272727275,,188.0,,32.666666666666664,,,,19.125,22.5,24.428571428571427,,,,,,,51.0,,,6.666666666666667,99.0,,,,19.0,,,,56.0,4.666666666666667,,,,,,,,82.0,,,12.875,,,11.0,,
Cylindricum,,,,,,,,,,,,,,,,,,,,,,,,,,,,,,,,,,,,,,,,,,,,,,,,,,,,,,,,,,,,,,,,,,,,,,,,,,,,,,,,,,,,,,,,,,,,
Dactyloidites,,,,,,7.0,,,202.0,2.5,,,,,,,,4.666666666666667,,,,,,,0.0,18.0,,,,,,,,,,,160.0,,,,,,,,,,,,,,,,,174.0,,,,,,,,,,,,,180.0,,,,,1.1666666666666667,,,21.571428571428573,,,,,,,,,7.916666666666667,,,8.666666666666666,,,,,
Dactylophycus,,,,,,,,,,,,,,,,,,,,,,,,,,,,,,,,,,,,,,,,,,,,,,,,,,,,,,,,,,,,,,,,,,,,,,,,,,,,,,,,,,,,,,,,,,,,
Daedalus,,,,,,,,,,,,,,,,,,,,,,,,,,,,,,,,,,,,,,,,,,,,,,,,,,,,,,,,,,,,,,,,,,,,,,,,,,,,,,,,,,,,,,,,,,,,
Daimonelix,,,,,,,,,,,,,,,,,,,,,,,,,,,,,,,,,,,0.0,,,,,,,,,,,,,,,,,,,,,,,,,,,,,,14.333333333333334,,,,,,,,,23.333333333333332,,,,,,,,,,,,,,,,,,
Daimoniobarax,,,,,,,,,,,,,,,,,,,,,,,,,,30.0,,,,,,,15.0,,,,,,,,,,,,30.0,,,,,,,,,,,,0.0,,,,,,,,,,,,,,,,,,,,,,,,,,,,,,,,,,,
Dendrotichnium,,,,,,,,,,,,,,,,,,,,,,,,,,,,,,,,,,,,,,,,,,,,,,,,,,,,,,,,,,,,,,,,,,,,,,,,,,,,,,,,,,,,,,,,,,,,
Desmograpton,,,,,,,,,,49.6,11.8,9.2,,,,,64.0,,,,,70.8,41.6,,,,0.0,,,,,,,,,,,,,,,,21.8,,,33.2,,,,47.0,,,,38.6,,,,,,,,,,14.4,,36.0,,19.0,,,,,,,30.8,,,5.8,,,,,,,,,,,,,,68.0
Dictyodora,,,,,,,,,,,,,,,,,,,,,,,,,,,,,,,,,,,,,,,,,,,,,,,,,,,,,,,,,,,,,,,,,,,,,,,,,,,,,,,,,,,,,,,,,,,,
Didymaulichnus,,,,,,,,81.0,,,,96.0,,,,,,,,,,77.0,,,,384.0,,,,121.0,,,,,,,,,,23.0,,,,,,292.0,,,,,,,,193.0,,65.0,,,,,,,,,,229.0,,,,,,,,,,346.0,,,,,0.0,145.0,,,,,419.0,,,19.0,,318.0
Didymaulyponomos,,,,,,,,,,,,,,,,,,,,,,,,,,,,,,,,,,,,,,,,,,,,,,,,,,,,,,,,,,,,,,,,,,,,,,,,,,,,,,,,,,,,,,,,,,,,
Dimorphichnus,,,,,,,,,,,,,,,,,,,,,,,,,,,,,,,,,,,,,,,,,,,,,,,,,,,,,,,,,,,,,,,,,,,,,,,,,,,,,,,,,,,,,,,,,,,,
Diplichnites,,,,,,,,,,,,,,,,,,,,,,,,,,,,,,,,,,,,,,,,,,,,,,,,,,,,,,,,,,,,,,,,,,,,,,,,,,,,,,,,,,,,,,,,,,,,
Diplocraterion,115.0,50.0,,,,,,58.0,59.0,,,73.0,,,,,3.3333333333333335,,,,,50.0,,,,180.5,,,,98.0,,,,,,,,,,0.0,,34.0,16.0,,,53.8,,19.666666666666668,,11.666666666666666,,,,15.454545454545455,,14.0,,,,,,,66.0,,,68.66666666666667,84.0,,,,14.666666666666666,,,,25.0,323.0,,,,,23.0,122.0,,,,,79.2,,,21.0,,295.0
Dolopichnus,,,,,,,,,,,,,,,,,,,,,,,,,,,,,,,,,,,,,,,,,,,,,,,,,,,,,,,,,,,,,,,,,,,,,,,,,,,,,,,,,,,,,,,,,,,,
Dreginozoum,,,,,,,,,,,,,,,,,,,,,,,,,,,,,,,,,,,,,,,,,,,,,,,,,,,,,,,,,,,,,,,,,,,,,,,,,,,,,,,,,,,,,,,,,,,,
Echinospira,,,,,,,,,,,,,,,,,,,,,,,,,,,,,,,,,,,,,,,,,,,,,,,,,,,,,,,,,,,,,,,,,,,,,,,,,,,,,,,,,,,,,,,,,,,,
Edaphichnium,,,,,,,,,,,,,,,,,,,,,,,,,,,,,,,,,,,,,,,,,,,,,,,,,,,,,,,,,,,,,,,,,,,,,,,,,,,,,,,,,,,,,,,,,,,,
Ellipsoideichnus,,,,,,,,,,,,,,,,,,,,,,,,,,,,,,,,,,,,,,,,,,,,,,,,,,,,,,,,,,,,,,,,,,,,,,,,,,,,,,,,,,,,,,,,,,,,
Entradichnus,,,,,,,,,,,,,,,,,,,,,,,,,,,,,,,,,,,,,,,,,,,,,,,,,,,,,,,,,,,,,,,,,,,,,,,,,,,,,,,,,,,,,,,,,,,,
Ereipichnus,,,,,,,,,,,,,,,,,,,,,,,,,,,,,,,,,,,,,,,,,,,,,,,,,,,,,,,,,,,,,,,,,,,,,,,,,,,,,,,,,,,,,,,,,,,,
Estrellichnus,,,,,,,,,,,,,,,,,,,,,,,,,,,,,,,,,,,,,,,,,,,,,,,,,,,,,,,,,,,,,,,,,,,,,,,,,,,,,,,,,,,,,,,,,,,,
Fictovichnus,,,,4.666666666666667,,,0.0,,,,,,,,,,,,,,27.0,,,,,26.0,,,,,,,,,,,,,,,,,,,,14.0,,,,,,,,,10.25,,,,,3.0,,,,,,,,,,,,,,37.0,,,,,,,,,,,,,,,,,,
Fontanai,,,,,,,,,,,,,,,,,,,,,,,,,,,,,,,,,,,,,,,,,,,,,,,,,,,,,,,,,,,,,,,,,,,,,,,,,,,,,,,,,,,,,,,,,,,,
Fucusopsis,,,,,,,,,,,,,,,,,,,,,,,,,,,,,,,,,,,,,,,,,,,,,,,,,,,,,,,,,,,,,,,,,,,,,,,,,,,,,,,,,,,,,,,,,,,,
Fuersichnus,,,,,,,,,,,,,,,,,,,,,,,,,,,,,,,,,,,,,,,,,,,,,,,,,,,,,,,,,,,,,,,,,,,,,,,,,,,,,,,,,,,,,,,,,,,,
Furculosus,,,,,,,,,,,,,,,,,,,,,,,,,,,,,,,,,,,,,,,,,,,,,,,,,,,,,,,,,,,,,,,,,,,,,,,,,,,,,,,,,,,,,,,,,,,,
Furnasichnus,,,,,,,,,,,,,,,,,,,,,,,,,,,,,,,,,,,,,,,,,,,,,,,,,,,,,,,,,,,,,,,,,,,,,,,,,,,,,,,,,,,,,,,,,,,,
Glockerichnus,,,,,,,,,,,,,,,,,,,,,,,,,,,,,,,,,,,,,,,,,,,,,,,,,,,,,,,,,,,,,,,,,,,,,,,,,,,,,,,,,,,,,,,,,,,,
Gyrochorte,,,,,,,,,,,,,,,,,,,,,,,,,,,,,,,,,,,,,,,,,,,,,,,,,,,,,,,,,,,,,,,,,,,,,,,,,,,,,,,,,,,,,,,,,,,,
Gyrolithes,89.0,12.5,,,,,,16.0,16.0,,,31.0,101.5,,,,2.3636363636363638,,,,,4.666666666666667,,,,2.4,,,,56.0,7.0,7.666666666666667,,,,,,,,14.0,24.0,24.428571428571427,11.6,,,0.6666666666666666,,37.5,,12.166666666666666,,,,1.5625,0.6,0.0,,,,,,52.5,,21.5,,11.714285714285714,,,,,9.333333333333334,14.0,,,1.3571428571428572,281.0,,,,,65.0,80.0,,40.0,,,39.333333333333336,8.714285714285714,,84.0,,253.0
Gyrophyllites,,,,,,,,,,,,,,,,,,,,,,,,,,,,,,,,,,,,,,,,,,,,,,,,,,,,0.0,,,,,,,,,,,,,,,,,,,,,,,,,,,,,,,,,,,,,,,,
Haentzschelinia,,,,,,,,,,,,,,,,,,,,,,,,,160.0,,,,,,,,,,,,0.0,,,,,,,,,,,,,,,,,,,,,,,,,,,,,,,,,,,,,,,,,,,,,,,,,,,,,,,
Halimedides,,77.0,0.0,,,,,,,,,,,,,,,,97.0,,,,,,,,,,,,,,,,,,,,,,,,,,,61.0,,117.0,,,,,,,,,,,22.0,,,,,,,35.0,,,,,,,,,,,,,,,,,,,,,,,,,,
Halopoa,,,,,,,,,,,,,,2.857142857142857,,2.5,8.142857142857142,,,,,,,,,,,8.0,,,,,,,,,,,,,,,,,,,0.0,,,,,,,,,,,,,,,,,23.5,,,,10.714285714285714,,,,,,,,,,,,,,,,,,,,,,,,
Hartsellea,,,,,,,,,,,,,,,,,,,,,,,,,,,,,,,,,,,,,,,,,,,,,,,,,,,,,,,,,,,,,,,,,,,,,,,,,,,,,,,,,,,,,,,,,,,,
Heimdallia,,,,,,,,,,,,,,,,,,,,,,,,,,,,,,,,,,,,,,,,,,,,,,,,,,,,,,,,,,,,,,,,,,,,,,,,,,,,,,,,,,,,,,,,,,,,
Helicodromites,83.0,55.0,,,,,,,23.666666666666668,,,,95.5,,,,78.0,,,,,,,,,90.0,,,,,,0.0,,,,,,,,,30.0,54.0,34.0,,,40.5,,,,8.666666666666666,,,,20.5,104.0,7.666666666666667,,,,,,46.5,,15.5,,27.0,,,,,92.0,8.0,,,118.0,,,,,,,,,,,,,,,,,
Helicolithus,,,,,,,,,,,,,,,,,,,,,,,,,,,,,,,,,,,,,,,,,,,,,,,,,,,,,,,,,,,,,,,,,,,,,,,,,,,,,,,,,,,,,,,,,,,,
Helminthopsis,,,,,,,,,,8.0,7.5,50.8,,17.0,,,22.4,,,,,29.2,0.0,,,,41.6,,,,,,,,,,,,,,,,20.5,,,24.166666666666668,,,,9.166666666666666,,,,17.166666666666668,52.5,,,,,,,,,14.833333333333334,,1.8888888888888888,,60.6,,,,,,,10.8,,,3.1666666666666665,,,,,42.5,,,,,,,,157.0,26.4
Helminthorhaphe,,,,,,,,,,55.4,4.333333333333333,3.4,,36.0,,,69.8,,,,,76.6,3.1666666666666665,,,,5.8,,,,,,,,,,,,,,,,17.333333333333332,,,21.0,,,,12.333333333333334,,,,14.0,,,,,,,,,,11.666666666666666,,41.8,,13.2,,,,,,,36.6,,,0.0,,,,,,,,,,,,,,73.8
Hillichnus,,,,,,,,,,,,,,,,,,,,,,,,,,,,,,,,,,,,,,,,,,,,,,,,,,,,,,,,,,,,,,,,,,,,,,,,,,,,,,,,,,,,,,,,,,,,
Hormosiroidea,,,,,,,,,,,,,,,,,,,,,,,,,,,,,,,,,,,,,,,,,,,,,,,,,,,,,,,,,,,,,,,,,,,,,,,,,,,,,,,,,,,,,,,,,,,,
Hydrancylus,,,,,,,,,,,,,,,,,,,,,,,,,,,,,,,,,,,,,,,,,,,,,,,,,,,,,,,,,,,,,,,,,,,,,,,,,,,,,,,,,,,,,,,,,,,,
Ilmenichnus,,,,,,,,,,,,,,,,,,,,,,,,,,,,,,,,,,,,,,,,,,,,,,,,,,,,,,,,,,,,,,,,,,,,,,,,,,,,,,,,,,,,,,,,,,,,
Imponoglyphus,,,,,,,,,,,,,,,,,,,,,,,,,,,,,,,,,,,,,,,,,,,,,,,,,,,,,,,,,,,,,,,,,,,,,,,,,,,,,,,,,,,,,,,,,,,,
Isopodichnus,,,,,,,,,,,,,,,,,,,,,,,,,,,,,,,,,,,,,,,,,,,,,,,,,,,,,,,,,,,,,,,,,,,,,,,,,,,,,,,,,,,,,,,,,,,,
Jamesonichnites,,,,,,,,,,,,,,,,,,,,,,,,,,,,,,,,,,,,,,,,,,,,,,,,,,,,,,,,,,,,,,,,,,,,,,,,,,,,,,,,,,,,,,,,,,,,
Katarrhedrites,,,,,,,37.0,,,,,,,,,,,,,,64.0,,,,,11.0,,,,,,,,,23.333333333333332,,,,,,,,,,,23.0,,,,,,,,,48.0,,,,,,,,,,4.5,,,,,,,,,0.0,,,,,,,,,,,,,,,,,,
Katbergia,,,,,,,,0.0,,,,15.0,,,,,,,,,,158.0,,,,303.0,,,,40.0,,,,,,,,,,58.0,,,,,,211.0,,,,,,,,112.0,,16.0,,,,,,,,,,148.0,,,,,,,,,,265.0,,,,,81.0,64.0,,,,,338.0,,,100.0,,237.0
Keilorites,,,,,,,,,,,,,,,,,,,,,,,,,,,,,,,,,,,,,,,,,,,,,,,,,,,,,,,,,,,,,,,,,,,,,,,,,,,,,,,,,,,,,,,,,,,,
Kladosystemites,,,,,,,,,,,,,,,,,,,,,,,,,,,,,,,,,,,,,,,,,,,,,17.666666666666668,,,,,,,,23.333333333333332,,,,,0.0,,,,,,,,,,,,,,,,,,,,,,,,,,,,,,,,,,
Kulindrichnus,,,,,,,,,,,,,,,,,,,,,,,,,,,,,,,,,,0.0,,,,,,,,,,,,,,,,,,,,,,,,,,,,,,,,,,,,,,,,,,,,,,,,,,,,,,,,,,
Labyrintichnus,,,,,,,,,,,,,,,,,,,,,,,,,,,,,,,,,,,,,,,,,,,,,,,,,,,,,,,,,,,,,,,,,,,,,,,,,,,,,,,,,,,,,0.0,,,,,,,
Laevicyclus,,,,,,,,15.0,,58.8,2.6,0.0,,,,,73.2,,,,,28.833333333333332,50.8,,,288.0,9.2,,,25.0,,,,,,,,,,73.0,,,12.6,,,32.666666666666664,,,,56.2,,,,16.166666666666668,,31.0,,,,,,,,5.2,,22.166666666666668,,9.8,,,,,,,40.0,250.0,,3.4,,,96.0,49.0,,,,,323.0,,,115.0,,37.0
Lanicoidichna,,,,,,,,40.0,,,,25.0,,,,,,,,,,198.0,,,,263.0,,,,0.0,,,,,,,,,,98.0,,,,,,171.0,,,,,,,,72.0,,56.0,,,,,,,,,,108.0,,,,,,,,,,225.0,,,,,121.0,24.0,,,,,298.0,,,140.0,,197.0
Lapispira,,,,,,,,,,,,,,,,,,,,,,,,,,,,,,,,,,,,,,,,,,,,,,,,,,,,,,,,,,,,,,,,,,,,,,,,,,,,,,,,,,,,,,,,,,,,
Lennea,,,,,,,,,,,,,,,,,,,,,,,,,,,,,,,,,,,,,,,,,,,,,,,,,,,,,,,,,,,,,,,,,,,,,,,,,,,,,,,,,,,,,,,,,,,,
Lingulichnus,,,,,,,,,,,,,,,,,,,,,,,,,,,,,,,,,,,,,,,,,,,,,,,,,,,,,,,,,,,,,,,,,,,,,,,,,,,,,,,,,,,,,,,,,,,,
Lockeia,,,,,,,,64.0,,,,49.0,,,10.0,,,,,,,222.0,,,,239.0,,,,24.0,,,,,,,,,,122.0,,,,,,147.0,,,,,,,,48.0,24.0,80.0,,,,,,,,,,14.0,,,,,,,,,,201.0,,,,,145.0,0.0,,,,,274.0,,,164.0,,173.0
Loloichnus,,,,,,,,,,,,,,,,,,,,,,,,,,,,,,,,,,,,,,,,,,,,,,,,,,,,,,,,,,,,,,,,,,,,,,,,,,,,,,,,,,,,,,,,,,,,
Lophoctenium,,,,,,,,,,,,,,,,,,,,,,,,,,,,,,,,,,,,,,,,,,,,,,,,,,,,,,,,,,,,,,,,,,,,,,,,,,,,,,,,,,,,,,,,,,,,
Lorenzinia,,,,,,,,,,61.4,0.0,2.6,,62.0,,,75.8,,,,,82.6,7.5,,,,11.8,,,,,,,,,,,,,,,,13.0,,,16.666666666666668,,,,16.666666666666668,,,,9.666666666666666,,,,,,,,,,7.333333333333333,,47.8,,7.2,,,,,,,42.6,,,4.333333333333333,,,,,,,,,,,,,,79.8
Lunulichnus,,,,,,,,,,,,,,,,,,,,,,,,,,,,,,,,,,,,,,,,,,,,,,,,,,,,,,,,,,,,,,,,,,,,,,,,,,,,,,,,,,,,,,,,,,,,
Macanopsis,,,,,,,,,,,,,,,,,,,,,,,,,,45.0,,,,,,,0.0,,,,,,,,,,,,15.0,,,,,,,,,,,,15.0,,,,,,,,,,,,,,,,,,,,,,,,,,,,,,,,,,,
Macaronichnus,75.0,47.0,,,,,,,10.0,8.0,,,87.5,,,,70.0,,,,,,,,1.1666666666666667,1.8666666666666667,,,,,,8.0,,,,,,,,,38.0,,26.0,,,32.5,,,,29.5,,,,1.6666666666666667,96.0,14.0,,,,,,25.666666666666668,,7.5,,19.0,,,,,,0.0,,,27.5,,,,,,,,,50.0,,,,,,2.5,,
Mammillichnis,,,,,,,,,,,,,,,,,,,,,,,,,,,,,,,,,,,,,,,,,,,,,,,,,,,,,,,,,,,,,,,,,,,,,,,,,,,,,,,,,,,,,,,,,,,,
Margaritichnus,,,,,,,,,,,,,,,,,,,,,,,,,,,,,,,,,,,,,,,,,,,,,,,,,,,,,,,,,,,,,,,,,,,,,,,,,,,,,,,,,,,,,,,,,,,,
Megagrapton,,,,,,,,,,,,,,,,,,,,,,,,,,,,,,,,,,,,,,,,,,,,,,,,,,,,,,,,,,,,,,,,,,,,,,,,,,,,,,,,,,,,,,,,,,,,
Megaplanolites,,,,,,,,,,,,,,,,,,,,,,,,,,,,,,,,,,,,,,,,,,,,,,,,,,,,,,,,,,,,,,,,,,,,,,,,,,,,,,,,,,,,,,,,,,,,
Mixoteichichnus,,,,,,,,,,,,,,,,,,,,,,,,,,,,,,,,,,,,,,,,,,,,,,,,,,,,,,,,,,,,,,,,,,,,,,,,,,,,,,,,,,,,,,,,,,,,
Monesichnus,,,,,,,,,,,,,,,,,,,,,,,,,,,,,,,,,,,,,,,,,,,,,,,,,,,,,,,,,,,,,,,,,,,,,,,,,,,,,,,,,,,,,,,,,,,,
Monocraterion,,,,,,,,,,,,,,,,,,,,,,,,,,,,,,,,,,,,,,,,,,,,,,,,,,,,,,,,,,,,,,,,,,,,,,,,,,,,,,,,,,,,,,,,,,,,
Multina,,55.0,22.0,,,,,,,,,,,,,,,,75.0,,,,,,,,,,,,,,,,,,,,,,,,,,,39.0,,95.0,,,,,,,,,,,0.0,,,,,,,13.0,,,,,,,,,,,,,,,,,,,,,,,,,,
Naktodemasis,,,,,,,,,,,,,,,,,,,,,,,,,,,,,,,,,,,,0.0,,,,,,,,,,,,,,,,,,,,,,,,,,,,,,,,,,,,,,,,,,,,,,,,,,,,,,,,
Nenoxites,,,,,,,,,,,,,,,,,,,,,,,,,,,,,,,,,,,,,,,,,,,,,,,,,,,,,,,,,,,,,,,,,,,,,,,,,,,,,,,,,,,,,,,,,,,,
Neonereites,,,,,,,,,,,,,,,,,,93.0,,,,,,,,,,,,,,,,,,,,,,,,,,,,57.0,,,0.0,,,,,,,,,,,,,,,,,,,,,,,,,,38.0,,,,,,,,,,,,,,,,,
Nereites,67.5,39.5,,,,,,,47.5,64.0,7.333333333333333,5.2,80.0,11.375,,21.0,8.090909090909092,,,,,85.2,14.833333333333334,,,74.5,14.4,180.0,,,,15.5,,,,,,,,,45.5,,3.7777777777777777,,,1.8888888888888888,23.5,25.0,,24.555555555555557,,,,2.3529411764705883,88.5,21.5,,,,,,31.0,,0.0,,36.0,81.0,0.9285714285714286,,,,7.5,,,2.3333333333333335,,57.0,11.666666666666666,,,,,,,,,,,,,,82.4
Nummipera,,,,,,,,,,,,,,,,,,,,,,,,,,,,,,,,,,,,,,,,,,,,,,,,,,,,,,,,,,,,,,,,,,,,,,,,,,,,,,,,,,,,,,,,,,,,
Oikobesalon,,,,,,,,,,,,,,,,,,,,,,,,,,,,,,,,,,,,,,,,,,,,,,,,,,,,,,,,,,,,,,,,,,,,,,,,,,,,,,,,,,,,,,,,,,,,
Oldhamia,,,,,,,,,,,,,,,,,,,,,,,157.0,,,,,,,,,,,,,,,,,,,,,,,,,,,,,,,,,,,,,,,,,,,,,,,,,,,,,,,,,,,,,,,,,,,,0.0,
Ophiomorpha,41.666666666666664,8.75,,,,,,112.0,20.571428571428573,11.0,9.666666666666666,16.166666666666668,5.4,120.0,,,6.228571428571429,9.0,,,,3.6,17.166666666666668,,174.0,0.5161290322580645,38.6,,,72.0,7.3,20.5,,,,,,,,15.454545454545455,50.5,19.125,6.266666666666667,,,1.1428571428571428,,47.0,,18.642857142857142,,,,0.0,3.0833333333333335,1.5625,,,,,,26.0,82.0,2.3529411764705883,,4.28,10.8,5.666666666666667,,,66.0,1.6666666666666667,,,0.3404255319148936,76.5,,14.0,,,193.0,48.0,,83.75,,,8.642857142857142,6.857142857142857,,16.307692307692307,,20.833333333333332
Oravaichnium,,,,,,,,,,,,,,,,,,,,,,,,,,,,,,,,,,,,,,,,,,,,,,,,,,,,,,,,,,,,,,,,,,,,,,,,,,,,,,,,,,,,,,,,,,,,
Osculichnus,,,,,,,,,,,,,,,,,,,,,,,,,,,,,,,,,,,,,,,,,,,,,,,,,,,,,,,,,,,,,,,,,,,,,,,,,,,,,,,,,,,,,,,,,,,,
Palaeophycus,37.333333333333336,15.6,35.0,,,,,148.0,10.333333333333334,13.6,47.8,22.166666666666668,15.2,,,,9.333333333333334,,62.0,,,1.2727272727272727,1.8888888888888888,,,22.142857142857142,36.0,,,108.0,8.714285714285714,27.0,,,,,,,,68.66666666666667,57.0,6.666666666666667,0.9285714285714286,,,0.35294117647058826,,11.714285714285714,,3.7857142857142856,,,,4.28,0.8275862068965517,11.714285714285714,,,13.0,,,19.5,95.0,36.0,,0.0,55.0,55.0,,,79.0,19.0,,,2.41025641025641,117.0,,41.8,,,229.0,14.0,3.25,,,,1.4,10.428571428571429,,124.0,,14.833333333333334
Paleodictyon,,,,,,,,,,68.6,7.2,9.8,,7.857142857142857,,5.285714285714286,1.5,,,,,89.8,60.6,,,,19.0,,,,,,,,,,,,,,,,2.8,,,52.2,10.714285714285714,60.0,,66.0,,,,5.666666666666667,,,,,,,,,,0.9285714285714286,,55.0,,0.0,,,,,,,49.8,,,13.2,,,,,,,,,,,,,,87.0
Paleomeandron,,,,,,,,,,,,,,,,,,,,,,,,,,,,,,,,,,,,,,,,,,,,,,,,,,,,,,,,,,,,,,,,,,,,,,,,,,,,,,,,,,,,,,,,,,,,
Paradictyodora,,,,,,,,,,,,,,,,,,,,,,,,,,,,,,,,,,,,,,,,,,,,,,,,,,,,,,,,,,,,,,,,,,,,,0.0,,,,,,,,,,,,,,,,,,,,,,,
Parahaentzschelinia,,,,,,,,,,,,,,,,,,,,,,,,,,,,,,,,,,,,,,,,,,,,,,,,,,,,,,,,,,,,,,,,,,,,,,,,,,,,,,,,,,,,,,,,,,,,
Parataenidium,,,,,,,,,,,,,,,,,,,,,,,,,,,,,,,,,,,,,,,,,,,,,,,,,,,,,,,,,,,,,,,,,,,,,,,,,,,,,,,,,,,,,,,,,,,,
Parmaichnus,,,,,,,,,,,,,,,,,,,,,,,,,,,,,,,,,,,,,,,,,,,,,,,,,,,,,,,,,,,,,,,,,,,,,,,,,,,,,,,,,,,,,,,,,,,,
Parowanichnus,,,,,,,,,,,,,,,,,,,,,,,,,,,,,,,,,,,,,,,,,,,,,5.666666666666667,,,,,,,,0.0,,,,,23.333333333333332,,,,,,,,,,,,,,,,,,,,,,,,,,,,,,,,,,
Patagonichnus,,,,,,,,,,,,,,,,,,,,,,,,,,,,,,,,,,,,,,,,,,,,,,,,,,,,,,,,,,,,,,,,,,,,,,,97.0,,0.0,,,,,,,,,,,,,,,,,,,
Pennatulites,,,,,,,,,,,,,,,,,,,,,,,,,,,,,,,,,,,,,,,,,,,,,,,,,,,,,,,,,,,,,,,,,,,,,,,,,,,,,,,,,,,,,,,,,,,,
Pentichnus,,,,,,,,,,,,,,,,,,,,,,,,,,,,,,,,,,,,,,,,,,,,,,,,,,,,,,,,,,,,,,,,,,,,,,,,,,,,,,,,,,,,,,,,,,,,
Phoebichnus,,,,,,,,,,,,,,,,,,,,,,,,,,,,,,,,,,,,,,,,,,,,,,,,,,,,,,,,,,,,,,,,,,,,,,0.0,,,,,,,,,,,,,,,,,,,,,,
Pholeus,,,,,,,,,,,,,,,,,,,,,,,,,,,,,,,,,,,,,,,,,,,,,,,,,,,,,,,,,,,,,,,,,,,,,,,,,,,,,,,,,,,,,,,,,,,,
Phycodes,,,,,,0.0,,,,4.5,,,,,,,,2.3333333333333335,,,,,,,7.0,,,,,,,,,,,,,,,,,,,,,,,,,,,,,,,,,,,,,,,,,,,,,,,,,,,,,,,,,,,16.333333333333332,,,1.6666666666666667,,,,,
Phycosiphon,32.666666666666664,14.0,,,,,,,29.0,71.4,13.0,12.6,20.0,140.0,,,3.4545454545454546,,,,,16.333333333333332,20.5,,,56.0,21.8,,,,,34.0,,,,,,,,16.0,64.0,56.5,0.0,,,3.263157894736842,,2.75,,1.7058823529411764,,,,6.266666666666667,8.666666666666666,11.6,,,,,6.5,12.5,109.0,3.7777777777777777,,0.9285714285714286,1.4444444444444444,2.8,,,30.666666666666668,26.0,,,3.857142857142857,,,17.333333333333332,,,,,,23.0,,,3.375,,,69.0,,89.8
Phymatoderma,,,,,,,,,,,,,,,,,,,,,,,,,,,,,,,,,,,,,,,,,,,,,,74.0,,,,,,,,,,,,,,,,,,57.0,,,,,,,,,,,25.5,,0.0,,,,,,,,,,,,,,,
Pilichnus,,,,,,,,,,,,,,,,,,,,,,,,,,,,,,,,,,,,,,,,,,,,,,,,,,,,,,,,,,,,,,,,,,,,,,,,,,,,,,,,,,,,,,,,,,,,
Piscichnus,,,,,,,,,41.0,,,,,,,,8.6,,,,,45.666666666666664,,,,49.333333333333336,,,,,0.0,,,,,,,,,,,,,,,,,,,,,,,7.3,13.285714285714286,7.0,,,,,,,,,,8.714285714285714,,,,,,,,,6.0,,,,,,,,,,,,,1.7142857142857142,,,,
Planolites,8.666666666666666,13.2,61.0,,,,14.0,211.0,14.333333333333334,16.4,16.666666666666668,32.666666666666664,17.8,162.0,,,9.428571428571429,12.0,36.0,,41.0,3.4166666666666665,24.166666666666668,,,1.0909090909090908,33.2,,,171.0,,40.5,,,,,,,,53.8,70.5,4.7272727272727275,3.263157894736842,,,0.0,,4.666666666666667,57.0,0.5769230769230769,,,,1.1428571428571428,1.0434782608695652,0.6666666666666666,,,39.0,,,4.0,122.0,1.8888888888888888,,0.35294117647058826,12.5,52.2,,,26.0,32.5,,23.0,0.48717948717948717,13.5,74.0,21.0,,,292.0,147.0,,23.333333333333332,,,4.944444444444445,,,77.75,,4.333333333333333
Platicytes,,,,,,,,,,,,,,,,,,,,,,,,,,,,,,,,,,,,,,,,,,,,,,,,,,,,,,,,,,,,,,,,,,,,,,,,,,,,,,,,,,,,,,,,,,,,
Polarichnus,,,,,,,,,,,,,,,,,,,,,,,,,,,,,,,,,,,,,,,,,,,,,,,,,,,,,,,,,,,,,,,,,,,,,,,,,,,,,,,,,,,,,,,,,,,,
Polychoredrites,,,,,,,,,,,,,,,,,,,,,,,,,,60.0,,,,,,,15.0,,,,,,,,,,,,0.0,,,,,,,,5.666666666666667,,,,30.0,17.666666666666668,,,,,,,,,,,,,,,,,,,,,,,,,,,,,,,,,,
Polykampton,,,,,,,,,,,,,,,,,,,,,,,,,,,,,,,,,,,,,,,,,,,,,,,,,,,,,,,,,,,,,,,,,,,,,,,,,,,,,,,,,,,,,,,,,,,,
Polykladichnus,,,,,,,,237.0,,18.4,79.8,37.0,,,,,4.0,,,,,65.83333333333333,26.4,,,66.0,68.0,,,197.0,,,,,,,,,,295.0,,,89.8,,,4.333333333333333,,,,21.0,,,,20.833333333333332,,253.0,,,,,,,,82.4,,14.833333333333334,,87.0,,,,,,,37.2,28.0,,73.8,,,318.0,173.0,,,,,101.0,,,337.0,,0.0
Pramollichnus,,,,,,,,,,,,,,,,,,,,,,,,,,,,,,,,,,,,,,,,,,,,,,,,,,,,,,,,,,,,,,,,,,,,,,,,,,,,,,,,,,,,,,,,,,,,
Protopaleodictyon,,,,,,,,,,,,,,,,,,,,0.0,,,,,,,,,,,,,,,,,,,,,,,,,,,,,,,,,,,,,,,,,,,,,,,,,,,,,,,73.0,,,,,,,,,,,244.0,,,,,,
Protovirgularia,36.5,8.5,,,,,,,11.0,,,,49.0,,,,31.5,,,,,,,,,43.5,,,,,,46.5,,,,,,,,,76.5,,12.5,,,4.0,,,,68.0,,,,26.0,57.5,52.5,,,,,,0.0,,31.0,,19.5,,,,,,25.666666666666668,,,71.5,,,,,,,,,93.0,,,25.0,,,,,
Psammichnites,,,,,,,,,,,,,,,,,,,,,,,,,,,,,,,,,,,,,,,,,,,,,,,,,,,,,,,,,,,,,,,,,,,,,,,,,,,,,,,,,,,,,,,,,,,,
Psilonichnus,13.333333333333334,,,,,,,265.0,,,,250.0,,,,,,,,,,39.0,,,,25.0,,,,225.0,,,,,,,,,,323.0,,4.666666666666667,,,,13.5,,,,39.0,,,,76.5,,281.0,,,,,,,,,60.0,117.0,,,,,,,,,,0.0,,,,,346.0,201.0,,,,,6.8,,,365.0,,28.0
Ptychoplasma,,,,,,,,,,,,,,,,,,,,,,,,,,,,,,,,,,,,,,,,,,,,,,,,,,,,,,,,,,,,,,,,,,,,,,,,,,,,,,,,,,,,,,,,,,,,
Rebuffoichnus,,,,0.0,,,4.666666666666667,,,,,,,,,,,,,,,,,,,,,,,,,,,,,,,,,,,,,,,,,,,,,,,,,,,,,10.666666666666666,,,,,,,,,,,,,,,,,,,,,,,,,,,,,,,,
Rhizocorallium,28.0,0.0,77.0,,,,,,36.333333333333336,,,,40.5,,,,23.0,,20.0,,,46.0,,,,35.0,,,,,,55.0,,,,,,,,50.0,85.0,59.0,14.0,,,13.2,,40.0,,9.0,,,,8.75,15.25,12.5,,,55.0,,,8.5,,39.5,,15.6,,,,,,47.0,,,10.0,,,,,,,,,,,,5.0,,,,,
Rosselia,20.0,36.333333333333336,,,,,,,0.0,6.0,,,32.5,,,,41.8,,,,,4.25,,,202.0,7.666666666666667,,,,,41.0,23.666666666666668,,,,,,,,59.0,93.0,1.5,29.0,,,14.333333333333334,,,,32.333333333333336,,,,20.571428571428573,18.0,16.0,,,,,,11.0,,47.5,,10.333333333333334,130.66666666666666,,,,21.0,10.0,,,26.5,,,,,,,,,91.0,,,94.0,,,,,
Rusophycus,,,,,,,,,,,,,,,0.0,,,,,,,,,,,,,,,,,,,,,,,,,,,,,,,,,,,,,,,,14.0,,,,,,,,,,,,,,,,,,,,,,,,,,,10.0,,,,,,,,,,
Rutichnus,,,,,,,,,,,,,,,,,,,,,,,,,,,,,,,,,,,,,,,,,,,,,,,,,,,,,,,,,,,,,,,,,,,,,,,,,,,,,,,,,,,,,,,,,,,,
Sagittichnus,,,,,,,,,,,,,,,,,,,,,,,,,,,,,,,,,,,,,,,,,,,,,,,,,,,,,,,,,,,,,,,,,,,,,,,,,,,,,,,,,,,,,,,,,,,,
Saronichnus,,,,,0.0,,,,,,,,,,,,,,,,,,,,,,,,,,,,,,,,,,,,,,,,,,,,,,,,,,,,,,,,,,,,,,,,,,,,,,,,,,,,,,,,,,,,,,,
Scalarituba,,,,,,,,,,,,,,,,,,,,,,,,,,,,,,,,,,,,,,,,,,,6.5,,,,,,,,,,,,,,,,,,0.0,,,,,,,,,,,,,,,,,,,,,,,,,,8.0,,,,,
Scalichnus,,,,,,,,,,,,,,,,,3.4285714285714284,,,,,,,,,,,,,,1.7142857142857142,,,,,,,,,,,,,,,,,,,,,,,6.857142857142857,15.0,8.714285714285714,,,,,,,,,,10.428571428571429,,,,,,,,,8.857142857142858,,,,,,,,,,,,,0.0,,,,
Scaphichnium,,,,,,,,,,,,,,,,,,,,,,,,,,,,,,,,,,,,,,,,,,,,,,,,,,,,,,,,,,,,,,,,,,,,,,,,,,,,,,,,,,,,,,,,,,,,
Schaubcylindrichnus,31.0,,,,,,,,130.66666666666666,,,,,,,,10.25,,,,,,,,180.0,27.0,,,,,,,,,,,,,,84.0,,99.0,1.4444444444444444,,,12.5,,89.0,,122.0,,,,10.8,,,,,,,,,150.0,81.0,,55.0,0.0,,,,134.0,,,,9.4,,,,,,,,,15.0,,,56.0,,,110.0,,
Scolicia,3.3333333333333335,23.0,,,,,,,41.8,1.625,75.8,73.2,17.5,5.285714285714286,,2.7142857142857144,0.0,,,,,22.3,22.4,,,13.125,64.0,,,,8.6,78.0,,,,,,,,3.3333333333333335,108.0,120.0,3.4545454545454546,,,9.428571428571429,8.142857142857142,16.333333333333332,,2.8666666666666667,,,,6.228571428571429,7.363636363636363,2.3636363636363638,,,,,,31.5,171.0,8.090909090909092,,9.333333333333334,10.25,1.5,,,18.0,70.0,,,0.52,,,69.8,,,,,,39.666666666666664,,,2.6,3.4285714285714284,,131.0,,4.0
Scoyenia,,,,,,,,,,,,,10.0,,,,,,,,,,42.5,,,,,,,,,,,,,,,,,,,,,,,,,,,,,,,,1.5714285714285714,,,,,,,,,,,3.25,,,,,,,,,,,,,,,,,0.0,,,,,,,,,
Sinusichnus,,,,,,,,,,,,,,,,,,,,244.0,,,,,,,,,,,,,,,,,,,,,,,,,,,,,,,,,,,,,,,,,,,,,,,,,,,,,,,171.0,,,,,,,,,,,0.0,,,,,,
Siphonichnus,0.0,28.0,,,,,,,20.0,,,,12.5,,,,3.3333333333333335,,,,,,,,,12.6,,,,,,83.0,,,,,,,,115.0,113.0,6.5,32.666666666666664,,,8.666666666666666,,58.0,,69.66666666666667,,,,41.666666666666664,21.0,89.0,,,,,,36.5,181.0,67.5,,37.333333333333336,31.0,,,,165.0,75.0,,,23.333333333333332,13.333333333333334,,,,,,,,,,,25.0,,,141.0,,
Skolichnus,,,,,,,,,,,,,,,,,,,,,,,,,,,,,,,,,,,,,,,,,,,,,,,,,,,,,,,,,,,,,,,,,,,,,,,,,,,,,,,,,,,,,,,,,,,,
Skolithos,12.6,35.0,,,,,26.0,303.0,7.666666666666667,,,288.0,5.5,,,,13.125,,,,53.0,1.9090909090909092,,,18.0,0.0,,,,263.0,49.333333333333336,90.0,45.0,,,,,,,180.5,120.0,1.5555555555555556,56.0,,60.0,1.0909090909090908,,12.0,,55.75,,,,0.5161290322580645,3.6923076923076925,2.4,30.0,,,,,43.5,,74.5,,22.142857142857142,27.0,,,,,1.8666666666666667,,11.0,11.5,25.0,,,,,384.0,239.0,,1.7333333333333334,,,5.833333333333333,,,36.63636363636363,,66.0
Socialites,,,,,,,,,,,,,,,,,,,,,,,,,,,,,,,,,,,,,,,,,,,,,,,,,,,,,,,,,,,,,,,,,,,,,,,,,,,,,,,,,,,,,,,,,,,,
Spirodesmos,,,,,,,,,,,,,,,,,,,,,,,,,,,,,29.5,,,,,,,,,,,,,,,,,,,,,,,,,,,,,,,,,,,,,,,,,,,,,,,,,,,0.0,,,,,,,,,,,,
Spirographites,,,,,,,,,,,,,,,,,,,,,,,,,,,,,,,,,,,,,,,,,,,,,,,,,,,,,,,,,,,,,,,,,,,,,,,,,,,,,,,,,,,,,,,,,,,,
Spirophycus,,,,,,,,,,,,,,,,12.0,,,,,,,,,,,,0.0,,,,,,,,,,,,,,,,,,,8.0,,,,,,,,,,,,,,,,,180.0,,,,,,,,,,,,,,,,,,,,,,,,,,,,
Spirophyton,,,,,,,,,,,,,,,,,,,,,,,,,,,,,,,,,,,,,,,,,,,,,,,,,,,,,,,,,,,,,,,,,,,,,,,,,,,,,,,,,,,,,,,,,,,,
Spirorhaphe,,,,,,,,,,,,,,2.5714285714285716,,0.0,2.7142857142857144,,,,,,,,,,,12.0,,,,,,,,,,,,,,,,,,,2.5,,,,,,,,,,,,,,,,,21.0,,,,5.285714285714286,,,,,,,,,,,,,,,,,,,,,,,,
Spongeliomorpha,12.5,40.5,,,,,,,32.5,,,,0.0,,,,17.5,,,,,,,,,5.5,,,,,,95.5,,,,,,,,,125.5,,20.0,,,17.8,,,,117.0,,,,5.4,5.666666666666667,101.5,,,,,,49.0,,80.0,,15.2,,,,,,87.5,,,3.0,,,,,,,,10.0,,,,,,,,,
Steinichnus,,,,,,,,,,,,,,,,,,,,,,,,,,,,,,,,,,,,,,,,,,,,,,,,,,,,,,,,,,,,,,,,,,,,,,,,,,,,,,,,,,,,,,,,,,,,
Stelloglyphus,,,,,,,,,,,,,,,,,,,,,,,,,,,,,,,,,,,,,,,,,,,,,,,,,,,,,,,,,,,,,,,,,,,,,,,,,,,,,,,,,,,,,,,,,,,,
Streptichnus,,,,,,,,,,,,,,,,,,,,,,,,,,,,,,,,,,,,,,,,,,,,,,,,,,,,,,,,,,,,,,,,,,,,,,,,,,,,,,,,,,,,,,,,,,,,
Strobilorhaphe,,,,,,,,,,,,,,,,,,,,,,,,,,,,,,,,,,,,,,,,,,,,,,,,,,,,,,,,,,,,,,,,,,,,,,,,,,,,,,,,,,,,,,,,,,,,
Syringomorpha,,,,,,,,,,,,,,,,,,,,,,,,,,,,,,,,,,,,,,,,,,,,,,,,,,,,,,,,,,,,,,,,,,,,,,,,,,,,,,,,,,,,,,,,,,,,
Taenidium,21.0,15.25,,,,,10.25,,18.0,,,,5.666666666666667,,14.0,,7.363636363636363,,,,16.0,24.0,52.5,,,3.6923076923076925,,,,,13.285714285714286,104.0,,,,,,,,,134.0,22.5,8.666666666666666,,,1.0434782608695652,,31.4,,26.363636363636363,,,,3.0833333333333335,0.0,0.6,,,,7.666666666666667,,57.5,,88.5,13.0,0.8275862068965517,,,,,,96.0,,48.0,6.178571428571429,,,,,,,24.0,1.5714285714285714,9.25,,,9.2,15.0,,,,
Tasselia,,,,,,,,,,,,,,,,,,,,,,,,0.0,,,,,,,,,,,,,,,,,,,,,,,,,,,,,,,,,,,,,,,,,,,,,,,,,,,,,,,,,,,,,,,,,,,,
Teichichnus,25.0,5.0,,,,1.6666666666666667,,338.0,94.0,6.166666666666667,,323.0,,,,,2.6,4.0,,,,4.0,,,8.666666666666666,5.833333333333333,,,,298.0,,,,,,,,,,79.2,,12.875,3.375,,,4.944444444444445,,7.75,,2.857142857142857,,,,8.642857142857142,9.2,39.333333333333336,,,,,8.0,25.0,206.0,,,1.4,56.0,,,,22.333333333333332,,,,8.307692307692308,6.8,,,,,419.0,274.0,,12.0,,,0.0,,,219.0,,101.0
Teisseirei,,,,10.666666666666666,,,3.0,,,,,,,,,,,,,,,,,,,,,,,,,,,,,,,,,,,,,,,,,,,,,,,,7.666666666666667,,,,,0.0,,,,,,,,,,,,,,,,,,,,,,,,,,,,,,,,
Termitichnus,,,,,,,,,,,,,,,,,,,,,,,,,,,,,,,,,,,,,,,,,,,,,,,,,,,,,,,,,,,,,,,,,,,,,,,,,,,,,,,,,,,,,,,,,,,,
Thalassinoides,23.333333333333332,10.0,,,,,,,26.5,18.8,42.6,40.0,3.0,,,,0.52,131.0,,73.0,,11.833333333333334,10.8,,21.571428571428573,11.5,30.8,,,,6.0,118.0,,,,,,,,25.0,148.0,56.0,3.857142857142857,,,0.48717948717948717,,5.8,38.0,4.178571428571429,,,,0.3404255319148936,6.178571428571429,1.3571428571428572,,,,,,71.5,219.0,2.3333333333333335,,2.41025641025641,9.4,49.8,,,5.333333333333333,27.5,,,0.0,,25.5,36.6,,,,,,13.25,,171.0,8.307692307692308,8.857142857142858,,179.0,,37.2
Tisoa,,,,,,,,,,,,,,,,,,,,,,,,,,,,,,,,,,,,,,,,,,,,,,,,,,,,,,,,,,,,,,,,,,,,,,,,,,,,,,,,,,,,,,,,,,,,
Torrowangea,,,,,,,,,,,,,,,,,,,,,,,,,,,,,,,,,,,,,,,,,,,,,,,,,,,,,,,,,,,,,,,,,,,,,,,,,,,,,,,,,,,,,,,,,,,,
Treptichnus,,,,,,,,,,,,,,,,,,,,,,,,,,,,,0.0,,,,,,,,,,,,,,,,,,,,,,,,,,,,,,,,,,,,,,,,,,,,,,,,,,,29.5,,,,,,,,,,,,
Trichichnus,,20.0,97.0,,,,,,,,,,,,,,,,0.0,,,,,,,,,,,,,,,,,,,,,,,,,,,36.0,,20.0,,,,,,,,,,,75.0,,,,,,,62.0,,,,,,,,,,,,,,,,,,,,,,,,,,
Trichophycus,,,,,,,,,,,,,,,,,,,,,,,,,,,,,,,,,,,,,,,,,,,,,,,,,,,,,,,,,,,,,,,,,,,,,,,,,,,,,,,,,,,,,,,,,,,,
Tuberculichnus,,,,,,,,,,,,,,,,,,,,,,,,,,,,,,,,,,,,,,,,,,,,,,,,,,,,,,,,,,,,,,,,,,,,,,,,,,,,,,,,,,,,,,,,,,,,
Unisulcus,,,,,,,,,,,,,,,,,,,,,,,,,,,,,,,,,,,,,,,,,,,,,,,,,,,,,,,,,,,,,,,,,,,,,,,,,,,,,,,,,,,,,,,,,,,,
Urohelminthoida,,,,,,,,,,,,,,,,,,,,,,,,,,,,,,,,,,,,,,,,,,,,,,,,,,,,,,,,,,,,,,,,,,,,,,,,,,,,,,,,,,,,,,,,,,,,
Vagorichnus,,,,,,,,,,,,,,,,,,,,,,,,,,,,,,,,,,,,,,0.0,,,,,,,,,,,,,,,,,,,,,,,,,,,,,,,,,,,,,,,,,,,,,,,,,,,,,,
Virgaichnus,,,,,,,,,,,,,,,,,,,,,,,,,,,,,,,,,,,,,,,,,,,,,,,,,,,,,,,,,,,,,,,,,,,,,,,,,,,,,,,,,,,,,,,,,,,,
Volkichnium,,,,,,,,,,,,,,,,,,,,,,,,,,,,,,,,,,,,,,,,,,,,,,,,,,,,,,,,,,,,,,,,,,,,,,,,,,,,,,,,,,,,,,,,,,,,
Walpia,,,,,,,,,,,,,,,,,,,,,,,,,,,,,,,,,,,,,,,,,,,,,,,,,,,,,,,,,,,,,,,,,,,,,,,,,,,,,,,,,,,,,,,,,,,,
Yangziichnus,,,,,,,,,,,,,,,,,,,,,,,,,,,,,,,,,,,,,,,,,,,,,,,,,,,,,,,,,,,,,,,,,,,,,,,,,,,,,,,,,,,,,,,,,,,,
Zavitokichnus,,,,,,,,,,,,,,,,,,,,,,,,,,,,,,,,,,,,,,,,,,,,,,,,,,,,,,,,,,,,,,,,,,,,,,,,,,,,,,,,,,,,,,,,,,,,
Zoophycos,58.0,40.0,117.0,,,,,,,,,,,,,,16.333333333333332,,20.0,,,,,,,12.0,,,,,,,,,,,,,,19.666666666666668,,188.0,2.75,,,4.666666666666667,,0.0,,0.4230769230769231,,,,47.0,31.4,37.5,,,95.0,,,,239.0,25.0,,11.714285714285714,89.0,60.0,,,34.333333333333336,,,,5.8,,,,,,,,,3.6666666666666665,,,7.75,,,199.0,,
