,Isopodichnus,Siphonichnus,Gyrochorte,Mammillichnis,Rhizocorallium,Camborygma,Fontanai,Phycodes,Archaeonassa,Katbergia,Catenichnus,Rosselia,Lorenzinia,Laevicyclus,Lophoctenium,Spongeliomorpha,Cosmorhaphe,Rusophycus,Spirorhaphe,Loloichnus,Scolicia,Megagrapton,Ptychoplasma,Trichichnus,Termitichnus,Protopaleodictyon,Coprinisphaera,Arenicolites,Helminthopsis,Dactyloidites,Skolithos,Treptichnus,Helicodromites,Macanopsis,Unisulcus,Bifungites,Vagorichnus,Diplocraterion,Balanoglossites,Cylindrichnus,Phycosiphon,Attaichnus,Planolites,Curvolithus,Halopoa,Zoophycos,Ctenopholeus,Neonereites,Chondrites,Trichophycus,Pholeus,Psammichnites,Parowanichnus,Ophiomorpha,Taenidium,Monocraterion,Gyrolithes,Ellipsoideichnus,Teisseirei,Scalarituba,Protovirgularia,Alcyonidiopsis,Nereites,Monesichnus,Palaeophycus,Paleodictyon,Bergaueria,Asterosoma,Mixoteichichnus,Macaronichnus,Entradichnus,Thalassinoides,Diplichnites,Cylindricum,Biformites,Fuersichnus,Arachnostega,Tisoa,Didymaulichnus,Lockeia,Scoyenia,Cruziana,Labyrintichnus,Circulichnis,Teichichnus,Ancorichnus,Compaginatichnus,Lingulichnus,Cochlichnus,Conichnus,Oldhamia
Aglaspidichnus,,,,,,,,,,,,,,,,,,,,,,,,,,,,,,,,,,,,,,,,,,,,,,,,,,,,,,,,,,,,,,,,,,,,,,,,,,,,,,,,,,,,,,,,,,,
Alcyonidiopsis,,,,,,,,,,,,,,,,,,,,,,,,,,,,,,,,,,,,,,,,,,,37.5,,,5.5,,,,,,,,,,,,,,,,0.0,,,30.0,,,,,,,,,,,,,,,,,,,,21.5,,8.0,,,,
Alectorurus,,,,,,,,,,,,,,,,,,,,,,,,,,,,,,,,,,,,,,,,,,,,,,,,,,,,,,,,,,,,,,,,,,,,,,,,,,,,,,,,,,,,,,,,,,,
Altichnus,,,,,,,,,,,,,,,,,,,,,,,,,,,,,,,,,,,,,,,,,,,,,,,,,,,,,,,,,,,,,,,,,,,,,,,,,,,,,,,,,,,,,,,,,,,
Amanitichnus,,,,,,,,,,,,,,,,,,,,,,,,,,,,,,,,,,,,,,,,,,,,,,,,,,,,,,,,,,,,,,,,,,,,,,,,,,,,,,,,,,,,,,,,,,,
Ancorichnus,,,,,8.0,,,,,,,,,,,,,,,,,,,,,,,,,,26.5,,,,,,,34.5,,22.5,,,14.0,,,,,,,,,,,,,,6.5,,,,,,,,21.0,,,,,,,12.5,,,,,,,,,,,,,,0.0,,,,,
Arachnostega,,,,,30.75,,,37.5,,,,,,,,,,,,,,,,,,,,,,,,,,,,,,,,,,,,43.0,,,,,,,4.5,,,,,,,,,,35.0,,,,,,52.0,,,,,25.75,,,,,0.0,,,39.75,,,,,,,,,49.0,45.75,
Archaeonassa,,,,,,,,,0.0,,,,,,,,,41.0,,,,,,,,,,,108.0,,,28.0,,,,,,,,,,,,,,,,,,,,,,,,,,,,,,,,,14.0,,,,,,,,77.0,,,,,,93.0,,,54.0,,,,,,,170.0,,
Arenicolites,,20.5,26.142857142857142,,20.333333333333332,,,6.9,,,,6.5,,6.428571428571429,,22.6,85.0,,,,94.0,,,26.0,,,,0.0,34.0,41.0,0.7727272727272727,19.5,56.0,,,3.5,,2.25,,3.25,,,3.4166666666666665,,,,,,2.0,,,,,43.5,26.0,12.0,,,,,,,13.0,,3.4375,190.0,,,,,,3.7,,,,2.8,,,72.0,6.9375,,1.75,,48.0,28.75,,,8.0,98.0,,
Arenituba,,,,,,,,,,,,,,,,,,,,,,,,,,,,,,,,,,,,,,,,,,,,,,,,,,,,,,,,,,,,,,,,,,,,,,,,,,,,,,,,,,,,,,,,,,,
Arthrophycus,,,,,,,,,,,,,,,,,,,,,,,,,,,,,,,,,,,,,,,,,,,,,,,,,,,,,,,,,,,,,,,,,,,,,,,,,,,,,,,,,,,,,,,,,,,
Artichnus,,,,,,,,,,,,,,,,,,,,,,,,,,,,,,,,,,,,,,,,,,,,,,,,,,,,,,,,,,,,,,,,,,,,,,,,,,,,,,,,,,,,,,,,,,,
Astacimorphichnus,,,,,,,,,,,,,,,,,,,,,,,,,,,,,,,,,,,,,,,,,,,,,,,,,,,,,,,,,,,,,,,,,,,,,,,,,,,,,,,,,,,,,,,,,,,
Asterosoma,,,,,51.0,,,40.0,,,,6.833333333333333,,,,69.5,,,,,,,,,,,,,,,5.428571428571429,,,,,,,18.5,,2.0,1.7142857142857142,,45.0,,,18.0,,,,,,,,,,,,,,5.0,,,,,4.5,,,0.0,,,,6.090909090909091,,,,,,,,,,13.5,,,8.5,,,,,,
Asthenopodichnium,,,,,,,,,,,,,,,,,,,,,,,,,,,,,,,,,,,,,,,,,,,,,,,,,,,,,,,,,,,,,,,,,,,,,,,,,,,,,,,,,,,,,,,,,,,
Astropolichnus,,,,,,,,,,,,,,,,,,,,,,,,,,,,,,,,,,,,,,,,,,,,,,,,,,,,,,,,,,,,,,,,,,,,,,,,,,,,,,,,,,,,,,,,,,,
Atollites,,,,,,,,,,,,,,,,,,,,,,,,,,,,,,,,,,,,,,,,,,,,,,,,,,,,,,,,,,,,,,,,,,,,,,,,,,,,,,,,,,,,,,,,,,,
Attaichnus,,,,,,,76.0,,,,,,,,,,,,,,,,,,,,,,,,,,,,,,,,,,,0.0,,,,,,,,,,,15.0,,,,,95.0,90.0,,,,,63.0,,,,,,,,,,,,,,,,,,,,,,,,,,,
Augerinoichnus,,,,,,,,,,,,,,,,,,,,,,,,,,,,,,,,,,,,,,,,,,,,,,,,,,,,,,,,,,,,,,,,,,,,,,,,,,,,,,,,,,,,,,,,,,,
Avetoichnus,,,,,,,,,,,,,,,,,,,,,,,,,,,,,,,,,,,,,,,,,,,,,,,,,,,,,,,,,,,,,,,,,,,,,,,,,,,,,,,,,,,,,,,,,,,
Balanoglossites,,,,,2.090909090909091,,,,,,,,,,,,,,,,,,,,,,,,49.0,,,,,,,,,,0.0,,65.0,,9.833333333333334,,,,,,13.5,,4.25,,,,81.0,,,,,,,,,,,,,,7.5,,,6.142857142857143,,,,,,,,,,,,,,,,,,,
Bathichnus,,,,,,,,,,,,,,,,,,,,,,,,,,,,,,,,,,,,,,,,,,,,,,,,,,,,,,,,,,,,,,,,,,,,,,,,,,,,,,,,,,,,,,,,,,,
Beaconites,,,,,,,,,,,,,,,,,,,,,,,,,,,,,,,,,,,,,,,,,,,,,,,,,,,,,,,,,,,,,,,,,,,,,,,,,,,,,,,,,,,,,,,,,,,
Belorhaphe,,,,,,,,,,,,,,,,,,,,,,,,,,,,,,,,,,,,,,,,,,,,,,,,,,,,,,,,,,,,,,,,,,,,,,,,,,,,,,,,,,,,,,,,,,,
Bergaueria,,,,,21.25,,,14.5,,,,,,,,,,,,,,,,,,,,,,,,,,,,,,,,,,,,9.0,,,,,,,56.5,,,,,,,,,,17.0,,,,,,0.0,,,,,26.25,,,,,52.0,,,12.25,,,,,,,,,3.0,6.25,
Bichordites,,,,,,,,,,,,,,,,,,,,,,,,,,,,,,,,,,,,,,,,,,,,,,,,,,,,,,,,,,,,,,,,,,,,,,,,,,,,,,,,,,,,,,,,,,,
Biformites,33.0,,,,,,,,,,,,,,,,,21.0,,,,,,,,,,,,,,,,,62.0,,,,,,,,74.0,,,,,,,,,,,,,,,,,,,,,,,,,,,,,,,,0.0,,,,,,,12.0,,,,,,,,,
Bifungites,,,,,7.5,,,,,,,3.0,,,,,,,,,,,,,,,,3.5,,,6.5,,,,,0.0,,17.25,,,,,,,,,,,,,,,,,,,,,,,,,,,,,,,,,,,,,,,,,,,,,,,,,,,,,
Bolonia,,,,,,,,,,,,,,,,,,,,,,,,,,,,,,,,,,,,,,,,,,,,,,,,,,,,,,,,,,,,,,,,,,,,,,,,,,,,,,,,,,,,,,,,,,,
Bornichnus,,,,,,,,,,,,,,,,,,,,,,,,,,,,,,,,,,,,,,,,,,,,,,,,,,,,,,,,,,,,,,,,,,,,,,,,,,,,,,,,,,,,,,,,,,,
Brooksella,,,,,,,,,,,,,,,,,,,,,,,,,,,,,,,,,,,,,,,,,,,,,,,,,,,,,,,,,,,,,,,,,,,,,,,,,,,,,,,,,,,,,,,,,,,
Calceoformites,,,,,,,,,,,,,,,,,,,,,,,,,,,,,,,,,,,,,,,,,,,,,,,,,,,,,,,,,,,,,,,,,,,,,,,,,,,,,,,,,,,,,,,,,,,
Camborygma,,,,,,0.0,,,,,,,,,,,,,,,,,,,,,,,,,,,,,,,,,,,,,,,,,,,,,,,,,,,,,,,,,,,,,,,,,,,,,,,,,,,,,,,,,,,,,
Capodistria,,,,,,,,,,,,,,,,,,,,,,,,,,,,,,,,,,,,,,,,,,,,,,,,,,,,,,,,,,,,,,,,,,,,,,,,,,,,,,,,,,,,,,,,,,,
Cardioichnus,,,,,,,,,,,,,,,,,,,,,,,,,,,,,,,,,,,,,,,,,,,,,,,,,,,,,,,,,,,,,,,,,,,,,,,,,,,,,,,,,,,,,,,,,,,
Castrichnus,,,,,,,,,,,,,,,,,,,,,,,,,,,,,,,,,,,,,,,,,,,,,,,,,,,,,,,,,,,,,,,,,,,,,,,,,,,,,,,,,,,,,,,,,,,
Catenichnus,,,,,25.0,,,,,,0.0,,,,,42.0,,,,,,,,,,,,,13.0,,,,,,,,,,,,,,,,,,,,,,,,,,32.0,,,,,,,,,,,,,,,,,,,,,,,,,9.0,,,,,,,,,,,
Chagrinichnites,,,,,,,,,,,,,,,,,,,,,,,,,,,,,,,,,,,,,,,,,,,,,,,,,,,,,,,,,,,,,,,,,,,,,,,,,,,,,,,,,,,,,,,,,,,
Chondrites,,,28.166666666666668,,5.142857142857143,,,4.923076923076923,,,,,57.5,12.857142857142858,90.0,,13.0,,77.0,,80.0,67.0,,23.2,,66.0,,2.0,13.333333333333334,27.0,8.857142857142858,17.166666666666668,42.0,,,,,139.0,13.5,6.0,53.0,,1.6111111111111112,,,11.0,8.0,7.833333333333333,0.0,,,,,50.333333333333336,45.0,9.666666666666666,,,,,,,202.0,,11.2,93.0,,,,,,4.333333333333333,,,,,,,,17.5,,10.5,,,33.666666666666664,,,,2.0,,6.0
Circulichnis,,,236.0,,,,,,,,,,,62.0,,,37.0,,,,,,,,,,,48.0,,,,186.0,,,,,,,,,,,18.0,,,,,,,,,,,,,,,,,,,,,,117.0,,,,,,,166.0,,,,,,,24.0,,,,,0.0,,,,,50.0,,
Cladichnus,,,,,,,,,,,,,,,,,,,,,,,,,,,,,,,,,,,,,,,,,,,,,,,,,,,,,,,,,,,,,,,,,,,,,,,,,,,,,,,,,,,,,,,,,,,
Climactichnites,,,,,,,,,,,,,,,,,,,,,,,,,,,,,,,,,,,,,,,,,,,,,,,,,,,,,,,,,,,,,,,,,,,,,,,,,,,,,,,,,,,,,,,,,,,
Cochlichnus,,,286.0,,18.25,,,5.2,170.0,,,,,14.666666666666666,,,13.0,211.0,,,,,,,,,,98.0,12.4,,4.222222222222222,99.0,,8.2,,,,,,,,,1.1428571428571428,6.0,,,,5.833333333333333,2.0,,53.5,,,,6.0,,,,,,14.0,,,,2.25,,3.0,,,,,18.6,3.375,,,6.6,49.0,,38.5,4.111111111111111,,38.666666666666664,,50.0,,,,,0.0,3.25,9.0
Compaginatichnus,,,,,,,,,,,,,,,,,,,,,,,,,,,,,,,,,,,,,,,,,,,45.5,,,13.5,,,,,,,,,,,,,,,,8.0,,,38.0,,,,,,,,,,,,,,,,,,,,13.5,,0.0,,,,
Conichnus,,,,,10.0,,,8.25,,,,,,,,84.5,,78.5,,,,,,,,,,,,,,102.5,,,,,,,,,,,56.0,2.75,24.5,,,,,,50.25,,,,,,,,,,7.166666666666667,,,,49.0,,6.25,,,,,11.428571428571429,10.5,,,,45.75,,,4.0,,5.5,,,,,,,3.25,0.0,
Conostichus,,,,,,,,,,,,,,,,,,,,,,,,,,,,,,,,,,,,,,,,,,,,,,,,,,,,,,,,,,,,,,,,,,,,,,,,,,,,,,,,,,,,,,,,,,,
Coprinisphaera,,,,,,,,,,,,,,,,,,,,,,,,,,,0.0,,,,,,,,,,,,,,,,,,,,,,,,,,,,,,,,,,,,,,,,,,,,,,,,,,,,,,,,,,,,,,,,
Cornulatichnus,,,,,,,,,,,,,,,,,,,,,,,,,,,,,,,,,,,,,,,,,,,,,,,,,,,,,,,,,,,,,,,,,,,,,,,,,,,,,,,,,,,,,,,,,,,
Cosmorhaphe,,,6.75,19.0,44.666666666666664,,,37.0,,,,,,99.0,,,0.0,,,,,24.0,,,,79.0,,85.0,,,,223.0,,,,,,,,,16.5,,21.25,,,,,,13.0,,,,,,,,,,,,,,215.0,,24.25,,,,,,,203.0,,,,,,,13.0,,,,,37.0,,,,,13.0,,56.0
Cruziana,21.0,12.8,,,1.4642857142857142,,,20.444444444444443,54.0,,,34.5,,11.5,,0.4883720930232558,,3.8,,,,,,,,,,1.75,54.0,,0.5185185185185185,11.5,,,50.0,,,13.0,,11.75,32.333333333333336,,2.25,,21.666666666666668,,,,10.5,3.7777777777777777,,,,,180.0,,,,,,56.5,,,,1.2916666666666667,,,13.5,,,,1.825,0.3448275862068966,,12.0,,,,39.0,3.2,,0.0,,,8.142857142857142,,,6.0,38.666666666666664,5.5,
Ctenopholeus,,,,,,,,,,,,,49.5,37.0,,,,,,,,59.0,,,,,,,12.0,,,,,,,,,,,,,,,,,,0.0,,8.0,,,,,67.5,,,,,,,,,,,76.0,85.0,,,,,,,,,,,,,,,,,,,,,,,,,
Curvolithus,,,,,12.25,,,5.5,,,,,,,,,,,,,,,,,,,,,,,,,,,,,,,,,,,,0.0,,,,,,,47.5,,,,,,,,,,8.0,,,,,,9.0,,,,,17.25,,,,,43.0,,,3.25,,,,,,,,,6.0,2.75,
Cylindrichnus,,18.166666666666668,15.0,,8.714285714285714,,,6.142857142857143,,,,2.9,,31.0,,12.714285714285714,,,,,,,,64.0,,,,3.25,,15.0,2.1333333333333333,,30.0,,,,,1.0,,0.0,7.571428571428571,,7.384615384615385,,,,,,6.0,,,,,8.25,147.0,3.75,16.0,,,,,,,,0.6818181818181818,,,2.0,,,,2.75,,,,,,,,9.666666666666666,,11.75,,,2.6,22.5,,44.0,,,
Cylindricum,,,,,,,,,,,,,,,,,,,,,,,,,,,,,,,,,,,,,,,,,,,,,,,,,,,,,,,,,,,,,,,,,,,,,,,,,,0.0,,,,,,,,,,,,,,,,,
Dactyloidites,,,,,81.0,,,59.0,,,,,,,,,,,,,,,,,,,,41.0,,0.0,97.0,,15.0,,,,,,,15.0,,,69.0,,,,,,27.0,,,,,46.0,,31.0,,,,,,,,,,,,,,,,124.0,,,,,,,,,,,,,108.0,,,,,,
Dactylophycus,,,,,,,,,,,,,,,,,,,,,,,,,,,,,,,,,,,,,,,,,,,,,,,,,,,,,,,,,,,,,,,,,,,,,,,,,,,,,,,,,,,,,,,,,,,
Daedalus,,,,,,,,,,,,,,,,,,,,,,,,,,,,,,,,,,,,,,,,,,,,,,,,,,,,,,,,,,,,,,,,,,,,,,,,,,,,,,,,,,,,,,,,,,,
Daimonelix,,,,,,,,,,,,,,,,,,,,,,,,,,,,,,,,,,,,,,,,,,,,,,,,,,,,,,,,,,,,,,,,,,,,,,,,,,,,,,,,,,,,,,,,,,,
Daimoniobarax,,,,,,,,,,,,,,,,,,,,,,,,,,,,,,,,,,,,,,,,,,,,,,,,,,,,,,,,,,,,,,,,,,,,,,,,,,,,,,,,,,,,,,,,,,,
Dendrotichnium,,,,,,,,,,,,,,,,,,,,,,,,,,,,,,,,,,,,,,,,,,,,,,,,,,,,,,,,,,,,,,,,,,,,,,,,,,,,,,,,,,,,,,,,,,,
Desmograpton,,,,,,,,,,,,,,,,,,,,,,,,,,,,,,,,,,,,,,,,,,,,,,,,,,,,,,,,,,,,,,,,,,,,,,,,,,,,,,,,,,,,,,,,,,,
Dictyodora,,,,,,,,,,,,,,,,,,,,,,,,,,,,,,,,,,,,,,,,,,,,,,,,,,,,,,,,,,,,,,,,,,,,,,,,,,,,,,,,,,,,,,,,,,,
Didymaulichnus,3.3333333333333335,,260.0,,,,,,93.0,,,,,86.0,,,13.0,134.0,,,,,,,,,,72.0,15.0,,,60.5,,,,,,,,,,,4.75,,,,,,,,,,,19.333333333333332,,,,,,,,,,,16.125,,,,,,,17.5,16.0,,,,,,0.0,,,39.0,,24.0,,,,,38.5,,
Didymaulyponomos,,,,,,,,,,,,,,,,,,,,,,,,,,,,,,,,,,,,,,,,,,,,,,,,,,,,,,,,,,,,,,,,,,,,,,,,,,,,,,,,,,,,,,,,,,,
Dimorphichnus,,,,,,,,,,,,,,,,,,,,,,,,,,,,,,,,,,,,,,,,,,,,,,,,,,,,,,,,,,,,,,,,,,,,,,,,,,,,,,,,,,,,,,,,,,,
Diplichnites,,,,,1.24,,,,77.0,,,,,,,2.36,,5.875,,,,,,,,,,,31.0,,,14.571428571428571,,2.8,,,,,,,,,9.75,,23.333333333333332,,,,,4.380952380952381,,,,,97.0,,,,,,51.5,,,,6.75,,,,,,,3.16,0.0,,,18.6,,,16.0,25.5,,0.3448275862068966,,,,,,,3.375,10.5,
Diplocraterion,,15.666666666666666,9.5,,3.0434782608695654,,,4.666666666666667,,,,5.1,,16.0,,10.571428571428571,,,,,,,,,,,,2.25,,,0.7894736842105263,,,,,17.25,,0.0,,1.0,6.333333333333333,,2.05,,,,,,139.0,,,,,16.0,132.0,,41.0,,,,,,,,1.7058823529411764,,,18.5,,,,2.7142857142857144,,,,,,,,7.166666666666667,,13.0,,,7.777777777777778,34.5,,29.0,,,
Dolopichnus,,,,,,,,,,,,,,,,,,,,,,,,,,,,,,,,,,,,,,,,,,,,,,,,,,,,,,,,,,,,,,,,,,,,,,,,,,,,,,,,,,,,,,,,,,,
Dreginozoum,,,,,,,,,,,,,,,,,,,,,,,,,,,,,,,,,,,,,,,,,,,,,,,,,,,,,,,,,,,,,,,,,,,,,,,,,,,,,,,,,,,,,,,,,,,
Echinospira,,,,,,,,,,,,,,,,,,,,,,,,,,,,,,,,,,,,,,,,,,,,,,,,,,,,,,,,,,,,,,,,,,,,,,,,,,,,,,,,,,,,,,,,,,,
Edaphichnium,,,,,,,,,,,,,,,,,,,,,,,,,,,,,,,,,,,,,,,,,,,,,,,,,,,,,,,,,,,,,,,,,,,,,,,,,,,,,,,,,,,,,,,,,,,
Ellipsoideichnus,,,,,,,171.0,,,,,,,,,,,,,,,,,,,,,,,,,,,,,,,,,,,95.0,,,,,,,,,,,110.0,,,,,0.0,185.0,,,,,158.0,,,,,,,,,,,,,,,,,,,,,,,,,,,
Entradichnus,,,,,,,,,,,,,,,,,,,,,,,,,,,,,,,52.5,,,,,,,,,,,,20.5,,,,,,,,,,,,33.5,,,,,,,,,,,,,,,,0.0,,,,,,,,,,,,,,,,,,,,
Ereipichnus,,,,,,,,,,,,,,,,,,,,,,,,,,,,,,,,,,,,,,,,,,,,,,,,,,,,,,,,,,,,,,,,,,,,,,,,,,,,,,,,,,,,,,,,,,,
Estrellichnus,,,,,,,,,,,,,,,,,,,,,,,,,,,,,,,,,,,,,,,,,,,,,,,,,,,,,,,,,,,,,,,,,,,,,,,,,,,,,,,,,,,,,,,,,,,
Fictovichnus,,,,,,,,,,,,,,,,,,,,,,,,,,,,,,,,,,,,,,,,,,,,,,,,,,,,,,,,,,,,,,,,,,,,,,,,,,,,,,,,,,,,,,,,,,,
Fontanai,,,,,,,0.0,,,,,,,,,,,,,,,,,,,,,,,,,,,,,,,,,,,76.0,,,,,,,,,,,61.0,,,,,171.0,14.0,,,,,13.0,,,,,,,,,,,,,,,,,,,,,,,,,,,
Fucusopsis,,,,,,,,,,,,,,,,,,,,,,,,,,,,,,,,,,,,,,,,,,,,,,,,,,,,,,,,,,,,,,,,,,,,,,,,,,,,,,,,,,,,,,,,,,,
Fuersichnus,,,,,,,,,,,,,,,,,,,,,,,,,,,,2.8,,,4.4,,,21.4,,,,,,,,,2.7,,,,,,,,,,,,,,,,,,,,,,7.8,,,,,,,,18.6,,,0.0,,,,2.6,,,,,,,,,6.6,,
Furculosus,,,,,,,,,,,,,,,,,,,,,,,,,,,,,,,,,,,,,,,,,,,,,,,,,,,,,,,,,,,,,,,,,,,,,,,,,,,,,,,,,,,,,,,,,,,
Furnasichnus,,,,,,,,,,,,,,,,,,,,,,,,,,,,,,,,,,,,,,,,,,,,,,,,,,,,,,,,,,,,,,,,,,,,,,,,,,,,,,,,,,,,,,,,,,,
Glockerichnus,,,,,,,,,,,,,,,,,,,,,,,,,,,,,,,,,,,,,,,,,,,,,,,,,,,,,,,,,,,,,,,,,,,,,,,,,,,,,,,,,,,,,,,,,,,
Gyrochorte,,,0.0,10.0,21.4,,,9.333333333333334,,,,,,1.7,,,6.75,,,,89.0,15.0,,8.166666666666666,,,,26.142857142857142,149.0,,38.0,15.166666666666666,,,,,,9.5,,15.0,31.333333333333332,,5.8,,,,,,28.166666666666668,,,,,,79.0,5.0,,,,,7.6,,,,6.363636363636363,,,,,,,3.0,,,,,,,260.0,22.333333333333332,,,,236.0,68.0,,,,286.0,,
Gyrolithes,,,,,14.5,,,,,,,,,,,,,,,,,,,,,,,,,,33.0,,,,,,,41.0,,16.0,,,20.5,,,,,,,,,,,,,,0.0,,,,,,,,27.5,,,,,,,6.0,,,,,,,,,,,,,,6.5,,,,,
Gyrophyllites,,,,,,,,,,,,,,,,,,,,,,,,,,,,,,,,,,,,,,,,,,,,,,,,,,,,,,,,,,,,,,,,,,,,,,,,,,,,,,,,,,,,,,,,,,,
Haentzschelinia,,,,,,,,,,,,,,,,,,,,,,,,,,,,,,,,,,,,,,,,,,,,,,,,,,,,,,,,,,,,,,,,,,,,,,,,,,,,,,,,,,,,,,,,,,,
Halimedides,,,,,,,,,,,,,,,,,,,,,,,,,,,,,,,,,,,,,,,,,,,,,,,,,,,,,,,,,,,,,,,,,,,,,,,,,,,,,,,,,,,,,,,,,,,
Halopoa,,,,,28.5,,,,,,,,,,,33.166666666666664,,31.166666666666668,,,,,,,,,,,,,,6.333333333333333,,,,,,,,,,,3.8333333333333335,,0.0,,,,,,,,,,,,,,,,37.5,,,,24.5,,,,,,,36.5,23.333333333333332,,,,,,,11.5,,21.666666666666668,,,,,,,,24.5,
Hartsellea,,,,,,,,,,,,,,,,,,,,,,,,,,,,,,,,,,,,,,,,,,,,,,,,,,,,,,,,,,,,,,,,,,,,,,,,,,,,,,,,,,,,,,,,,,,
Heimdallia,,,,,,,,,,,,,,,,,,,,,,,,,,,,,,,,,,,,,,,,,,,,,,,,,,,,,,,,,,,,,,,,,,,,,,,,,,,,,,,,,,,,,,,,,,,
Helicodromites,,,,,66.0,,,44.0,,,,,,,,,,,,,,,,,,,,56.0,,15.0,82.0,,0.0,,,,,,,30.0,,,54.0,,,,,,42.0,,,,,31.0,,16.0,,,,,,,,,,,,,,,,109.0,,,,,,,,,,,,,93.0,,,,,,
Helicolithus,,,,,,,,,,,,,,,,,,,,,,,,,,,,,,,,,,,,,,,,,,,,,,,,,,,,,,,,,,,,,,,,,,,,,,,,,,,,,,,,,,,,,,,,,,,
Helminthopsis,,,149.0,,19.0,,,38.0,108.0,,13.0,,37.5,25.0,,55.0,,149.0,,,60.0,47.0,,,,,,34.0,0.0,,27.75,136.0,,,,,,,49.0,,9.0,,8.0,,,,12.0,,13.333333333333334,,,,,55.5,20.857142857142858,,,,,,,,,,32.0,73.0,,,,,,32.333333333333336,31.0,,,,,,15.0,7.5,,54.0,,,81.0,,,,12.4,,157.0
Helminthorhaphe,,,,,,,,,,,,,,,,,,,,,,,,,,,,,,,,,,,,,,,,,,,,,,,,,,,,,,,,,,,,,,,,,,,,,,,,,,,,,,,,,,,,,,,,,,,
Hillichnus,,,,,,,,,,,,,,,,,,,,,,,,,,,,,,,,,,,,,,,,,,,,,,,,,,,,,,,,,,,,,,,,,,,,,,,,,,,,,,,,,,,,,,,,,,,
Hormosiroidea,,,,,,,,,,,,,,,,,,,,,,,,,,,,,,,,,,,,,,,,,,,,,,,,,,,,,,,,,,,,,,,,,,,,,,,,,,,,,,,,,,,,,,,,,,,
Hydrancylus,,,,,,,,,,,,,,,,,,,,,,,,,,,,,,,,,,,,,,,,,,,,,,,,,,,,,,,,,,,,,,,,,,,,,,,,,,,,,,,,,,,,,,,,,,,
Ilmenichnus,,,,,,,,,,,,,,,,,,,,,,,,,,,,,,,,,,,,,,,,,,,,,,,,,,,,,,,,,,,,,,,,,,,,,,,,,,,,,,,,,,,,,,,,,,,
Imponoglyphus,,,,,,,,,,,,,,,,,,,,,,,,,,,,,,,,,,,,,,,,,,,,,,,,,,,,,,,,,,,,,,,,,,,,,,,,,,,,,,,,,,,,,,,,,,,
Isopodichnus,0.0,,,,,,,,,,,,,,,,,12.0,,,,,,,,,,,,,,,,,29.0,,,,,,,,41.0,,,,,,,,,,,16.0,,,,,,,,,,,18.166666666666668,,,,,,,25.833333333333332,,,33.0,,,,3.3333333333333335,,,21.0,,,,,,,,,
Jamesonichnites,,,,,,,,,,,,,,,,,,,,,,,,,,,,,,,,,,,,,,,,,,,,,,,,,,,,,,,,,,,,,,,,,,,,,,,,,,,,,,,,,,,,,,,,,,,
Katarrhedrites,,,,,,,,,,,,,,,,,,,,,,,,,,,,,,,,,,,,,,,,,,,,,,,,,,,,,,,,,,,,,,,,,,,,,,,,,,,,,,,,,,,,,,,,,,,
Katbergia,,,,,,,,,,0.0,,,,,,,,,,,,,,,,,,,,,,,,,,,,,,,,,,,,,,,,,,,,,,,,,,,,,,,,,,,,,,,,,,,,,,,,,,,,,,,,,
Keilorites,,,,,,,,,,,,,,,,,,,,,,,,,,,,,,,,,,,,,,,,,,,,,,,,,,,,,,,,,,,,,,,,,,,,,,,,,,,,,,,,,,,,,,,,,,,
Kladosystemites,,,,,,,,,,,,,,,,,,,,,,,,,,,,,,,,,,,,,,,,,,,,,,,,,,,,,,,,,,,,,,,,,,,,,,,,,,,,,,,,,,,,,,,,,,,
Kulindrichnus,,,,,,,,,,,,,,,,,,,,,,,,,,,,,,,,,,,,,,,,,,,,,,,,,,,,,,,,,,,,,,,,,,,,,,,,,,,,,,,,,,,,,,,,,,,
Labyrintichnus,,,,,,,,,,,,,,,,,,,,,,,,,,,,,,,,,,,,,,,,,,,,,,,,,,,,,,,,,,,,,,,,,,,,,,,,,,,,,,,,,,,0.0,,,,,,,,
Laevicyclus,,78.0,1.7,,62.0,,,8.4,,,,,12.5,0.0,,,99.0,,,,,22.0,,18.4,,,,6.428571428571429,25.0,,92.0,13.166666666666666,,,,,,16.0,,31.0,,,25.0,,,,37.0,,12.857142857142858,,,,,30.5,116.0,2.6,,,,,,,,,8.666666666666666,48.0,,,,,,1.4545454545454546,,,,,,,86.0,27.0,,11.5,,62.0,103.0,,,13.0,14.666666666666666,,
Lanicoidichna,,,,,,,,,,,,,,,,,,,,,,,,,,,,,,,,,,,,,,,,,,,,,,,,,,,,,,,,,,,,,,,,,,,,,,,,,,,,,,,,,,,,,,,,,,,
Lapispira,,,,,,,,,,,,,,,,,,,,,,,,,,,,,,,,,,,,,,,,,,,,,,,,,,,,,,,,,,,,,,,,,,,,,,,,,,,,,,,,,,,,,,,,,,,
Lennea,,,,,,,,,,,,,,,,,,,,,,,,,,,,,,,,,,,,,,,,,,,,,,,,,,,,,,,,,,,,,,,,,,,,,,,,,,,,,,,,,,,,,,,,,,,
Lingulichnus,,65.0,,,49.0,,,12.333333333333334,,,,,,13.0,,,,,,,,,,,,,,8.0,,,12.75,,,,,,,29.0,,44.0,,,37.0,,,,,,,,,,,,103.0,,,,,,,,,,5.75,,,,,,,118.0,,,,,,,,3.5,,6.0,,,90.0,,,0.0,,,
Lockeia,,8.5,22.333333333333332,,3.888888888888889,,,2.875,,,9.0,,,27.0,,4.125,,42.5,,,45.0,,,,,,,6.9375,7.5,,6.266666666666667,66.5,,,,,,7.166666666666667,,9.666666666666666,,,4.714285714285714,3.25,11.5,,,,17.5,,44.25,,,,13.75,,,,,,1.7272727272727273,,,,0.6428571428571429,,12.25,,,,,1.9473684210526316,25.5,,,2.6,39.75,,,0.0,,3.2,,,33.0,,,3.5,4.111111111111111,4.0,
Loloichnus,,,,,,,,,,,,,,,,,,,,0.0,,,,,,,,,,,,,,,,,,,,,,,,,,,,,,,,,,,,,,,,,,,,,,,,,,,,,,,,,,,,,,,,,,,,,,,
Lophoctenium,,,,,,,,,,,,,,,0.0,,,,13.0,,,,,,,,,,,,,,,,,,,,,,,,61.0,,,101.0,,,90.0,,,,,,,,,,,,,,,,,,,,,,,,,,,,,,,,,,,,,,,,,,
Lorenzinia,,,,,,,,,,,,,0.0,12.5,,,,,,,,4.0,,,,17.5,,,37.5,,,,,,,,,,,,,,,,,,49.5,,57.5,,,,,18.0,,,,,,,,,,,26.5,12.25,,,,,,,,,,,,,,,,,,,,,,,,,
Lunulichnus,,,,,,,,,,,,,,,,,,,,,,,,,,,,,,,,,,,,,,,,,,,,,,,,,,,,,,,,,,,,,,,,,,,,,,,,,,,,,,,,,,,,,,,,,,,
Macanopsis,,,,,,,,,,,,,,,,,,,,,,,,,,,,,,,,,,0.0,,,,,,,,,16.0,,,,,,,,,,,,,,,,,,,,,,13.6,,,,,,,,2.8,,,21.4,,,,,,,,,,,,,8.2,,
Macaronichnus,,,,,,,,,,,,61.0,,,,,,,,,,,,,,,,,,,,,,,,,,,,,,,,,,,,,,,,29.0,,,,,,,,,44.0,,,,15.0,,,,,0.0,,,,,,,,,,,,,,,75.0,,,,,,
Mammillichnis,,,10.0,0.0,25.666666666666668,,,18.0,,,,,,,,,19.0,,,,,5.0,,,,,,,,,,,,,,,,,,,21.333333333333332,,9.333333333333334,,,,,,,,,,,,,,,,,,,,,,13.333333333333334,,,,,,,,,,,,,,,,,,,,,,,,,,
Margaritichnus,,,,,,,,,,,,,,,,,,,,,,,,,,,,,,,,,,,,,,,,,,,,,,,,,,,,,,,,,,,,,,,,,,,,,,,,,,,,,,,,,,,,,,,,,,,
Megagrapton,,,15.0,5.0,20.666666666666668,,,13.0,,,,,4.0,22.0,,,24.0,,,,,0.0,,,,9.5,,,47.0,,,,,,,,,,,,16.333333333333332,,4.333333333333333,,,,59.0,,67.0,,,,,8.5,,,,,,,,,,,6.8,8.25,,,,,,,,,,,,,,,,,,,,,,,,,
Megaplanolites,,,,,,,,,,,,,,,,,,,,,,,,,,,,,,,,,,,,,,,,,,,,,,,,,,,,,,,,,,,,,,,,,,,,,,,,,,,,,,,,,,,,,,,,,,,
Mixoteichichnus,,,,,,,,,,,,,,,,,,,,,,,,,,,,,,,,,,,,,,,7.5,,,,,,,,,,,,,,,,,,,,,,,,,,,,,,0.0,,,,,,,,,,,,,,,,,,,,,,
Monesichnus,,,,,,,13.0,,,,,,,,,,,,,,,,,,,,,,,,,,,,,,,,,,,63.0,,,,,,,,,,,48.0,,,,,158.0,27.0,,,,,0.0,,,,,,,,,,,,,,,,,,,,,,,,,,,
Monocraterion,,,5.0,,50.0,,,4.666666666666667,,,,,,2.6,,,,,,,,,,15.8,,,,12.0,,31.0,66.0,13.2,16.0,,,,,,,3.75,,,38.0,,,,,,9.666666666666666,,,,,4.5,,0.0,,,,,,,,,3.0,,,,,,,15.5,,,,,,,,,,,,,77.0,,,,,,
Multina,,,,,,,,,,,,,,,,,,,,,,,,,,,,,,,,,,,,,,,,,,,,,,,,,,,,,,,,,,,,,,,,,,,,,,,,,,,,,,,,,,,,,,,,,,,
Naktodemasis,,,,,,,,,,,,,,,,,,,,,,,,,,,,,,,,,,,,,,,,,,,,,,,,,,,,,,,,,,,,,,,,,,,,,,,,,,,,,,,,,,,,,,,,,,,
Nenoxites,,,,,,,,,,,,,,,,,,,,,,,,,,,,,,,,,,,,,,,,,,,,,,,,,,,,,,,,,,,,,,,,,,,,,,,,,,,,,,,,,,,,,,,,,,,
Neonereites,,,,,,,,2.8333333333333335,,,,,,,,,,,,,,,,,,,,,,,,,,,,,,,,,,,,,,,,0.0,7.833333333333333,,,,,,,,,,,,,,,,,,,,,,,,,,,,,,,,,,,,,,,,5.833333333333333,,14.833333333333334
Nereites,,,,,,,,,,,,,,,,,215.0,,,,,,,,,42.666666666666664,,13.0,,,,,,,,,,,,,149.0,,,,,,,,202.0,,,,,78.0,,,,,,,48.0,,0.0,,,59.0,,,,,,35.5,,,,,,,,,,,,,,,,,,,159.0
Nummipera,,,,,,,,,,,,,,,,,,,,,,,,,,,,,,,,,,,,,,,,,,,,,,,,,,,,,,,,,,,,,,,,,,,,,,,,,,,,,,,,,,,,,,,,,,,
Oikobesalon,,,,,,,,,,,,,,,,,,,,,,,,,,,,,,,,,,,,,,,,,,,,,,,,,,,,,,,,,,,,,,,,,,,,,,,,,,,,,,,,,,,,,,,,,,,
Oldhamia,,,,,,,,17.666666666666668,,,,,,,,,56.0,,,,,,,,,23.0,,,157.0,,,,,,,,,,,,10.0,,,,,,,14.833333333333334,6.0,,,,,,,,,,,,,,159.0,,,,,,,,,,,,,,,,,,,,,,,,,,9.0,,0.0
Ophiomorpha,16.0,,,,35.0,,,13.0,,,,,18.0,30.5,,,,,,,,8.5,,,,,,43.5,55.5,46.0,25.5,,31.0,,,,,16.0,,8.25,,,11.5,,,,67.5,,50.333333333333336,,,,,0.0,,4.5,,,,,,,78.0,,1.8888888888888888,11.666666666666666,,,,,,9.75,,,,,,,19.333333333333332,,,,,,62.0,,,,,,
Oravaichnium,,,,,,,,,,,,,,,,,,,,,,,,,,,,,,,,,,,,,,,,,,,,,,,,,,,,,,,,,,,,,,,,,,,,,,,,,,,,,,,,,,,,,,,,,,,
Osculichnus,,,,,,,,,,,,,,,,,,,,,,,,,,,,,,,,,,,,,,,,,,,,,,,,,,,,,,,,,,,,,,,,,,,,,,,,,,,,,,,,,,,,,,,,,,,
Palaeophycus,18.166666666666668,7.0,6.363636363636363,13.333333333333334,1.608695652173913,,,8.5,14.0,,,1.2727272727272727,26.5,8.666666666666666,,5.444444444444445,24.25,9.0,,,36.0,6.8,,6.166666666666667,,,,3.4375,32.0,,0.4,1.5555555555555556,,13.6,,,,1.7058823529411764,,0.6818181818181818,18.11111111111111,,0.2553191489361702,,24.5,24.5,76.0,,11.2,,,14.0,,1.8888888888888888,15.0,3.0,27.5,,,,9.666666666666666,30.0,,,0.0,9.0,,4.5,,15.0,,0.6511627906976745,6.75,,,7.8,,,16.125,0.6428571428571429,17.0,1.2916666666666667,,117.0,2.411764705882353,21.0,38.0,5.75,2.25,49.0,
Paleodictyon,,,,,,,,,,,,,12.25,48.0,,,,,,,,8.25,,,,7.0,,190.0,73.0,,,,,,,,,,,,,,,,,,85.0,,93.0,,,,,11.666666666666666,,,,,,,,,59.0,,9.0,0.0,,,,,,,,,,,,,,,,,,,,,,,,,
Paleomeandron,,,,,,,,,,,,,,,,,,,,,,,,,,,,,,,,,,,,,,,,,,,,,,,,,,,,,,,,,,,,,,,,,,,,,,,,,,,,,,,,,,,,,,,,,,,
Paradictyodora,,,,,,,,,,,,,,,,,,,,,,,,,,,,,,,,,,,,,,,,,,,,,,,,,,,,,,,,,,,,,,,,,,,,,,,,,,,,,,,,,,,,,,,,,,,
Parahaentzschelinia,,,,,,,,,,,,,,,,,,,,,,,,,,,,,,,,,,,,,,,,,,,,,,,,,,,,,,,,,,,,,,,,,,,,,,,,,,,,,,,,,,,,,,,,,,,
Parataenidium,,,,,,,,,,,,,,,,,,,,,,,,,,,,,,,,,,,,,,,,,,,,,,,,,,,,,,,,,,,,,,,,,,,,,,,,,,,,,,,,,,,,,,,,,,,
Parmaichnus,,,,,,,,,,,,,,,,,,,,,,,,,,,,,,,,,,,,,,,,,,,,,,,,,,,,,,,,,,,,,,,,,,,,,,,,,,,,,,,,,,,,,,,,,,,
Parowanichnus,,,,,,,61.0,,,,,,,,,,,,,,,,,,,,,,,,,,,,,,,,,,,15.0,,,,,,,,,,,0.0,,,,,110.0,75.0,,,,,48.0,,,,,,,,,,,,,,,,,,,,,,,,,,,
Patagonichnus,,,,,,,,,,,,,,,,,,,,,,,,,,,,,,,,,,,,,,,,,,,,,,,,,,,,,,,,,,,,,,,,,,,,,,,,,,,,,,,,,,,,,,,,,,,
Pennatulites,,,,,,,,,,,,,,,,,,,,,,,,,,,,,,,,,,,,,,,,,,,,,,,,,,,,,,,,,,,,,,,,,,,,,,,,,,,,,,,,,,,,,,,,,,,
Pentichnus,,,,,,,,,,,,,,,,,,,,,,,,,,,,,,,,,,,,,,,,,,,,,,,,,,,,,,,,,,,,,,,,,,,,,,,,,,,,,,,,,,,,,,,,,,,
Phoebichnus,,,,,,,,,,,,,,,,,,,,,,,,,,,,,,,,,,,,,,,,,,,,,,,,,,,,,,,,,,,,,,,,,,,,,,,,,,,,,,,,,,,,,,,,,,,
Pholeus,,,,,17.625,,,42.0,,,,,,,,,,,,,,,,,,,,,,,,,,,,,,,4.25,,,,,47.5,,,,,,,0.0,,,,,,,,,,39.5,,,,,,56.5,,,,,30.25,,,,,4.5,,,44.25,,,,,,,,,53.5,50.25,
Phycodes,,,9.333333333333334,18.0,2.3,,,0.0,,,,3.8333333333333335,,8.4,,29.5,37.0,,,,22.0,13.0,,10.0,,,,6.9,38.0,59.0,7.5,7.4,44.0,,,,,4.666666666666667,,6.142857142857143,0.9090909090909091,,12.636363636363637,5.5,,,,2.8333333333333335,4.923076923076923,,42.0,,,13.0,32.0,4.666666666666667,,,,,2.5,,,,8.5,,14.5,40.0,,,,6.529411764705882,,,,,37.5,,,2.875,,20.444444444444443,,,15.875,,,12.333333333333334,5.2,8.25,17.666666666666668
Phycosiphon,,,31.333333333333332,21.333333333333332,2.1666666666666665,,,0.9090909090909091,,,,2.1666666666666665,,,,36.0,16.5,,,,,16.333333333333332,,,,13.0,,,9.0,,7.7272727272727275,,,,,,,6.333333333333333,65.0,7.571428571428571,0.0,,2.2666666666666666,,,15.6,,,53.0,,,,,,16.0,,,,,2.6,,,149.0,,18.11111111111111,,,1.7142857142857142,,,,9.307692307692308,,,,,,,,,,32.333333333333336,,,19.571428571428573,,,,,,10.0
Phymatoderma,,,,,,,,,,,,,,,,,,,,,,,,,,,,,,,,,,,,,,,,,,,,,,,,,,,,,,,,,,,,,,,,,,,,,,,,,,,,,,,,,,,,,,,,,,,
Pilichnus,,,,,,,,,,,,,,,,,,,,,,,,,,,,,,,,,,,,,,,,,,,,,,,,,,,,,,,,,,,,,,,,,,,,,,,,,,,,,,,,,,,,,,,,,,,
Piscichnus,,,,,,,,,,,,,,,,,,,,,,,,,,,,,,,,,,,,,,,,,,,,,,,,,,,,,,,,,,,,,,,,,,,,,,,,,,,,,,,,,,,,,,,,,,,
Planolites,41.0,28.0,5.8,9.333333333333334,0.5423728813559322,,,12.636363636363637,,,,27.0,,25.0,61.0,0.8,21.25,20.5,48.0,,12.0,4.333333333333333,,23.0,,,,3.4166666666666665,8.0,69.0,0.9629629629629629,1.875,54.0,16.0,12.0,,,2.05,9.833333333333334,7.384615384615385,2.2666666666666666,,0.0,,3.8333333333333335,10.0,,,1.6111111111111112,,,,,11.5,2.75,38.0,20.5,,,,5.666666666666667,37.5,,,0.2553191489361702,,,45.0,,,20.5,0.3137254901960784,9.75,,74.0,2.7,,,4.75,4.714285714285714,12.5,2.25,,18.0,1.9333333333333333,14.0,45.5,37.0,1.1428571428571428,56.0,
Platicytes,,,,,,,,,,,,,,,,,,,,,,,,,,,,,,,,,,,,,,,,,,,,,,,,,,,,,,,,,,,,,,,,,,,,,,,,,,,,,,,,,,,,,,,,,,,
Polarichnus,,,,,,,,,,,,,,,,,,,,,,,,,,,,,,,,,,,,,,,,,,,,,,,,,,,,,,,,,,,,,,,,,,,,,,,,,,,,,,,,,,,,,,,,,,,
Polychoredrites,,,,,,,,,,,,,,,,,,,,,,,,,,,,,,,,,,,,,,,,,,,,,,,,,,,,,,,,,,,,,,,,,,,,,,,,,,,,,,,,,,,,,,,,,,,
Polykampton,,,,,,,,,,,,,,,,,,,,,,,,,,,,,,,,,,,,,,,,,,,,,,,,,,,,,,,,,,,,,,,,,,,,,,,,,,,,,,,,,,,,,,,,,,,
Polykladichnus,,,,,,,,,,,,,,,,,,,,,,,,,,,,,,,,,,,,,,,,,,,,,,,,,,,,,,,,,,,,,,,,,,,,,,,,,,,,,,,,,,,,,,,,,,,
Pramollichnus,,,,,,,,,,,,,,,,,,,,,,,,,,,,,,,,,,,,,,,,,,,,,,,,,,,,,,,,,,,,,,,,,,,,,,,,,,,,,,,,,,,,,,,,,,,
Protopaleodictyon,,,,,,,,,,,,,17.5,,,,79.0,,,,,9.5,,,,0.0,,,,,,,,,,,,,,,13.0,,,,,,,,66.0,,,,,,,,,,,,16.0,,42.666666666666664,,,7.0,,,,,,28.5,,,,,,,,,,,,,,,,,,,23.0
Protovirgularia,,,7.6,,6.6,,,2.5,,,,17.0,,,,3.6666666666666665,,16.5,,,,,,,,16.0,,,,,,40.5,,,,,,,,,,,5.666666666666667,8.0,37.5,,,,,,39.5,15.0,,,,,,,,,0.0,,48.0,,9.666666666666666,,17.0,,,44.0,,2.0833333333333335,51.5,,,,35.0,,,1.7272727272727273,,56.5,,,31.0,,,,14.0,7.166666666666667,
Psammichnites,,,,,,,,,,,,7.333333333333333,,,,,,,,,,,,,,,,,,,,,,,,,,,,,,,,,,,,,,,,0.0,,,,,,,,,15.0,,,,14.0,,,,,29.0,,,,,,,,,,,,,,,46.0,,,,,,
Psilonichnus,,,,,,,,,,,,,,,,,,,,,,,,,,,,,,,,,,,,,,,,,,,,,,,,,,,,,,,,,,,,,,,,,,,,,,,,,,,,,,,,,,,,,,,,,,,
Ptychoplasma,,,,,,,,,,,,,,,,,,,,,,,0.0,,,,,,,,,,,,,,,,,,,,,,,,,,,,,,,,,,,,,,,,,,,,,,,,,,,,,,,,,,,,,,,,,,,,
Rebuffoichnus,,,,,,,,,,,,,,,,,,,,,,,,,,,,,,,,,,,,,,,,,,,,,,,,,,,,,,,,,,,,,,,,,,,,,,,,,,,,,,,,,,,,,,,,,,,
Rhizocorallium,,16.0,21.4,25.666666666666668,0.0,,,2.3,,,25.0,7.0,,62.0,,1.2941176470588236,44.666666666666664,2.6666666666666665,,,,20.666666666666668,,,,,,20.333333333333332,19.0,81.0,1.5416666666666667,22.166666666666668,66.0,,,7.5,,3.0434782608695654,2.090909090909091,8.714285714285714,2.1666666666666665,,0.5423728813559322,12.25,28.5,1.9545454545454546,,,5.142857142857143,1.6842105263157894,17.625,,,35.0,13.5,50.0,14.5,,,,6.6,,,,1.608695652173913,,21.25,51.0,,,,0.13008130081300814,1.24,,,,30.75,,,3.888888888888889,,1.4642857142857142,,,5.4,8.0,,49.0,18.25,10.0,
Rosselia,,,,,7.0,,,3.8333333333333335,,,,0.0,,,,10.5,,,,,,,,,,,,6.5,,,9.8,,,,,3.0,,5.1,,2.9,2.1666666666666665,,27.0,,,,,,,,,7.333333333333333,,,,,,,,,17.0,,,,1.2727272727272727,,,6.833333333333333,,61.0,,2.6,,,,,,,,,,34.5,,,0.9090909090909091,,,,,,
Rusophycus,12.0,,,,2.6666666666666665,,,,41.0,,,,,,,2.0,,0.0,,,,,,,,,,,149.0,,,21.285714285714285,,,41.0,,,,,,,,20.5,,31.166666666666668,,,,,13.166666666666666,,,,,210.0,,,,,,16.5,,,,9.0,,,,,,,5.333333333333333,5.875,,21.0,,,,134.0,42.5,,3.8,,,,,,,211.0,78.5,
Rutichnus,,,,,,,,,,,,,,,,,,,,,,,,,,,,,,,,,,,,,,,,,,,,,,,,,,,,,,,,,,,,,,,,,,,,,,,,,,,,,,,,,,,,,,,,,,,
Sagittichnus,,,,,,,,,,,,,,,,,,,,,,,,,,,,,,,,,,,,,,,,,,,,,,,,,,,,,,,,,,,,,,,,,,,,,,,,,,,,,,,,,,,,,,,,,,,
Saronichnus,,,,,,,,,,,,,,,,,,,,,,,,,,,,,,,,,,,,,,,,,,,,,,,,,,,,,,,,,,,,,,,,,,,,,,,,,,,,,,,,,,,,,,,,,,,
Scalarituba,,,,,,,,,,,,,,,,,,,,,,,,,,,,,,,2.6,,,,,,,,,,2.6,,,,,13.0,,,,,,,,,,,,,,0.0,,,,,,,,5.0,,,,4.8,,,,,,,,,,,,,,,,,,,
Scalichnus,,,,,,,,,,,,,,,,,,,,,,,,,,,,,,,,,,,,,,,,,,,,,,,,,,,,,,,,,,,,,,,,,,,,,,,,,,,,,,,,,,,,,,,,,,,
Scaphichnium,,,,,,,,,,,,,,,,,,,,,,,,,,,,,,,,,,,,,,,,,,,,,,,,,,,,,,,,,,,,,,,,,,,,,,,,,,,,,,,,,,,,,,,,,,,
Schaubcylindrichnus,,,,,,,,,,,,,,,,,,,,,,,,,,,,,,,,,,,,,,,,,,,,,,,,,,,,,,,,,,,,,,,,,,,,,,,,,,,,,,,,,,,,,,,,,,,
Scolicia,,,89.0,,,,,22.0,,,,,,,,,,,,,0.0,,,,,,,94.0,60.0,,,,,,,,,,,,,,12.0,,,,,,80.0,,,,,,10.0,,,,,,,,,,36.0,,,,,,,37.0,,,,,,,,45.0,,,,,21.0,,,,,,
Scoyenia,,,,,,,,,,,,,,,,10.0,,,,,,,,,,,,,,,5.8,,,,,,,,,,,,12.5,,,,,,,,,,,,37.0,,,,,,,,,,17.0,,,,,,,,,,,,,,,,0.0,,,,,,,,,,
Sinusichnus,,,,,,,,,,,,,,,,,,,,,,,,,,,,,,,,,,,,,,,,,,,,,,,,,,,,,,,,,,,,,,,,,,,,,,,,,,,,,,,,,,,,,,,,,,,
Siphonichnus,,0.0,,,16.0,,,,,,,,,78.0,,7.0,,,,,,,,,,,,20.5,,,14.0,,,,,,,15.666666666666666,,18.166666666666668,,,28.0,,,,,,,,,,,,38.0,,,,,,,,,,7.0,,,,,,,8.833333333333334,,,,,,,,8.5,,12.8,,,25.0,,,65.0,,,
Skolichnus,,,,,,,,,,,,,,,,,,,,,,,,,,,,,,,,,,,,,,,,,,,,,,,,,,,,,,,,,,,,,,,,,,,,,,,,,,,,,,,,,,,,,,,,,,,
Skolithos,,14.0,38.0,,1.5416666666666667,,,7.5,,,,9.8,,92.0,,5.5,,,,,,,,11.0,,,,0.7727272727272727,27.75,97.0,0.0,,82.0,,,6.5,,0.7894736842105263,,2.1333333333333333,7.7272727272727275,,0.9629629629629629,,,11.5,,,8.857142857142858,,,,,25.5,0.5238095238095238,66.0,33.0,,,2.6,,,,,0.4,,,5.428571428571429,,,52.5,1.0,,,,4.4,,,,6.266666666666667,5.8,0.5185185185185185,,,5.0,26.5,,12.75,4.222222222222222,,
Socialites,,,,,,,,,,,,,,,,,,,,,,,,,,,,,,,,,,,,,,,,,,,,,,,,,,,,,,,,,,,,,,,,,,,,,,,,,,,,,,,,,,,,,,,,,,,
Spirodesmos,,,,,,,,,,,,,,,,,,,,,,,,,,,,,,,,,,,,,,,,,,,,,,,,,,,,,,,,,,,,,,,,,,,,,,,,,,,,,,,,,,,,,,,,,,,
Spirographites,,,,,,,,,,,,,,,,,,,,,,,,,,,,,,,,,,,,,,,,,,,,,,,,,,,,,,,,,,,,,,,,,,,,,,,,,,,,,,,,,,,,,,,,,,,
Spirophycus,,,,,,,,,,,,,,,,,,,,,,,,,,,,,,,,,,,,,,,,,,,,,,,,,,,,,,,,,,,,,,,,,,,,,,,,,,,,,,,,,,,,,,,,,,,
Spirophyton,,,,,,,,,,,,,,,,,,,,,,,,,,,,,,,,,,,,,,,,,,,,,,,,,,,,,,,,,,,,,,,,,,,,,,,,,,,,,,,,,,,,,,,,,,,
Spirorhaphe,,,,,,,,,,,,,,,13.0,,,,0.0,,,,,,,,,,,,,,,,,,,,,,,,48.0,,,88.0,,,77.0,,,,,,,,,,,,,,,,,,,,,,,,,,,,,,,,,,,,,,,,,,
Spongeliomorpha,,7.0,,,1.2941176470588236,,,29.5,,,42.0,10.5,,,,0.0,,2.0,,,,,,,,,,22.6,55.0,,5.5,26.833333333333332,,,,,,10.571428571428571,,12.714285714285714,36.0,,0.8,,33.166666666666664,,,,,1.0,,,,,37.0,,,,,,3.6666666666666665,,,,5.444444444444445,,,69.5,,,,0.43478260869565216,2.36,,,,,,,4.125,10.0,0.4883720930232558,,,8.5,,,,,84.5,
Steinichnus,,,,,,,,,,,,,,,,,,,,,,,,,,,,,,,,,,,,,,,,,,,,,,,,,,,,,,,,,,,,,,,,,,,,,,,,,,,,,,,,,,,,,,,,,,,
Stelloglyphus,,,,,,,,,,,,,,,,,,,,,,,,,,,,,,,,,,,,,,,,,,,,,,,,,,,,,,,,,,,,,,,,,,,,,,,,,,,,,,,,,,,,,,,,,,,
Streptichnus,,,,,,,,,,,,,,,,,,,,,,,,,,,,,,,,,,,,,,,,,,,,,,,,,,,,,,,,,,,,,,,,,,,,,,,,,,,,,,,,,,,,,,,,,,,
Strobilorhaphe,,,,,,,,,,,,,,,,,,,,,,,,,,,,,,,,,,,,,,,,,,,,,,,,,,,,,,,,,,,,,,,,,,,,,,,,,,,,,,,,,,,,,,,,,,,
Syringomorpha,,,,,,,,,,,,,,,,,,,,,,,,,,,,,,,,,,,,,,,,,,,,,,,,,,,,,,,,,,,,,,,,,,,,,,,,,,,,,,,,,,,,,,,,,,,
Taenidium,,38.0,79.0,,13.5,,,32.0,,,32.0,,,116.0,,37.0,,210.0,,,10.0,,,,,,,26.0,20.857142857142858,,0.5238095238095238,,,,,,,132.0,81.0,147.0,16.0,,2.75,,,,,,45.0,,,,,,0.0,,,,,,,,,,15.0,,,,,,33.5,9.0,97.0,,,,,,,13.75,37.0,180.0,,,5.5,,,103.0,6.0,,
Tasselia,,,,,,,,,,,,,,,,,,,,,,,,,,,,,,,,,,,,,,,,,,,,,,,,,,,,,,,,,,,,,,,,,,,,,,,,,,,,,,,,,,,,,,,,,,,
Teichichnus,,25.0,68.0,,5.4,,,15.875,,,,0.9090909090909091,,103.0,,8.5,,,,,21.0,,,,,,,28.75,81.0,108.0,5.0,,93.0,,,,,7.777777777777778,,2.6,19.571428571428573,,1.9333333333333333,,,27.0,,,33.666666666666664,38.0,,46.0,,62.0,5.5,77.0,,,,,31.0,21.5,,,2.411764705882353,,,8.5,,75.0,,0.8666666666666667,,,,,,,,33.0,,8.142857142857142,,,0.0,,13.5,90.0,,,
Teisseirei,,,,,,,14.0,,,,,,,,,,,,,,,,,,,,,,,,,,,,,,,,,,,90.0,,,,,,,,,,,75.0,,,,,185.0,0.0,,,,,27.0,,,,,,,,,,,,,,,,,,,,,,,,,,,
Termitichnus,,,,,,,,,,,,,,,,,,,,,,,,,0.0,,,,,,,,,,,,,,,,,,,,,,,,,,,,,,,,,,,,,,,,,,,,,,,,,,,,,,,,,,,,,,,,,,
Thalassinoides,25.833333333333332,8.833333333333334,3.0,,0.13008130081300814,,,6.529411764705882,,,,2.6,,1.4545454545454546,,0.43478260869565216,203.0,5.333333333333333,,,37.0,,,5.8,,28.5,,3.7,32.333333333333336,124.0,1.0,13.923076923076923,109.0,,,,,2.7142857142857144,6.142857142857143,2.75,9.307692307692308,,0.3137254901960784,17.25,36.5,1.5,,,4.333333333333333,0.8421052631578947,30.25,,,9.75,9.0,15.5,6.0,,,4.8,2.0833333333333335,,35.5,,0.6511627906976745,,26.25,6.090909090909091,,,,0.0,3.16,,,,25.75,,17.5,1.9473684210526316,,1.825,,166.0,0.8666666666666667,12.5,,118.0,18.6,11.428571428571429,
Tisoa,,,,,,,,,,,,,,,,,,,,,,,,,,,,,,,,,,,,,,,,,,,,,,,,,,,,,,,,,,,,,,,,,,,,,,,,,,,,,,0.0,,,,,,,,,,,,,
Torrowangea,,,,,,,,,,,,,,,,,,,,,,,,,,,,,,,,,,,,,,,,,,,,,,,,,,,,,,,,,,,,,,,,,,,,,,,,,,,,,,,,,,,,,,,,,,,
Treptichnus,,,15.166666666666666,,22.166666666666668,,,7.4,28.0,,,,,13.166666666666666,,26.833333333333332,223.0,21.285714285714285,,,,,,2.6,,,,19.5,136.0,,,0.0,,,,,,,,,,,1.875,,6.333333333333333,,,,17.166666666666668,,,,,,,13.2,,,,,40.5,,,,1.5555555555555556,,,,,,,13.923076923076923,14.571428571428571,,,,,,60.5,66.5,,11.5,,186.0,,,,,99.0,102.5,
Trichichnus,,,8.166666666666666,,,,,10.0,,,,,,18.4,,,,,,,,,,0.0,,,,26.0,,,11.0,2.6,,,,,,,,64.0,,,23.0,,,,,,23.2,,,,,,,15.8,,,,,,,,,6.166666666666667,,,,,,,5.8,,,,,,,,,,,,,,,,,,,
Trichophycus,,,,,1.6842105263157894,,,,,,,,,,,1.0,,13.166666666666666,,,,,,,,,,,,,,,,,,,,,,,,,,,,,,,,0.0,,,,,,,,,,,,,,,,,,,,,,0.8421052631578947,4.380952380952381,,,,,,,,,3.7777777777777777,,,38.0,,,,,,
Tuberculichnus,,,,,,,,,,,,,,,,,,,,,,,,,,,,,,,,,,,,,,,,,,,,,,,,,,,,,,,,,,,,,,,,,,,,,,,,,,,,,,,,,,,,,,,,,,,
Unisulcus,29.0,,,,,,,,,,,,,,,,,41.0,,,,,,,,,,,,,,,,,0.0,,,,,,,,12.0,,,,,,,,,,,,,,,,,,,,,,,,,,,,,,,,62.0,,,,,,,50.0,,,,,,,,,
Urohelminthoida,,,,,,,,,,,,,,,,,,,,,,,,,,,,,,,,,,,,,,,,,,,,,,,,,,,,,,,,,,,,,,,,,,,,,,,,,,,,,,,,,,,,,,,,,,,
Vagorichnus,,,,,,,,,,,,,,,,,,,,,,,,,,,,,,,,,,,,,0.0,,,,,,,,,,,,,,,,,,,,,,,,,,,,,,,,,,,,,,,,,,,,,,,,,,,,,,
Virgaichnus,,,,,,,,,,,,,,,,,,,,,,,,,,,,,,,,,,,,,,,,,,,,,,,,,,,,,,,,,,,,,,,,,,,,,,,,,,,,,,,,,,,,,,,,,,,
Volkichnium,,,,,,,,,,,,,,,,,,,,,,,,,,,,,,,,,,,,,,,,,,,,,,,,,,,,,,,,,,,,,,,,,,,,,,,,,,,,,,,,,,,,,,,,,,,
Walpia,,,,,,,,,,,,,,,,,,,,,,,,,,,,,,,,,,,,,,,,,,,,,,,,,,,,,,,,,,,,,,,,,,,,,,,,,,,,,,,,,,,,,,,,,,,
Yangziichnus,,,,,,,,,,,,,,,,,,,,,,,,,,,,,,,,,,,,,,,,,,,,,,,,,,,,,,,,,,,,,,,,,,,,,,,,,,,,,,,,,,,,,,,,,,,
Zavitokichnus,,,,,,,,,,,,,,,,,,,,,,,,,,,,,,,,,,,,,,,,,,,,,,,,,,,,,,,,,,,,,,,,,,,,,,,,,,,,,,,,,,,,,,,,,,,
Zoophycos,,,,,1.9545454545454546,,,,,,,,,,101.0,,,,88.0,,,,,,,,,,,,11.5,,,,,,,,,,15.6,,10.0,,,0.0,,,11.0,,,,,,,,,,,13.0,,5.5,,,24.5,,,18.0,,,,1.5,,,,,,,,,,,,,27.0,,13.5,,,,
